# 20220612 213741
# 2022.06.12 ICET RuOx calibration, keithley 2000 for RuOx Resistance, keithley 2400 for heater voltage, Lockins for cernox on noise probe 
# timestamp_2			V_T_x_2			V_T_y_2			I_T_x_2			I_T_y_2			R_RuOx_2			V_heater_2			
1.655079393341421366e+09	8.757749999999999693e-04	7.271800000000000410e-06	-6.033839999999999984e-07	-5.937209999999999601e-09	1.190107970000000023e+03	0.000000000000000000e+00
1.655079394960302114e+09	8.758939999999999998e-04	7.271800000000000410e-06	-6.033839999999999984e-07	-5.937209999999999601e-09	1.190142890000000079e+03	0.000000000000000000e+00
1.655079396571776152e+09	8.758939999999999998e-04	7.212190000000000315e-06	-6.033839999999999984e-07	-5.937209999999999601e-09	1.190152990000000045e+03	0.000000000000000000e+00
1.655079398175415039e+09	8.758939999999999998e-04	7.212190000000000315e-06	-6.033839999999999984e-07	-5.937209999999999601e-09	1.190140820000000076e+03	0.000000000000000000e+00
1.655079399788695097e+09	8.760729999999999993e-04	7.212190000000000315e-06	-6.033839999999999984e-07	-5.937209999999999601e-09	1.190152149999999892e+03	0.000000000000000000e+00
1.655079401406056404e+09	8.759539999999999688e-04	7.212190000000000315e-06	-6.033839999999999984e-07	-5.937209999999999601e-09	1.190136839999999893e+03	0.000000000000000000e+00
1.655079403022753000e+09	8.759539999999999688e-04	7.271800000000000410e-06	-6.033839999999999984e-07	-5.937209999999999601e-09	1.190126929999999902e+03	0.000000000000000000e+00
1.655079404640410662e+09	8.760729999999999993e-04	7.212190000000000315e-06	-6.033839999999999984e-07	-5.937209999999999601e-09	1.190135749999999916e+03	0.000000000000000000e+00
1.655079406247582674e+09	8.760729999999999993e-04	7.212190000000000315e-06	-6.033839999999999984e-07	-5.937209999999999601e-09	1.190136539999999968e+03	0.000000000000000000e+00
1.655079407858262539e+09	8.760729999999999993e-04	7.271800000000000410e-06	-6.033839999999999984e-07	-5.937209999999999601e-09	1.190136799999999994e+03	0.000000000000000000e+00
1.655079414486808777e+09	8.757749999999999693e-04	7.331399999999999805e-06	-6.033839999999999984e-07	-5.937209999999999601e-09	1.190089889999999968e+03	1.000000000000000021e-02
1.655079416089890957e+09	8.757150000000000004e-04	7.271800000000000410e-06	-6.033839999999999984e-07	-5.937209999999999601e-09	1.190104910000000018e+03	1.000000000000000021e-02
1.655079417709954977e+09	8.757749999999999693e-04	7.271800000000000410e-06	-6.033839999999999984e-07	-5.937209999999999601e-09	1.190085800000000063e+03	1.000000000000000021e-02
1.655079419319840908e+09	8.758340000000000309e-04	7.271800000000000410e-06	-6.033839999999999984e-07	-5.937209999999999601e-09	1.190109130000000050e+03	1.000000000000000021e-02
1.655079420925192356e+09	8.758939999999999998e-04	7.212190000000000315e-06	-6.033839999999999984e-07	-5.937209999999999601e-09	1.190136700000000019e+03	1.000000000000000021e-02
1.655079422531718969e+09	8.758939999999999998e-04	7.212190000000000315e-06	-6.033839999999999984e-07	-5.937209999999999601e-09	1.190128470000000107e+03	1.000000000000000021e-02
1.655079424138540506e+09	8.758939999999999998e-04	7.212190000000000315e-06	-6.033839999999999984e-07	-5.937209999999999601e-09	1.190143540000000030e+03	1.000000000000000021e-02
1.655079425739962101e+09	8.758939999999999998e-04	7.212190000000000315e-06	-6.034420000000000112e-07	-5.937209999999999601e-09	1.190145359999999982e+03	1.000000000000000021e-02
1.655079427367065191e+09	8.759539999999999688e-04	7.212190000000000315e-06	-6.034420000000000112e-07	-5.937209999999999601e-09	1.190131710000000112e+03	1.000000000000000021e-02
1.655079428974883795e+09	8.758939999999999998e-04	7.152590000000000072e-06	-6.033839999999999984e-07	-5.937209999999999601e-09	1.190124870000000101e+03	1.000000000000000021e-02
1.655079435603048086e+09	8.754169999999999703e-04	7.271800000000000410e-06	-6.034420000000000112e-07	-5.879000000000000068e-09	1.190025619999999890e+03	2.000000000000000042e-02
1.655079437227518559e+09	8.753580000000000172e-04	7.271800000000000410e-06	-6.033839999999999984e-07	-5.937209999999999601e-09	1.190047520000000077e+03	2.000000000000000042e-02
1.655079438832361698e+09	8.754169999999999703e-04	7.391009999999999900e-06	-6.033839999999999984e-07	-5.937209999999999601e-09	1.190045980000000100e+03	2.000000000000000042e-02
1.655079440437928915e+09	8.754770000000000477e-04	7.271800000000000410e-06	-6.033839999999999984e-07	-5.937209999999999601e-09	1.190027630000000045e+03	2.000000000000000042e-02
1.655079442053786993e+09	8.754169999999999703e-04	7.212190000000000315e-06	-6.033839999999999984e-07	-5.937209999999999601e-09	1.190004869999999983e+03	2.000000000000000042e-02
1.655079443671738148e+09	8.753580000000000172e-04	7.212190000000000315e-06	-6.033839999999999984e-07	-5.937209999999999601e-09	1.190007650000000012e+03	2.000000000000000042e-02
1.655079445288352966e+09	8.752980000000000482e-04	7.271800000000000410e-06	-6.033839999999999984e-07	-5.937209999999999601e-09	1.190004069999999956e+03	2.000000000000000042e-02
1.655079446903737068e+09	8.752379999999999709e-04	7.212190000000000315e-06	-6.033839999999999984e-07	-5.937209999999999601e-09	1.189991880000000037e+03	2.000000000000000042e-02
1.655079448512477875e+09	8.752980000000000482e-04	7.271800000000000410e-06	-6.033839999999999984e-07	-5.937209999999999601e-09	1.189995419999999967e+03	2.000000000000000042e-02
1.655079450121526003e+09	8.751790000000000177e-04	7.212190000000000315e-06	-6.033839999999999984e-07	-5.937209999999999601e-09	1.190001680000000079e+03	2.000000000000000042e-02
1.655079456757010221e+09	8.745229999999999887e-04	7.212190000000000315e-06	-6.033839999999999984e-07	-5.937209999999999601e-09	1.189865350000000035e+03	2.999999999999999889e-02
1.655079458380527735e+09	8.744630000000000198e-04	7.212190000000000315e-06	-6.033839999999999984e-07	-5.937209999999999601e-09	1.189859680000000026e+03	2.999999999999999889e-02
1.655079459991569519e+09	8.744039999999999582e-04	7.271800000000000410e-06	-6.033839999999999984e-07	-5.937209999999999601e-09	1.189855929999999944e+03	2.999999999999999889e-02
1.655079461601803303e+09	8.743439999999999893e-04	7.212190000000000315e-06	-6.033839999999999984e-07	-5.937209999999999601e-09	1.189851400000000012e+03	2.999999999999999889e-02
1.655079463207704306e+09	8.744039999999999582e-04	7.212190000000000315e-06	-6.033839999999999984e-07	-5.937209999999999601e-09	1.189874060000000100e+03	2.999999999999999889e-02
1.655079464814859867e+09	8.745229999999999887e-04	7.271800000000000410e-06	-6.033839999999999984e-07	-5.937209999999999601e-09	1.189863740000000007e+03	2.999999999999999889e-02
1.655079466420994043e+09	8.744039999999999582e-04	7.212190000000000315e-06	-6.033839999999999984e-07	-5.937209999999999601e-09	1.189858449999999948e+03	2.999999999999999889e-02
1.655079468034744263e+09	8.744039999999999582e-04	7.271800000000000410e-06	-6.033839999999999984e-07	-5.937209999999999601e-09	1.189838240000000042e+03	2.999999999999999889e-02
1.655079469641410112e+09	8.743439999999999893e-04	7.212190000000000315e-06	-6.033839999999999984e-07	-5.937209999999999601e-09	1.189815450000000055e+03	2.999999999999999889e-02
1.655079471244776726e+09	8.743439999999999893e-04	7.152590000000000072e-06	-6.033839999999999984e-07	-5.937209999999999601e-09	1.189808250000000044e+03	2.999999999999999889e-02
1.655079477868636370e+09	8.733309999999999771e-04	7.212190000000000315e-06	-6.033839999999999984e-07	-5.937209999999999601e-09	1.189618500000000040e+03	4.000000000000000083e-02
1.655079479479524374e+09	8.730930000000000244e-04	7.212190000000000315e-06	-6.033839999999999984e-07	-5.937209999999999601e-09	1.189611630000000105e+03	4.000000000000000083e-02
1.655079481085052967e+09	8.730930000000000244e-04	7.152590000000000072e-06	-6.033839999999999984e-07	-5.937209999999999601e-09	1.189604209999999966e+03	4.000000000000000083e-02
1.655079482692413092e+09	8.730930000000000244e-04	7.152590000000000072e-06	-6.033839999999999984e-07	-5.879000000000000068e-09	1.189586060000000089e+03	4.000000000000000083e-02
1.655079484310527325e+09	8.728539999999999476e-04	7.212190000000000315e-06	-6.033839999999999984e-07	-5.937209999999999601e-09	1.189587309999999889e+03	4.000000000000000083e-02
1.655079485918107748e+09	8.728539999999999476e-04	7.152590000000000072e-06	-6.033839999999999984e-07	-5.937209999999999601e-09	1.189567039999999906e+03	4.000000000000000083e-02
1.655079487528758526e+09	8.727949999999999944e-04	7.212190000000000315e-06	-6.033839999999999984e-07	-5.937209999999999601e-09	1.189573799999999892e+03	4.000000000000000083e-02
1.655079489146911383e+09	8.727350000000000255e-04	7.212190000000000315e-06	-6.033839999999999984e-07	-5.937209999999999601e-09	1.189569970000000012e+03	4.000000000000000083e-02
1.655079490758654833e+09	8.727949999999999944e-04	7.212190000000000315e-06	-6.033839999999999984e-07	-5.937209999999999601e-09	1.189565569999999980e+03	4.000000000000000083e-02
1.655079492373540640e+09	8.726749999999999481e-04	7.152590000000000072e-06	-6.033839999999999984e-07	-5.937209999999999601e-09	1.189543089999999893e+03	4.000000000000000083e-02
1.655079499003783226e+09	8.716620000000000444e-04	7.212190000000000315e-06	-6.033839999999999984e-07	-5.937209999999999601e-09	1.189330269999999928e+03	5.000000000000000278e-02
1.655079500608611584e+09	8.714830000000000449e-04	7.212190000000000315e-06	-6.033839999999999984e-07	-5.937209999999999601e-09	1.189298399999999901e+03	5.000000000000000278e-02
1.655079502228200674e+09	8.713040000000000455e-04	7.212190000000000315e-06	-6.033839999999999984e-07	-5.937209999999999601e-09	1.189280359999999973e+03	5.000000000000000278e-02
1.655079503843125582e+09	8.712449999999999839e-04	7.152590000000000072e-06	-6.033839999999999984e-07	-5.937209999999999601e-09	1.189270369999999957e+03	5.000000000000000278e-02
1.655079505460527658e+09	8.711850000000000149e-04	7.152590000000000072e-06	-6.034420000000000112e-07	-5.937209999999999601e-09	1.189254959999999983e+03	5.000000000000000278e-02
1.655079507078583479e+09	8.711850000000000149e-04	7.212190000000000315e-06	-6.033839999999999984e-07	-5.937209999999999601e-09	1.189221150000000080e+03	5.000000000000000278e-02
1.655079508684524536e+09	8.709469999999999539e-04	7.212190000000000315e-06	-6.033839999999999984e-07	-5.937209999999999601e-09	1.189221019999999953e+03	5.000000000000000278e-02
1.655079510289332151e+09	8.708869999999999849e-04	7.152590000000000072e-06	-6.033839999999999984e-07	-5.879000000000000068e-09	1.189216290000000072e+03	5.000000000000000278e-02
1.655079511897942781e+09	8.708280000000000317e-04	7.212190000000000315e-06	-6.033839999999999984e-07	-5.937209999999999601e-09	1.189198499999999967e+03	5.000000000000000278e-02
1.655079513506862164e+09	8.708280000000000317e-04	7.212190000000000315e-06	-6.033839999999999984e-07	-5.879000000000000068e-09	1.189204259999999977e+03	5.000000000000000278e-02
1.655079520123454809e+09	8.695159999999999738e-04	7.152590000000000072e-06	-6.033839999999999984e-07	-5.937209999999999601e-09	1.188939370000000054e+03	5.999999999999999778e-02
1.655079521729507923e+09	8.693970000000000517e-04	7.092979999999999977e-06	-6.034420000000000112e-07	-5.879000000000000068e-09	1.188915330000000040e+03	5.999999999999999778e-02
1.655079523347581863e+09	8.691589999999999906e-04	7.271800000000000410e-06	-6.033839999999999984e-07	-5.937209999999999601e-09	1.188886649999999918e+03	5.999999999999999778e-02
1.655079524948704004e+09	8.690990000000000217e-04	7.152590000000000072e-06	-6.033839999999999984e-07	-5.937209999999999601e-09	1.188896590000000060e+03	5.999999999999999778e-02
1.655079526556777716e+09	8.689200000000000222e-04	7.212190000000000315e-06	-6.033839999999999984e-07	-5.937209999999999601e-09	1.188853859999999941e+03	5.999999999999999778e-02
1.655079528161556721e+09	8.688609999999999606e-04	7.152590000000000072e-06	-6.033839999999999984e-07	-5.937209999999999601e-09	1.188832010000000082e+03	5.999999999999999778e-02
1.655079529773575306e+09	8.687410000000000227e-04	7.212190000000000315e-06	-6.033839999999999984e-07	-5.937209999999999601e-09	1.188812860000000001e+03	5.999999999999999778e-02
1.655079531380985498e+09	8.686219999999999922e-04	7.212190000000000315e-06	-6.033839999999999984e-07	-5.937209999999999601e-09	1.188794290000000046e+03	5.999999999999999778e-02
1.655079532991510153e+09	8.685630000000000390e-04	7.152590000000000072e-06	-6.033839999999999984e-07	-5.937209999999999601e-09	1.188780999999999949e+03	5.999999999999999778e-02
1.655079534597090006e+09	8.685029999999999617e-04	7.212190000000000315e-06	-6.033839999999999984e-07	-5.879000000000000068e-09	1.188784599999999955e+03	5.999999999999999778e-02
1.655079541226679325e+09	8.670130000000000284e-04	7.212190000000000315e-06	-6.033839999999999984e-07	-5.937209999999999601e-09	1.188446830000000091e+03	7.000000000000000666e-02
1.655079542844838381e+09	8.668340000000000290e-04	7.152590000000000072e-06	-6.033839999999999984e-07	-5.879000000000000068e-09	1.188432679999999891e+03	7.000000000000000666e-02
1.655079544449536324e+09	8.665959999999999679e-04	7.152590000000000072e-06	-6.033839999999999984e-07	-5.937209999999999601e-09	1.188401290000000017e+03	7.000000000000000666e-02
1.655079546063545704e+09	8.664760000000000300e-04	7.152590000000000072e-06	-6.033839999999999984e-07	-5.937209999999999601e-09	1.188386320000000069e+03	7.000000000000000666e-02
1.655079547678960323e+09	8.663569999999999995e-04	7.092979999999999977e-06	-6.033839999999999984e-07	-5.937209999999999601e-09	1.188370699999999943e+03	7.000000000000000666e-02
1.655079549286588430e+09	8.662379999999999690e-04	7.152590000000000072e-06	-6.033839999999999984e-07	-5.937209999999999601e-09	1.188358999999999924e+03	7.000000000000000666e-02
1.655079550892948389e+09	8.661780000000000000e-04	7.152590000000000072e-06	-6.033839999999999984e-07	-5.937209999999999601e-09	1.188357549999999947e+03	7.000000000000000666e-02
1.655079552497536421e+09	8.660589999999999695e-04	7.212190000000000315e-06	-6.033839999999999984e-07	-5.937209999999999601e-09	1.188343900000000076e+03	7.000000000000000666e-02
1.655079554100527525e+09	8.660000000000000163e-04	7.212190000000000315e-06	-6.033839999999999984e-07	-5.879000000000000068e-09	1.188344990000000053e+03	7.000000000000000666e-02
1.655079555697780848e+09	8.659400000000000474e-04	7.152590000000000072e-06	-6.033839999999999984e-07	-5.937209999999999601e-09	1.188309050000000070e+03	7.000000000000000666e-02
1.655079562323536873e+09	8.643309999999999752e-04	7.152590000000000072e-06	-6.033839999999999984e-07	-5.937209999999999601e-09	1.187979419999999891e+03	8.000000000000000167e-02
1.655079563934512138e+09	8.640330000000000536e-04	7.092979999999999977e-06	-6.033839999999999984e-07	-5.879000000000000068e-09	1.187927470000000085e+03	8.000000000000000167e-02
1.655079565548224926e+09	8.638540000000000541e-04	7.152590000000000072e-06	-6.033839999999999984e-07	-5.937209999999999601e-09	1.187866289999999935e+03	8.000000000000000167e-02
1.655079567153031111e+09	8.636149999999999773e-04	7.092979999999999977e-06	-6.033839999999999984e-07	-5.937209999999999601e-09	1.187856870000000072e+03	8.000000000000000167e-02
1.655079568760249376e+09	8.634369999999999936e-04	7.152590000000000072e-06	-6.033839999999999984e-07	-5.937209999999999601e-09	1.187830459999999903e+03	8.000000000000000167e-02
1.655079570370527267e+09	8.633770000000000246e-04	7.152590000000000072e-06	-6.034420000000000112e-07	-5.937209999999999601e-09	1.187812709999999925e+03	8.000000000000000167e-02
1.655079571980527639e+09	8.631980000000000252e-04	7.152590000000000072e-06	-6.033839999999999984e-07	-5.937209999999999601e-09	1.187801400000000058e+03	8.000000000000000167e-02
1.655079573595947742e+09	8.631389999999999636e-04	7.152590000000000072e-06	-6.033839999999999984e-07	-5.879000000000000068e-09	1.187794270000000097e+03	8.000000000000000167e-02
1.655079575208764553e+09	8.630789999999999946e-04	7.092979999999999977e-06	-6.033839999999999984e-07	-5.937209999999999601e-09	1.187763699999999972e+03	8.000000000000000167e-02
1.655079576824546099e+09	8.629599999999999641e-04	7.152590000000000072e-06	-6.033839999999999984e-07	-5.937209999999999601e-09	1.187750270000000000e+03	8.000000000000000167e-02
1.655079583446513653e+09	8.611720000000000009e-04	7.092979999999999977e-06	-6.033839999999999984e-07	-5.937209999999999601e-09	1.187387179999999944e+03	8.999999999999999667e-02
1.655079585056899309e+09	8.608739999999999708e-04	7.212190000000000315e-06	-6.034420000000000112e-07	-5.937209999999999601e-09	1.187336240000000089e+03	8.999999999999999667e-02
1.655079586660022497e+09	8.605159999999999719e-04	7.152590000000000072e-06	-6.034420000000000112e-07	-5.937209999999999601e-09	1.187300899999999956e+03	8.999999999999999667e-02
1.655079588276846886e+09	8.603369999999999724e-04	7.152590000000000072e-06	-6.033839999999999984e-07	-5.937209999999999601e-09	1.187268319999999903e+03	8.999999999999999667e-02
1.655079589885892868e+09	8.602180000000000503e-04	7.152590000000000072e-06	-6.034420000000000112e-07	-5.937209999999999601e-09	1.187245580000000018e+03	8.999999999999999667e-02
1.655079591494476795e+09	8.599799999999999892e-04	7.092979999999999977e-06	-6.033839999999999984e-07	-5.937209999999999601e-09	1.187203289999999924e+03	8.999999999999999667e-02
1.655079593112818003e+09	8.598600000000000514e-04	7.152590000000000072e-06	-6.033839999999999984e-07	-5.937209999999999601e-09	1.187185600000000022e+03	8.999999999999999667e-02
1.655079594722527266e+09	8.597410000000000208e-04	7.152590000000000072e-06	-6.033839999999999984e-07	-5.937209999999999601e-09	1.187144019999999955e+03	8.999999999999999667e-02
1.655079596336535215e+09	8.596219999999999903e-04	7.212190000000000315e-06	-6.033839999999999984e-07	-5.937209999999999601e-09	1.187138699999999972e+03	8.999999999999999667e-02
1.655079597944436789e+09	8.595620000000000214e-04	7.092979999999999977e-06	-6.033839999999999984e-07	-5.879000000000000068e-09	1.187126279999999952e+03	8.999999999999999667e-02
1.655079604565975904e+09	8.575949999999999502e-04	7.152590000000000072e-06	-6.033839999999999984e-07	-5.879000000000000068e-09	1.186684330000000045e+03	1.000000000000000056e-01
1.655079606173537970e+09	8.570589999999999676e-04	7.033379999999999735e-06	-6.033839999999999984e-07	-5.879000000000000068e-09	1.186646030000000110e+03	1.000000000000000056e-01
1.655079607790584564e+09	8.569400000000000454e-04	7.092979999999999977e-06	-6.034420000000000112e-07	-5.937209999999999601e-09	1.186605829999999969e+03	1.000000000000000056e-01
1.655079609401508093e+09	8.565820000000000465e-04	7.092979999999999977e-06	-6.033839999999999984e-07	-5.937209999999999601e-09	1.186576759999999922e+03	1.000000000000000056e-01
1.655079611016535997e+09	8.564630000000000160e-04	6.973769999999999640e-06	-6.033839999999999984e-07	-5.937209999999999601e-09	1.186539960000000065e+03	1.000000000000000056e-01
1.655079612625490189e+09	8.562840000000000165e-04	7.092979999999999977e-06	-6.034420000000000112e-07	-5.879000000000000068e-09	1.186526530000000093e+03	1.000000000000000056e-01
1.655079614242933750e+09	8.562240000000000475e-04	7.092979999999999977e-06	-6.034420000000000112e-07	-5.879000000000000068e-09	1.186511950000000070e+03	1.000000000000000056e-01
1.655079615859063864e+09	8.561649999999999859e-04	7.092979999999999977e-06	-6.034420000000000112e-07	-5.937209999999999601e-09	1.186500649999999951e+03	1.000000000000000056e-01
1.655079617465947866e+09	8.560459999999999554e-04	7.092979999999999977e-06	-6.034420000000000112e-07	-5.879000000000000068e-09	1.186502279999999928e+03	1.000000000000000056e-01
1.655079619073181152e+09	8.559859999999999865e-04	7.033379999999999735e-06	-6.034420000000000112e-07	-5.937209999999999601e-09	1.186482880000000023e+03	1.000000000000000056e-01
1.655079625701519728e+09	8.538999999999999932e-04	7.092979999999999977e-06	-6.033839999999999984e-07	-5.937209999999999601e-09	1.186026470000000018e+03	1.100000000000000006e-01
1.655079627316923380e+09	8.535419999999999943e-04	7.092979999999999977e-06	-6.034420000000000112e-07	-5.879000000000000068e-09	1.185967069999999921e+03	1.100000000000000006e-01
1.655079628914947987e+09	8.532439999999999643e-04	7.092979999999999977e-06	-6.034420000000000112e-07	-5.937209999999999601e-09	1.185925729999999930e+03	1.100000000000000006e-01
1.655079630523529291e+09	8.529460000000000427e-04	7.092979999999999977e-06	-6.034420000000000112e-07	-5.937209999999999601e-09	1.185865870000000086e+03	1.100000000000000006e-01
1.655079632129519701e+09	8.527670000000000432e-04	7.092979999999999977e-06	-6.034420000000000112e-07	-5.937209999999999601e-09	1.185849930000000086e+03	1.100000000000000006e-01
1.655079633731718302e+09	8.525889999999999511e-04	6.973769999999999640e-06	-6.033839999999999984e-07	-5.879000000000000068e-09	1.185800179999999955e+03	1.100000000000000006e-01
1.655079635344695330e+09	8.524099999999999516e-04	7.092979999999999977e-06	-6.034420000000000112e-07	-5.937209999999999601e-09	1.185779410000000098e+03	1.100000000000000006e-01
1.655079636955308199e+09	8.521709999999999832e-04	6.973769999999999640e-06	-6.033839999999999984e-07	-5.937209999999999601e-09	1.185763899999999921e+03	1.100000000000000006e-01
1.655079638561718225e+09	8.521709999999999832e-04	7.092979999999999977e-06	-6.034420000000000112e-07	-5.937209999999999601e-09	1.185738790000000108e+03	1.100000000000000006e-01
1.655079640165425062e+09	8.519929999999999995e-04	6.973769999999999640e-06	-6.033839999999999984e-07	-5.937209999999999601e-09	1.185737779999999930e+03	1.100000000000000006e-01
1.655079646794223785e+09	8.496079999999999605e-04	6.914170000000000244e-06	-6.034420000000000112e-07	-5.879000000000000068e-09	1.185230639999999994e+03	1.199999999999999956e-01
1.655079648400508642e+09	8.492509999999999773e-04	7.033379999999999735e-06	-6.034420000000000112e-07	-5.879000000000000068e-09	1.185164870000000064e+03	1.199999999999999956e-01
1.655079650011119127e+09	8.488929999999999783e-04	7.033379999999999735e-06	-6.034420000000000112e-07	-5.937209999999999601e-09	1.185105579999999918e+03	1.199999999999999956e-01
1.655079651626034021e+09	8.485949999999999483e-04	6.973769999999999640e-06	-6.034420000000000112e-07	-5.937209999999999601e-09	1.185086859999999888e+03	1.199999999999999956e-01
1.655079653234776020e+09	8.483569999999999956e-04	7.092979999999999977e-06	-6.034420000000000112e-07	-5.937209999999999601e-09	1.185045749999999998e+03	1.199999999999999956e-01
1.655079654841790676e+09	8.480589999999999656e-04	7.033379999999999735e-06	-6.034420000000000112e-07	-5.937209999999999601e-09	1.185012120000000095e+03	1.199999999999999956e-01
1.655079656448434830e+09	8.478799999999999662e-04	6.973769999999999640e-06	-6.034420000000000112e-07	-5.879000000000000068e-09	1.184963799999999992e+03	1.199999999999999956e-01
1.655079658062586069e+09	8.477610000000000440e-04	7.092979999999999977e-06	-6.034420000000000112e-07	-5.937209999999999601e-09	1.184927390000000059e+03	1.199999999999999956e-01
1.655079659670526743e+09	8.475820000000000446e-04	6.973769999999999640e-06	-6.034420000000000112e-07	-5.937209999999999601e-09	1.184921059999999898e+03	1.199999999999999956e-01
1.655079661287211180e+09	8.474630000000000140e-04	7.033379999999999735e-06	-6.034420000000000112e-07	-5.937209999999999601e-09	1.184895909999999958e+03	1.199999999999999956e-01
1.655079667909610987e+09	8.450779999999999750e-04	6.973769999999999640e-06	-6.034420000000000112e-07	-5.937209999999999601e-09	1.184351450000000114e+03	1.300000000000000044e-01
1.655079669515694141e+09	8.446019999999999613e-04	6.973769999999999640e-06	-6.034420000000000112e-07	-5.937209999999999601e-09	1.184297029999999950e+03	1.300000000000000044e-01
1.655079671124286175e+09	8.442439999999999624e-04	6.973769999999999640e-06	-6.034420000000000112e-07	-5.879000000000000068e-09	1.184256049999999959e+03	1.300000000000000044e-01
1.655079672734214067e+09	8.439460000000000408e-04	6.973769999999999640e-06	-6.034420000000000112e-07	-5.937209999999999601e-09	1.184201559999999972e+03	1.300000000000000044e-01
1.655079674337591887e+09	8.437069999999999639e-04	6.973769999999999640e-06	-6.034420000000000112e-07	-5.937209999999999601e-09	1.184182090000000017e+03	1.300000000000000044e-01
1.655079675959517002e+09	8.434690000000000113e-04	7.092979999999999977e-06	-6.034420000000000112e-07	-5.937209999999999601e-09	1.184147269999999935e+03	1.300000000000000044e-01
1.655079677563507795e+09	8.432900000000000118e-04	7.033379999999999735e-06	-6.034420000000000112e-07	-5.937209999999999601e-09	1.184105739999999969e+03	1.300000000000000044e-01
1.655079679160527468e+09	8.431110000000000123e-04	6.914170000000000244e-06	-6.034420000000000112e-07	-5.937209999999999601e-09	1.184080860000000030e+03	1.300000000000000044e-01
1.655079680766976833e+09	8.429919999999999818e-04	6.973769999999999640e-06	-6.034420000000000112e-07	-5.937209999999999601e-09	1.184083270000000084e+03	1.300000000000000044e-01
1.655079682382347822e+09	8.428729999999999513e-04	6.914170000000000244e-06	-6.034420000000000112e-07	-5.937209999999999601e-09	1.184069480000000112e+03	1.300000000000000044e-01
1.655079688999477863e+09	8.404289999999999591e-04	7.033379999999999735e-06	-6.034420000000000112e-07	-5.937209999999999601e-09	1.183497699999999895e+03	1.400000000000000133e-01
1.655079690612527609e+09	8.398929999999999764e-04	6.973769999999999640e-06	-6.034420000000000112e-07	-5.937209999999999601e-09	1.183430280000000039e+03	1.400000000000000133e-01
1.655079692219561100e+09	8.395349999999999775e-04	6.973769999999999640e-06	-6.034420000000000112e-07	-5.937209999999999601e-09	1.183361799999999903e+03	1.400000000000000133e-01
1.655079693845886230e+09	8.392369999999999474e-04	6.973769999999999640e-06	-6.034420000000000112e-07	-5.937209999999999601e-09	1.183319760000000088e+03	1.400000000000000133e-01
1.655079695459862471e+09	8.389390000000000258e-04	6.914170000000000244e-06	-6.034420000000000112e-07	-5.937209999999999601e-09	1.183265699999999924e+03	1.400000000000000133e-01
1.655079697075759888e+09	8.386409999999999958e-04	6.914170000000000244e-06	-6.034420000000000112e-07	-5.937209999999999601e-09	1.183224960000000010e+03	1.400000000000000133e-01
1.655079698682518482e+09	8.384619999999999964e-04	6.914170000000000244e-06	-6.034420000000000112e-07	-5.937209999999999601e-09	1.183180229999999938e+03	1.400000000000000133e-01
1.655079700289407492e+09	8.382240000000000437e-04	6.914170000000000244e-06	-6.034420000000000112e-07	-5.937209999999999601e-09	1.183152929999999969e+03	1.400000000000000133e-01
1.655079701902897596e+09	8.380450000000000442e-04	6.914170000000000244e-06	-6.034420000000000112e-07	-5.937209999999999601e-09	1.183126770000000079e+03	1.400000000000000133e-01
1.655079703509044170e+09	8.379260000000000137e-04	6.973769999999999640e-06	-6.034420000000000112e-07	-5.937209999999999601e-09	1.183107610000000022e+03	1.400000000000000133e-01
1.655079710129958153e+09	8.352439999999999604e-04	6.914170000000000244e-06	-6.034420000000000112e-07	-5.937209999999999601e-09	1.182532490000000053e+03	1.499999999999999944e-01
1.655079711729956150e+09	8.347069999999999620e-04	6.914170000000000244e-06	-6.034420000000000112e-07	-5.937209999999999601e-09	1.182459859999999935e+03	1.499999999999999944e-01
1.655079713353166342e+09	8.342900000000000099e-04	6.914170000000000244e-06	-6.034420000000000112e-07	-5.937209999999999601e-09	1.182394260000000031e+03	1.499999999999999944e-01
1.655079714961358547e+09	8.339919999999999799e-04	6.794959999999999907e-06	-6.034420000000000112e-07	-5.937209999999999601e-09	1.182351040000000012e+03	1.499999999999999944e-01
1.655079716565935850e+09	8.336939999999999499e-04	6.854560000000000149e-06	-6.034420000000000112e-07	-5.937209999999999601e-09	1.182284030000000030e+03	1.499999999999999944e-01
1.655079718179996252e+09	8.333960000000000283e-04	6.914170000000000244e-06	-6.034420000000000112e-07	-5.937209999999999601e-09	1.182247339999999895e+03	1.499999999999999944e-01
1.655079719791480541e+09	8.331569999999999514e-04	6.854560000000000149e-06	-6.034420000000000112e-07	-5.937209999999999601e-09	1.182211219999999912e+03	1.499999999999999944e-01
1.655079721412478685e+09	8.329789999999999677e-04	6.914170000000000244e-06	-6.034420000000000112e-07	-5.937209999999999601e-09	1.182193580000000111e+03	1.499999999999999944e-01
1.655079723018280745e+09	8.327999999999999682e-04	6.914170000000000244e-06	-6.034420000000000112e-07	-5.937209999999999601e-09	1.182155250000000024e+03	1.499999999999999944e-01
1.655079724624941111e+09	8.326810000000000461e-04	6.854560000000000149e-06	-6.034420000000000112e-07	-5.937209999999999601e-09	1.182119079999999940e+03	1.499999999999999944e-01
1.655079731257082462e+09	8.298789999999999466e-04	6.854560000000000149e-06	-6.034420000000000112e-07	-5.937209999999999601e-09	1.181507460000000037e+03	1.600000000000000033e-01
1.655079732878056288e+09	8.294020000000000255e-04	6.854560000000000149e-06	-6.034420000000000112e-07	-5.937209999999999601e-09	1.181422690000000102e+03	1.600000000000000033e-01
1.655079734491416693e+09	8.289260000000000118e-04	6.914170000000000244e-06	-6.034420000000000112e-07	-5.937209999999999601e-09	1.181380540000000110e+03	1.600000000000000033e-01
1.655079736102522850e+09	8.285080000000000439e-04	6.914170000000000244e-06	-6.034420000000000112e-07	-5.937209999999999601e-09	1.181354919999999993e+03	1.600000000000000033e-01
1.655079737715783596e+09	8.282100000000000139e-04	6.914170000000000244e-06	-6.034420000000000112e-07	-5.937209999999999601e-09	1.181252120000000104e+03	1.600000000000000033e-01
1.655079739327929020e+09	8.280310000000000144e-04	6.854560000000000149e-06	-6.034420000000000112e-07	-5.937209999999999601e-09	1.181224680000000035e+03	1.600000000000000033e-01
1.655079740934625626e+09	8.277329999999999844e-04	6.914170000000000244e-06	-6.034420000000000112e-07	-5.937209999999999601e-09	1.181186590000000024e+03	1.600000000000000033e-01
1.655079742549626350e+09	8.275550000000000007e-04	6.794959999999999907e-06	-6.034420000000000112e-07	-5.937209999999999601e-09	1.181148639999999887e+03	1.600000000000000033e-01
1.655079744146196365e+09	8.274349999999999544e-04	6.854560000000000149e-06	-6.034420000000000112e-07	-5.937209999999999601e-09	1.181113700000000108e+03	1.600000000000000033e-01
1.655079745763331890e+09	8.271970000000000017e-04	6.973769999999999640e-06	-6.034420000000000112e-07	-5.995419999999999961e-09	1.181108739999999898e+03	1.600000000000000033e-01
1.655079752386770010e+09	8.243359999999999490e-04	6.794959999999999907e-06	-6.034420000000000112e-07	-5.937209999999999601e-09	1.180471680000000106e+03	1.700000000000000122e-01
1.655079754002181530e+09	8.238590000000000279e-04	6.794959999999999907e-06	-6.034420000000000112e-07	-5.937209999999999601e-09	1.180375219999999899e+03	1.700000000000000122e-01
1.655079755618482113e+09	8.233819999999999984e-04	6.794959999999999907e-06	-6.034420000000000112e-07	-5.937209999999999601e-09	1.180304059999999936e+03	1.700000000000000122e-01
1.655079757239012718e+09	8.230250000000000152e-04	6.914170000000000244e-06	-6.034420000000000112e-07	-5.937209999999999601e-09	1.180296479999999974e+03	1.700000000000000122e-01
1.655079758843477726e+09	8.226670000000000163e-04	6.735349999999999812e-06	-6.034420000000000112e-07	-5.937209999999999601e-09	1.180218249999999898e+03	1.700000000000000122e-01
1.655079760464085102e+09	8.224289999999999552e-04	6.794959999999999907e-06	-6.035010000000000516e-07	-5.937209999999999601e-09	1.180154579999999896e+03	1.700000000000000122e-01
1.655079762070567369e+09	8.222499999999999558e-04	6.794959999999999907e-06	-6.034420000000000112e-07	-5.937209999999999601e-09	1.180110120000000052e+03	1.700000000000000122e-01
1.655079763679581165e+09	8.219520000000000342e-04	6.794959999999999907e-06	-6.034420000000000112e-07	-5.937209999999999601e-09	1.180091059999999970e+03	1.700000000000000122e-01
1.655079765286911488e+09	8.218330000000000036e-04	6.794959999999999907e-06	-6.035010000000000516e-07	-5.937209999999999601e-09	1.180049209999999903e+03	1.700000000000000122e-01
1.655079766911899805e+09	8.216540000000000041e-04	6.794959999999999907e-06	-6.034420000000000112e-07	-5.937209999999999601e-09	1.180013069999999971e+03	1.700000000000000122e-01
1.655079773539043188e+09	8.186740000000000293e-04	6.794959999999999907e-06	-6.034420000000000112e-07	-5.937209999999999601e-09	1.179367459999999937e+03	1.799999999999999933e-01
1.655079775154269218e+09	8.181370000000000309e-04	6.794959999999999907e-06	-6.034420000000000112e-07	-5.937209999999999601e-09	1.179285260000000108e+03	1.799999999999999933e-01
1.655079776761527538e+09	8.176010000000000482e-04	6.794959999999999907e-06	-6.034420000000000112e-07	-5.937209999999999601e-09	1.179215670000000046e+03	1.799999999999999933e-01
1.655079778376917839e+09	8.172430000000000493e-04	6.735349999999999812e-06	-6.034420000000000112e-07	-5.937209999999999601e-09	1.179147889999999961e+03	1.799999999999999933e-01
1.655079779982528210e+09	8.168259999999999887e-04	6.794959999999999907e-06	-6.034420000000000112e-07	-5.937209999999999601e-09	1.179097590000000082e+03	1.799999999999999933e-01
1.655079781591830492e+09	8.164679999999999898e-04	6.735349999999999812e-06	-6.034420000000000112e-07	-5.937209999999999601e-09	1.179055650000000014e+03	1.799999999999999933e-01
1.655079783215101004e+09	8.163489999999999592e-04	6.675750000000000416e-06	-6.034420000000000112e-07	-5.937209999999999601e-09	1.179006300000000010e+03	1.799999999999999933e-01
1.655079784823920012e+09	8.159909999999999603e-04	6.675750000000000416e-06	-6.034420000000000112e-07	-5.937209999999999601e-09	1.178953850000000102e+03	1.799999999999999933e-01
1.655079786438705921e+09	8.158119999999999608e-04	6.735349999999999812e-06	-6.034420000000000112e-07	-5.937209999999999601e-09	1.178920519999999897e+03	1.799999999999999933e-01
1.655079788038974524e+09	8.156930000000000387e-04	6.794959999999999907e-06	-6.034420000000000112e-07	-5.937209999999999601e-09	1.178905960000000050e+03	1.799999999999999933e-01
1.655079794652008295e+09	8.128319999999999860e-04	6.675750000000000416e-06	-6.034420000000000112e-07	-5.937209999999999601e-09	1.178216799999999921e+03	1.900000000000000022e-01
1.655079796256577015e+09	8.121170000000000038e-04	6.675750000000000416e-06	-6.034420000000000112e-07	-5.937209999999999601e-09	1.178124669999999924e+03	1.900000000000000022e-01
1.655079797870527983e+09	8.115810000000000211e-04	6.675750000000000416e-06	-6.034420000000000112e-07	-5.937209999999999601e-09	1.178039250000000038e+03	1.900000000000000022e-01
1.655079799477618933e+09	8.111630000000000533e-04	6.675750000000000416e-06	-6.034420000000000112e-07	-5.937209999999999601e-09	1.177998810000000049e+03	1.900000000000000022e-01
1.655079801098998308e+09	8.108650000000000233e-04	6.735349999999999812e-06	-6.034420000000000112e-07	-5.937209999999999601e-09	1.177947100000000091e+03	1.900000000000000022e-01
1.655079802709077358e+09	8.105669999999999932e-04	6.735349999999999812e-06	-6.034420000000000112e-07	-5.937209999999999601e-09	1.177871270000000095e+03	1.900000000000000022e-01
1.655079804319956541e+09	8.102689999999999632e-04	6.735349999999999812e-06	-6.035010000000000516e-07	-5.879000000000000068e-09	1.177834659999999985e+03	1.900000000000000022e-01
1.655079805941702366e+09	8.100310000000000106e-04	6.735349999999999812e-06	-6.034420000000000112e-07	-5.937209999999999601e-09	1.177810750000000098e+03	1.900000000000000022e-01
1.655079807553965569e+09	8.099119999999999800e-04	6.675750000000000416e-06	-6.034420000000000112e-07	-5.937209999999999601e-09	1.177775139999999965e+03	1.900000000000000022e-01
1.655079809158036709e+09	8.096139999999999500e-04	6.675750000000000416e-06	-6.034420000000000112e-07	-5.937209999999999601e-09	1.177754899999999907e+03	1.900000000000000022e-01
1.655079815777379513e+09	8.067530000000000057e-04	6.675750000000000416e-06	-6.035010000000000516e-07	-5.937209999999999601e-09	1.177059970000000021e+03	2.000000000000000111e-01
1.655079817382527828e+09	8.060969999999999767e-04	6.675750000000000416e-06	-6.034420000000000112e-07	-5.937209999999999601e-09	1.176956030000000055e+03	2.000000000000000111e-01
1.655079818996109962e+09	8.055010000000000251e-04	6.675750000000000416e-06	-6.035010000000000516e-07	-5.995419999999999961e-09	1.176883350000000064e+03	2.000000000000000111e-01
1.655079820616033316e+09	8.050239999999999957e-04	6.616140000000000321e-06	-6.035010000000000516e-07	-5.937209999999999601e-09	1.176805440000000090e+03	2.000000000000000111e-01
1.655079822223839998e+09	8.046659999999999967e-04	6.616140000000000321e-06	-6.034420000000000112e-07	-5.937209999999999601e-09	1.176746259999999893e+03	2.000000000000000111e-01
1.655079823830802441e+09	8.043679999999999667e-04	6.675750000000000416e-06	-6.034420000000000112e-07	-5.937209999999999601e-09	1.176708350000000110e+03	2.000000000000000111e-01
1.655079825443624973e+09	8.040700000000000451e-04	6.675750000000000416e-06	-6.034420000000000112e-07	-5.937209999999999601e-09	1.176643240000000105e+03	2.000000000000000111e-01
1.655079827050514460e+09	8.038319999999999840e-04	6.675750000000000416e-06	-6.034420000000000112e-07	-5.937209999999999601e-09	1.176596990000000005e+03	2.000000000000000111e-01
1.655079828671176672e+09	8.035339999999999540e-04	6.616140000000000321e-06	-6.034420000000000112e-07	-5.937209999999999601e-09	1.176557209999999941e+03	2.000000000000000111e-01
1.655079830279523611e+09	8.034150000000000319e-04	6.675750000000000416e-06	-6.035010000000000516e-07	-5.937209999999999601e-09	1.176526730000000043e+03	2.000000000000000111e-01
1.655079836904441833e+09	8.002559999999999492e-04	6.556540000000000078e-06	-6.034420000000000112e-07	-5.937209999999999601e-09	1.175827199999999948e+03	2.099999999999999922e-01
1.655079838518618107e+09	7.996599999999999975e-04	6.616140000000000321e-06	-6.035010000000000516e-07	-5.937209999999999601e-09	1.175729839999999967e+03	2.099999999999999922e-01
1.655079840131792545e+09	7.991829999999999681e-04	6.616140000000000321e-06	-6.034420000000000112e-07	-5.937209999999999601e-09	1.175643070000000080e+03	2.099999999999999922e-01
1.655079841738532066e+09	7.987060000000000470e-04	6.616140000000000321e-06	-6.035010000000000516e-07	-5.937209999999999601e-09	1.175594669999999951e+03	2.099999999999999922e-01
1.655079843358966351e+09	7.982889999999999864e-04	6.616140000000000321e-06	-6.034420000000000112e-07	-5.937209999999999601e-09	1.175535489999999982e+03	2.099999999999999922e-01
1.655079844972385645e+09	7.981099999999999870e-04	6.616140000000000321e-06	-6.034420000000000112e-07	-5.937209999999999601e-09	1.175490240000000085e+03	2.099999999999999922e-01
1.655079846578541517e+09	7.976930000000000348e-04	6.556540000000000078e-06	-6.034420000000000112e-07	-5.937209999999999601e-09	1.175435410000000047e+03	2.099999999999999922e-01
1.655079848179889202e+09	7.974539999999999580e-04	6.556540000000000078e-06	-6.034420000000000112e-07	-5.937209999999999601e-09	1.175382730000000038e+03	2.099999999999999922e-01
1.655079849778078318e+09	7.972749999999999585e-04	6.616140000000000321e-06	-6.035010000000000516e-07	-5.937209999999999601e-09	1.175347729999999956e+03	2.099999999999999922e-01
1.655079851399953842e+09	7.970969999999999748e-04	6.556540000000000078e-06	-6.035010000000000516e-07	-5.937209999999999601e-09	1.175299610000000030e+03	2.099999999999999922e-01
1.655079858036875963e+09	7.939969999999999537e-04	6.556540000000000078e-06	-6.035010000000000516e-07	-5.937209999999999601e-09	1.174584830000000011e+03	2.200000000000000011e-01
1.655079859647616863e+09	7.933420000000000489e-04	6.556540000000000078e-06	-6.034420000000000112e-07	-5.937209999999999601e-09	1.174484609999999975e+03	2.200000000000000011e-01
1.655079861267390251e+09	7.928650000000000194e-04	6.556540000000000078e-06	-6.035010000000000516e-07	-5.937209999999999601e-09	1.174407200000000103e+03	2.200000000000000011e-01
1.655079862876005411e+09	7.924470000000000515e-04	6.556540000000000078e-06	-6.035010000000000516e-07	-5.937209999999999601e-09	1.174320040000000063e+03	2.200000000000000011e-01
1.655079864490983963e+09	7.920299999999999910e-04	6.556540000000000078e-06	-6.034420000000000112e-07	-5.937209999999999601e-09	1.174263310000000047e+03	2.200000000000000011e-01
1.655079866096056938e+09	7.916730000000000078e-04	6.556540000000000078e-06	-6.035010000000000516e-07	-5.937209999999999601e-09	1.174199949999999944e+03	2.200000000000000011e-01
1.655079867706137657e+09	7.913749999999999778e-04	6.616140000000000321e-06	-6.035010000000000516e-07	-5.937209999999999601e-09	1.174169339999999920e+03	2.200000000000000011e-01
1.655079869315614700e+09	7.911360000000000094e-04	6.556540000000000078e-06	-6.035010000000000516e-07	-5.879000000000000068e-09	1.174117400000000089e+03	2.200000000000000011e-01
1.655079870924617529e+09	7.910169999999999788e-04	6.556540000000000078e-06	-6.035010000000000516e-07	-5.937209999999999601e-09	1.174099490000000060e+03	2.200000000000000011e-01
1.655079872543860197e+09	7.906589999999999799e-04	6.496939999999999836e-06	-6.034420000000000112e-07	-5.937209999999999601e-09	1.174054759999999987e+03	2.200000000000000011e-01
1.655079879166514874e+09	7.875599999999999745e-04	6.496939999999999836e-06	-6.035010000000000516e-07	-5.937209999999999601e-09	1.173327140000000099e+03	2.300000000000000100e-01
1.655079880771409512e+09	7.868449999999999923e-04	6.496939999999999836e-06	-6.034420000000000112e-07	-5.937209999999999601e-09	1.173225210000000061e+03	2.300000000000000100e-01
1.655079882387826204e+09	7.863079999999999939e-04	6.496939999999999836e-06	-6.035010000000000516e-07	-5.937209999999999601e-09	1.173120679999999993e+03	2.300000000000000100e-01
1.655079883992747545e+09	7.858309999999999644e-04	6.496939999999999836e-06	-6.035010000000000516e-07	-5.937209999999999601e-09	1.173060150000000021e+03	2.300000000000000100e-01
1.655079885604629278e+09	7.855330000000000428e-04	6.496939999999999836e-06	-6.035010000000000516e-07	-5.937209999999999601e-09	1.172977069999999912e+03	2.300000000000000100e-01
1.655079887207813025e+09	7.851159999999999823e-04	6.496939999999999836e-06	-6.035010000000000516e-07	-5.937209999999999601e-09	1.172938959999999952e+03	2.300000000000000100e-01
1.655079888822396755e+09	7.848179999999999523e-04	6.496939999999999836e-06	-6.035010000000000516e-07	-5.937209999999999601e-09	1.172885199999999941e+03	2.300000000000000100e-01
1.655079890436311245e+09	7.845799999999999996e-04	6.496939999999999836e-06	-6.035010000000000516e-07	-5.937209999999999601e-09	1.172838220000000092e+03	2.300000000000000100e-01
1.655079892040528059e+09	7.844010000000000002e-04	6.556540000000000078e-06	-6.035010000000000516e-07	-5.937209999999999601e-09	1.172803709999999910e+03	2.300000000000000100e-01
1.655079893649518013e+09	7.840430000000000012e-04	6.496939999999999836e-06	-6.035010000000000516e-07	-5.937209999999999601e-09	1.172753650000000107e+03	2.300000000000000100e-01
1.655079900273151159e+09	7.810630000000000264e-04	6.496939999999999836e-06	-6.035010000000000516e-07	-5.937209999999999601e-09	1.172019729999999981e+03	2.399999999999999911e-01
1.655079901886512995e+09	7.803480000000000442e-04	6.496939999999999836e-06	-6.035010000000000516e-07	-5.937209999999999601e-09	1.171917699999999968e+03	2.399999999999999911e-01
1.655079903500875473e+09	7.797519999999999842e-04	6.496939999999999836e-06	-6.035010000000000516e-07	-5.937209999999999601e-09	1.171820220000000063e+03	2.399999999999999911e-01
1.655079905116236448e+09	7.793340000000000163e-04	6.496939999999999836e-06	-6.035010000000000516e-07	-5.937209999999999601e-09	1.171753680000000031e+03	2.399999999999999911e-01
1.655079906731598377e+09	7.788580000000000026e-04	6.496939999999999836e-06	-6.035010000000000516e-07	-5.937209999999999601e-09	1.171691730000000007e+03	2.399999999999999911e-01
1.655079908331965685e+09	7.786190000000000342e-04	6.437329999999999741e-06	-6.035010000000000516e-07	-5.879000000000000068e-09	1.171640799999999899e+03	2.399999999999999911e-01
1.655079909942326307e+09	7.782620000000000510e-04	6.437329999999999741e-06	-6.035010000000000516e-07	-5.937209999999999601e-09	1.171583159999999907e+03	2.399999999999999911e-01
1.655079911554688454e+09	7.779640000000000210e-04	6.496939999999999836e-06	-6.035010000000000516e-07	-5.937209999999999601e-09	1.171547579999999925e+03	2.399999999999999911e-01
1.655079913166049242e+09	7.777850000000000215e-04	6.437329999999999741e-06	-6.035010000000000516e-07	-5.937209999999999601e-09	1.171490389999999934e+03	2.399999999999999911e-01
1.655079916012842178e+09	7.775460000000000531e-04	6.437329999999999741e-06	-6.035010000000000516e-07	-5.879000000000000068e-09	1.171460170000000062e+03	2.399999999999999911e-01
1.655079922640530348e+09	7.744470000000000477e-04	6.437329999999999741e-06	-6.035010000000000516e-07	-5.937209999999999601e-09	1.170707329999999956e+03	2.500000000000000000e-01
1.655079924239068747e+09	7.737910000000000187e-04	6.496939999999999836e-06	-6.035010000000000516e-07	-5.937209999999999601e-09	1.170591830000000073e+03	2.500000000000000000e-01
1.655079925837433100e+09	7.731949999999999587e-04	6.377730000000000345e-06	-6.035010000000000516e-07	-5.937209999999999601e-09	1.170521510000000035e+03	2.500000000000000000e-01
1.655079927452800274e+09	7.727780000000000066e-04	6.377730000000000345e-06	-6.035010000000000516e-07	-5.937209999999999601e-09	1.170429419999999936e+03	2.500000000000000000e-01
1.655079929066134691e+09	7.723009999999999771e-04	6.318120000000000250e-06	-6.035010000000000516e-07	-5.937209999999999601e-09	1.170351030000000037e+03	2.500000000000000000e-01
1.655079930680951118e+09	7.720630000000000244e-04	6.377730000000000345e-06	-6.035589999999999586e-07	-5.937209999999999601e-09	1.170312910000000102e+03	2.500000000000000000e-01
1.655079932279475451e+09	7.717050000000000255e-04	6.318120000000000250e-06	-6.035010000000000516e-07	-5.937209999999999601e-09	1.170264760000000024e+03	2.500000000000000000e-01
1.655079933893867970e+09	7.714069999999999955e-04	6.377730000000000345e-06	-6.035010000000000516e-07	-5.937209999999999601e-09	1.170227859999999964e+03	2.500000000000000000e-01
1.655079935508561134e+09	7.711690000000000428e-04	6.318120000000000250e-06	-6.035010000000000516e-07	-5.937209999999999601e-09	1.170181139999999914e+03	2.500000000000000000e-01
1.655079937123928308e+09	7.708710000000000128e-04	6.318120000000000250e-06	-6.035010000000000516e-07	-5.879000000000000068e-09	1.170150750000000016e+03	2.500000000000000000e-01
1.655079943742621660e+09	7.677709999999999917e-04	6.377730000000000345e-06	-6.035010000000000516e-07	-5.937209999999999601e-09	1.169372699999999895e+03	2.600000000000000089e-01
1.655079945356884956e+09	7.671159999999999785e-04	6.318120000000000250e-06	-6.035010000000000516e-07	-5.937209999999999601e-09	1.169275810000000092e+03	2.600000000000000089e-01
1.655079946972253084e+09	7.665789999999999800e-04	6.318120000000000250e-06	-6.035589999999999586e-07	-5.937209999999999601e-09	1.169194079999999985e+03	2.600000000000000089e-01
1.655079948586410999e+09	7.660429999999999974e-04	6.318120000000000250e-06	-6.035010000000000516e-07	-5.937209999999999601e-09	1.169100390000000061e+03	2.600000000000000089e-01
1.655079950196776628e+09	7.656849999999999984e-04	6.318120000000000250e-06	-6.035589999999999586e-07	-5.937209999999999601e-09	1.169040189999999939e+03	2.600000000000000089e-01
1.655079951810145617e+09	7.652680000000000463e-04	6.318120000000000250e-06	-6.035010000000000516e-07	-5.937209999999999601e-09	1.168973130000000083e+03	2.600000000000000089e-01
1.655079953408697128e+09	7.649100000000000473e-04	6.258520000000000008e-06	-6.035010000000000516e-07	-5.937209999999999601e-09	1.168919990000000098e+03	2.600000000000000089e-01
1.655079955020405293e+09	7.646719999999999863e-04	6.318120000000000250e-06	-6.035589999999999586e-07	-5.937209999999999601e-09	1.168858629999999948e+03	2.600000000000000089e-01
1.655079956630771637e+09	7.644929999999999868e-04	6.318120000000000250e-06	-6.035010000000000516e-07	-5.937209999999999601e-09	1.168823660000000018e+03	2.600000000000000089e-01
1.655079958240961313e+09	7.641949999999999568e-04	6.318120000000000250e-06	-6.035589999999999586e-07	-5.937209999999999601e-09	1.168802179999999908e+03	2.600000000000000089e-01
1.655079964868963480e+09	7.610950000000000441e-04	6.258520000000000008e-06	-6.035589999999999586e-07	-5.937209999999999601e-09	1.168026229999999941e+03	2.700000000000000178e-01
1.655079966473800898e+09	7.604400000000000309e-04	6.258520000000000008e-06	-6.035589999999999586e-07	-5.937209999999999601e-09	1.167920239999999922e+03	2.700000000000000178e-01
1.655079968079644442e+09	7.599030000000000324e-04	6.258520000000000008e-06	-6.035589999999999586e-07	-5.937209999999999601e-09	1.167833620000000110e+03	2.700000000000000178e-01
1.655079969686397791e+09	7.593670000000000498e-04	6.258520000000000008e-06	-6.035589999999999586e-07	-5.937209999999999601e-09	1.167749150000000100e+03	2.700000000000000178e-01
1.655079971296936035e+09	7.590090000000000508e-04	6.318120000000000250e-06	-6.035589999999999586e-07	-5.937209999999999601e-09	1.167684979999999996e+03	2.700000000000000178e-01
1.655079972906338453e+09	7.585919999999999903e-04	6.318120000000000250e-06	-6.035589999999999586e-07	-5.937209999999999601e-09	1.167621370000000070e+03	2.700000000000000178e-01
1.655079974525460005e+09	7.582339999999999913e-04	6.198909999999999913e-06	-6.035589999999999586e-07	-5.937209999999999601e-09	1.167558320000000094e+03	2.700000000000000178e-01
1.655079976134409666e+09	7.579359999999999613e-04	6.198909999999999913e-06	-6.035589999999999586e-07	-5.937209999999999601e-09	1.167510690000000068e+03	2.700000000000000178e-01
1.655079977757766247e+09	7.578170000000000392e-04	6.318120000000000250e-06	-6.035589999999999586e-07	-5.937209999999999601e-09	1.167395749999999907e+03	2.700000000000000178e-01
1.655079979372466803e+09	7.575789999999999781e-04	6.258520000000000008e-06	-6.035589999999999586e-07	-5.937209999999999601e-09	1.167385620000000017e+03	2.700000000000000178e-01
1.655079986005728722e+09	7.543600000000000349e-04	6.258520000000000008e-06	-6.035589999999999586e-07	-5.937209999999999601e-09	1.166689360000000079e+03	2.800000000000000266e-01
1.655079987614390135e+09	7.536450000000000527e-04	6.258520000000000008e-06	-6.035589999999999586e-07	-5.937209999999999601e-09	1.166435279999999921e+03	2.800000000000000266e-01
1.655079989220176935e+09	7.531079999999999459e-04	6.258520000000000008e-06	-6.035589999999999586e-07	-5.937209999999999601e-09	1.166452819999999974e+03	2.800000000000000266e-01
1.655079990837475777e+09	7.525719999999999632e-04	6.258520000000000008e-06	-6.035589999999999586e-07	-5.937209999999999601e-09	1.166390439999999899e+03	2.800000000000000266e-01
1.655079992445853949e+09	7.521550000000000111e-04	6.198909999999999913e-06	-6.035010000000000516e-07	-5.879000000000000068e-09	1.166294329999999945e+03	2.800000000000000266e-01
1.655079994059844494e+09	7.518569999999999811e-04	6.198909999999999913e-06	-6.035589999999999586e-07	-5.937209999999999601e-09	1.166233390000000099e+03	2.800000000000000266e-01
1.655079995671264410e+09	7.514989999999999821e-04	6.198909999999999913e-06	-6.035589999999999586e-07	-5.937209999999999601e-09	1.166172109999999975e+03	2.800000000000000266e-01
1.655079997269841909e+09	7.512009999999999521e-04	6.258520000000000008e-06	-6.035589999999999586e-07	-5.937209999999999601e-09	1.166139419999999973e+03	2.800000000000000266e-01
1.655079998880203962e+09	7.509629999999999994e-04	6.258520000000000008e-06	-6.035589999999999586e-07	-5.937209999999999601e-09	1.166081750000000056e+03	2.800000000000000266e-01
1.655080000487063646e+09	7.507240000000000310e-04	6.198909999999999913e-06	-6.035589999999999586e-07	-5.937209999999999601e-09	1.166042040000000043e+03	2.800000000000000266e-01
1.655080007112415314e+09	7.475649999999999483e-04	6.198909999999999913e-06	-6.035589999999999586e-07	-5.995419999999999961e-09	1.165273909999999887e+03	2.899999999999999800e-01
1.655080008733019352e+09	7.469100000000000435e-04	6.198909999999999913e-06	-6.035589999999999586e-07	-5.937209999999999601e-09	1.165168460000000096e+03	2.899999999999999800e-01
1.655080010338963985e+09	7.463730000000000451e-04	6.198909999999999913e-06	-6.035589999999999586e-07	-5.937209999999999601e-09	1.165087790000000041e+03	2.899999999999999800e-01
1.655080011950944424e+09	7.458369999999999540e-04	6.198909999999999913e-06	-6.035589999999999586e-07	-5.937209999999999601e-09	1.164986329999999953e+03	2.899999999999999800e-01
1.655080013562142611e+09	7.452999999999999556e-04	6.198909999999999913e-06	-6.035589999999999586e-07	-5.937209999999999601e-09	1.164920599999999922e+03	2.899999999999999800e-01
1.655080015168776751e+09	7.450020000000000340e-04	6.198909999999999913e-06	-6.035589999999999586e-07	-5.937209999999999601e-09	1.164851550000000088e+03	2.899999999999999800e-01
1.655080016774456501e+09	7.446450000000000508e-04	6.198909999999999913e-06	-6.035589999999999586e-07	-5.937209999999999601e-09	1.164780839999999898e+03	2.899999999999999800e-01
1.655080018377952814e+09	7.444059999999999740e-04	6.139309999999999670e-06	-6.035589999999999586e-07	-5.937209999999999601e-09	1.164731559999999945e+03	2.899999999999999800e-01
1.655080019977325201e+09	7.441680000000000213e-04	6.079700000000000422e-06	-6.035589999999999586e-07	-5.937209999999999601e-09	1.164679090000000087e+03	2.899999999999999800e-01
1.655080021581958055e+09	7.439890000000000218e-04	6.198909999999999913e-06	-6.035589999999999586e-07	-5.937209999999999601e-09	1.164634199999999964e+03	2.899999999999999800e-01
1.655080028215062618e+09	7.408300000000000475e-04	6.079700000000000422e-06	-6.035589999999999586e-07	-5.937209999999999601e-09	1.163849060000000009e+03	2.999999999999999889e-01
1.655080029822975159e+09	7.400549999999999880e-04	6.079700000000000422e-06	-6.035589999999999586e-07	-5.937209999999999601e-09	1.163810549999999921e+03	2.999999999999999889e-01
1.655080031442516565e+09	7.395779999999999585e-04	6.198909999999999913e-06	-6.035589999999999586e-07	-5.937209999999999601e-09	1.163667979999999943e+03	2.999999999999999889e-01
1.655080033046033382e+09	7.389820000000000069e-04	6.079700000000000422e-06	-6.035589999999999586e-07	-5.937209999999999601e-09	1.163592540000000099e+03	2.999999999999999889e-01
1.655080034653908491e+09	7.385649999999999464e-04	6.079700000000000422e-06	-6.035589999999999586e-07	-5.937209999999999601e-09	1.163508649999999989e+03	2.999999999999999889e-01
1.655080036257472515e+09	7.381479999999999942e-04	6.079700000000000422e-06	-6.035589999999999586e-07	-5.937209999999999601e-09	1.163434829999999920e+03	2.999999999999999889e-01
1.655080037868963242e+09	7.379090000000000258e-04	6.198909999999999913e-06	-6.035589999999999586e-07	-5.937209999999999601e-09	1.163381090000000086e+03	2.999999999999999889e-01
1.655080039490963697e+09	7.375520000000000426e-04	6.020100000000000180e-06	-6.035589999999999586e-07	-5.937209999999999601e-09	1.163326710000000048e+03	2.999999999999999889e-01
1.655080041098962545e+09	7.372540000000000126e-04	6.079700000000000422e-06	-6.035589999999999586e-07	-5.937209999999999601e-09	1.163265789999999924e+03	2.999999999999999889e-01
1.655080042709112406e+09	7.370750000000000132e-04	6.198909999999999913e-06	-6.035589999999999586e-07	-5.937209999999999601e-09	1.163231289999999944e+03	2.999999999999999889e-01
1.655080049350963831e+09	7.339749999999999920e-04	6.020100000000000180e-06	-6.035589999999999586e-07	-5.937209999999999601e-09	1.162456359999999904e+03	3.099999999999999978e-01
1.655080050969073296e+09	7.332000000000000409e-04	6.079700000000000422e-06	-6.035589999999999586e-07	-5.937209999999999601e-09	1.162340560000000096e+03	3.099999999999999978e-01
1.655080052573079348e+09	7.326039999999999809e-04	6.079700000000000422e-06	-6.035589999999999586e-07	-5.937209999999999601e-09	1.162252590000000055e+03	3.099999999999999978e-01
1.655080054186449289e+09	7.322469999999999977e-04	6.020100000000000180e-06	-6.035589999999999586e-07	-5.937209999999999601e-09	1.162154710000000023e+03	3.099999999999999978e-01
1.655080055797951937e+09	7.317099999999999993e-04	6.020100000000000180e-06	-6.035589999999999586e-07	-5.937209999999999601e-09	1.162090799999999945e+03	3.099999999999999978e-01
1.655080057406339645e+09	7.314119999999999693e-04	6.020100000000000180e-06	-6.035589999999999586e-07	-5.937209999999999601e-09	1.162011490000000094e+03	3.099999999999999978e-01
1.655080059022306442e+09	7.309950000000000172e-04	6.020100000000000180e-06	-6.035589999999999586e-07	-5.937209999999999601e-09	1.161957509999999957e+03	3.099999999999999978e-01
1.655080060632999182e+09	7.308160000000000177e-04	6.020100000000000180e-06	-6.035589999999999586e-07	-5.937209999999999601e-09	1.161901090000000067e+03	3.099999999999999978e-01
1.655080062240246058e+09	7.304590000000000345e-04	6.020100000000000180e-06	-6.035589999999999586e-07	-5.937209999999999601e-09	1.161856109999999944e+03	3.099999999999999978e-01
1.655080063845281124e+09	7.301610000000000045e-04	6.079700000000000422e-06	-6.035589999999999586e-07	-5.937209999999999601e-09	1.161813480000000027e+03	3.099999999999999978e-01
1.655080070480489254e+09	7.271800000000000139e-04	6.020100000000000180e-06	-6.035589999999999586e-07	-5.937209999999999601e-09	1.161056129999999939e+03	3.200000000000000067e-01
1.655080072093235731e+09	7.264650000000000317e-04	6.079700000000000422e-06	-6.035589999999999586e-07	-5.937209999999999601e-09	1.160949689999999919e+03	3.200000000000000067e-01
1.655080073707922459e+09	7.258689999999999717e-04	5.960490000000000085e-06	-6.035589999999999586e-07	-5.937209999999999601e-09	1.160854610000000093e+03	3.200000000000000067e-01
1.655080075326422215e+09	7.253920000000000506e-04	6.020100000000000180e-06	-6.035589999999999586e-07	-5.937209999999999601e-09	1.160751130000000103e+03	3.200000000000000067e-01
1.655080076948947668e+09	7.250349999999999590e-04	6.079700000000000422e-06	-6.035589999999999586e-07	-5.937209999999999601e-09	1.160690389999999979e+03	3.200000000000000067e-01
1.655080078564721823e+09	7.246169999999999911e-04	6.020100000000000180e-06	-6.035589999999999586e-07	-5.937209999999999601e-09	1.160604829999999993e+03	3.200000000000000067e-01
1.655080080179282427e+09	7.242600000000000079e-04	5.960490000000000085e-06	-6.035589999999999586e-07	-5.937209999999999601e-09	1.160541870000000017e+03	3.200000000000000067e-01
1.655080081794736862e+09	7.240210000000000395e-04	5.960490000000000085e-06	-6.035589999999999586e-07	-5.879000000000000068e-09	1.160503089999999929e+03	3.200000000000000067e-01
1.655080083406548738e+09	7.237829999999999785e-04	5.960490000000000085e-06	-6.035589999999999586e-07	-5.937209999999999601e-09	1.160436660000000074e+03	3.200000000000000067e-01
1.655080085006755590e+09	7.234849999999999485e-04	6.079700000000000422e-06	-6.035589999999999586e-07	-5.937209999999999601e-09	1.160371000000000095e+03	3.200000000000000067e-01
1.655080091626970053e+09	7.204450000000000047e-04	6.020100000000000180e-06	-6.035589999999999586e-07	-5.937209999999999601e-09	1.159633479999999963e+03	3.300000000000000155e-01
1.655080093240176439e+09	7.197300000000000225e-04	6.020100000000000180e-06	-6.035589999999999586e-07	-5.937209999999999601e-09	1.159497740000000022e+03	3.300000000000000155e-01
1.655080094846092701e+09	7.191339999999999625e-04	5.960490000000000085e-06	-6.035589999999999586e-07	-5.879000000000000068e-09	1.159420929999999998e+03	3.300000000000000155e-01
1.655080096456916571e+09	7.185969999999999641e-04	5.960490000000000085e-06	-6.035589999999999586e-07	-5.937209999999999601e-09	1.159333280000000059e+03	3.300000000000000155e-01
1.655080098077189922e+09	7.182399999999999809e-04	5.960490000000000085e-06	-6.035589999999999586e-07	-5.937209999999999601e-09	1.159260600000000068e+03	3.300000000000000155e-01
1.655080099687176943e+09	7.179419999999999509e-04	5.960490000000000085e-06	-6.035589999999999586e-07	-5.937209999999999601e-09	1.159189309999999978e+03	3.300000000000000155e-01
1.655080101292354345e+09	7.175839999999999519e-04	5.960490000000000085e-06	-6.035589999999999586e-07	-5.937209999999999601e-09	1.159128009999999904e+03	3.300000000000000155e-01
1.655080102898963213e+09	7.172259999999999530e-04	5.841279999999999747e-06	-6.035589999999999586e-07	-5.937209999999999601e-09	1.159066610000000082e+03	3.300000000000000155e-01
1.655080104506630182e+09	7.170479999999999693e-04	5.960490000000000085e-06	-6.035589999999999586e-07	-5.937209999999999601e-09	1.159027350000000069e+03	3.300000000000000155e-01
1.655080106119841337e+09	7.168090000000000009e-04	5.900889999999999842e-06	-6.035589999999999586e-07	-5.995419999999999961e-09	1.158997560000000021e+03	3.300000000000000155e-01
1.655080112743715048e+09	7.137689999999999486e-04	5.960490000000000085e-06	-6.035589999999999586e-07	-5.995419999999999961e-09	1.158238419999999905e+03	3.400000000000000244e-01
1.655080114354303598e+09	7.131140000000000439e-04	5.841279999999999747e-06	-6.035589999999999586e-07	-5.937209999999999601e-09	1.158117359999999962e+03	3.400000000000000244e-01
1.655080115961313248e+09	7.125179999999999838e-04	5.841279999999999747e-06	-6.035589999999999586e-07	-5.937209999999999601e-09	1.158016339999999900e+03	3.400000000000000244e-01
1.655080117567952871e+09	7.120409999999999543e-04	5.841279999999999747e-06	-6.035589999999999586e-07	-5.995419999999999961e-09	1.157906230000000050e+03	3.400000000000000244e-01
1.655080119172268867e+09	7.116240000000000022e-04	5.841279999999999747e-06	-6.035589999999999586e-07	-5.937209999999999601e-09	1.157841519999999946e+03	3.400000000000000244e-01
1.655080120772572756e+09	7.110870000000000038e-04	5.841279999999999747e-06	-6.035589999999999586e-07	-5.937209999999999601e-09	1.157778319999999894e+03	3.400000000000000244e-01
1.655080122390043497e+09	7.109080000000000043e-04	5.841279999999999747e-06	-6.035589999999999586e-07	-5.937209999999999601e-09	1.157713150000000041e+03	3.400000000000000244e-01
1.655080124006951094e+09	7.106099999999999743e-04	5.900889999999999842e-06	-6.035589999999999586e-07	-5.937209999999999601e-09	1.157665780000000041e+03	3.400000000000000244e-01
1.655080125617952585e+09	7.103720000000000217e-04	5.841279999999999747e-06	-6.035589999999999586e-07	-5.937209999999999601e-09	1.157613170000000082e+03	3.400000000000000244e-01
1.655080127232743979e+09	7.100140000000000227e-04	5.841279999999999747e-06	-6.035589999999999586e-07	-5.937209999999999601e-09	1.157555080000000089e+03	3.400000000000000244e-01
1.655080133860042572e+09	7.071529999999999700e-04	5.841279999999999747e-06	-6.035589999999999586e-07	-5.937209999999999601e-09	1.156810330000000022e+03	3.500000000000000333e-01
1.655080135467198372e+09	7.063780000000000189e-04	5.781680000000000352e-06	-6.035589999999999586e-07	-5.937209999999999601e-09	1.156693809999999985e+03	3.500000000000000333e-01
1.655080137069328308e+09	7.059020000000000052e-04	5.781680000000000352e-06	-6.036169999999999714e-07	-5.937209999999999601e-09	1.156594010000000026e+03	3.500000000000000333e-01
1.655080138686258793e+09	7.053050000000000378e-04	5.841279999999999747e-06	-6.035589999999999586e-07	-5.937209999999999601e-09	1.156508080000000064e+03	3.500000000000000333e-01
1.655080140292032719e+09	7.048879999999999773e-04	5.841279999999999747e-06	-6.035589999999999586e-07	-5.937209999999999601e-09	1.156433739999999943e+03	3.500000000000000333e-01
1.655080141906031847e+09	7.045309999999999941e-04	5.841279999999999747e-06	-6.036169999999999714e-07	-5.995419999999999961e-09	1.156356579999999894e+03	3.500000000000000333e-01
1.655080143506311655e+09	7.042329999999999640e-04	5.781680000000000352e-06	-6.035589999999999586e-07	-5.937209999999999601e-09	1.156297970000000078e+03	3.500000000000000333e-01
1.655080145118942976e+09	7.039350000000000425e-04	5.781680000000000352e-06	-6.036169999999999714e-07	-5.937209999999999601e-09	1.156231809999999996e+03	3.500000000000000333e-01
1.655080146731699705e+09	7.037560000000000430e-04	5.781680000000000352e-06	-6.036169999999999714e-07	-5.937209999999999601e-09	1.156175719999999956e+03	3.500000000000000333e-01
1.655080148350842714e+09	7.033980000000000440e-04	5.781680000000000352e-06	-6.036169999999999714e-07	-5.879000000000000068e-09	1.156130779999999959e+03	3.500000000000000333e-01
1.655080154973891020e+09	7.005369999999999913e-04	5.781680000000000352e-06	-6.035589999999999586e-07	-5.937209999999999601e-09	1.155397840000000087e+03	3.599999999999999867e-01
1.655080156595132828e+09	6.998809999999999623e-04	5.781680000000000352e-06	-6.036169999999999714e-07	-5.937209999999999601e-09	1.155275750000000016e+03	3.599999999999999867e-01
1.655080158208961964e+09	6.992259999999999491e-04	5.781680000000000352e-06	-6.035589999999999586e-07	-5.937209999999999601e-09	1.155171250000000100e+03	3.599999999999999867e-01
1.655080159814723492e+09	6.988089999999999970e-04	5.841279999999999747e-06	-6.035589999999999586e-07	-5.937209999999999601e-09	1.155084970000000112e+03	3.599999999999999867e-01
1.655080161425872564e+09	6.983910000000000291e-04	5.781680000000000352e-06	-6.036169999999999714e-07	-5.937209999999999601e-09	1.154999919999999975e+03	3.599999999999999867e-01
1.655080163035672665e+09	6.979150000000000154e-04	5.722080000000000109e-06	-6.035589999999999586e-07	-5.937209999999999601e-09	1.154935480000000098e+03	3.599999999999999867e-01
1.655080164642368555e+09	6.976760000000000470e-04	5.722080000000000109e-06	-6.035589999999999586e-07	-5.937209999999999601e-09	1.154876530000000002e+03	3.599999999999999867e-01
1.655080166257276535e+09	6.973180000000000480e-04	5.722080000000000109e-06	-6.036169999999999714e-07	-5.995419999999999961e-09	1.154818320000000085e+03	3.599999999999999867e-01
1.655080167870458841e+09	6.970799999999999870e-04	5.722080000000000109e-06	-6.035589999999999586e-07	-5.937209999999999601e-09	1.154770330000000058e+03	3.599999999999999867e-01
1.655080169471587658e+09	6.967819999999999570e-04	5.781680000000000352e-06	-6.036169999999999714e-07	-5.937209999999999601e-09	1.154729219999999941e+03	3.599999999999999867e-01
1.655080176108391523e+09	6.940400000000000432e-04	5.722080000000000109e-06	-6.036169999999999714e-07	-5.937209999999999601e-09	1.153925160000000005e+03	3.699999999999999956e-01
1.655080177709845066e+09	6.932649999999999837e-04	5.722080000000000109e-06	-6.035589999999999586e-07	-5.937209999999999601e-09	1.153876909999999953e+03	3.699999999999999956e-01
1.655080179333171368e+09	6.926690000000000321e-04	5.722080000000000109e-06	-6.036169999999999714e-07	-5.937209999999999601e-09	1.153735470000000078e+03	3.699999999999999956e-01
1.655080180936185598e+09	6.923120000000000489e-04	5.722080000000000109e-06	-6.036169999999999714e-07	-5.937209999999999601e-09	1.153645240000000058e+03	3.699999999999999956e-01
1.655080182554372311e+09	6.917750000000000505e-04	5.722080000000000109e-06	-6.036169999999999714e-07	-5.937209999999999601e-09	1.153561230000000023e+03	3.699999999999999956e-01
1.655080184170980692e+09	6.914179999999999588e-04	5.662470000000000014e-06	-6.036169999999999714e-07	-5.937209999999999601e-09	1.153509019999999964e+03	3.699999999999999956e-01
1.655080185795295000e+09	6.911789999999999904e-04	5.722080000000000109e-06	-6.036169999999999714e-07	-5.937209999999999601e-09	1.153444549999999936e+03	3.699999999999999956e-01
1.655080187394230366e+09	6.908220000000000072e-04	5.662470000000000014e-06	-6.036169999999999714e-07	-5.937209999999999601e-09	1.153365360000000010e+03	3.699999999999999956e-01
1.655080189007952690e+09	6.905239999999999772e-04	5.662470000000000014e-06	-6.035589999999999586e-07	-5.937209999999999601e-09	1.153317379999999957e+03	3.699999999999999956e-01
1.655080190624448061e+09	6.902850000000000088e-04	5.722080000000000109e-06	-6.036169999999999714e-07	-5.937209999999999601e-09	1.153270800000000008e+03	3.699999999999999956e-01
1.655080197257355213e+09	6.874840000000000334e-04	5.722080000000000109e-06	-6.036169999999999714e-07	-5.937209999999999601e-09	1.152550279999999930e+03	3.800000000000000044e-01
1.655080198882170677e+09	6.868280000000000045e-04	5.662470000000000014e-06	-6.036169999999999714e-07	-5.937209999999999601e-09	1.152446989999999914e+03	3.800000000000000044e-01
1.655080200493964195e+09	6.862920000000000218e-04	5.602869999999999772e-06	-6.036169999999999714e-07	-5.937209999999999601e-09	1.152345330000000104e+03	3.800000000000000044e-01
1.655080202110959530e+09	6.858149999999999923e-04	5.662470000000000014e-06	-6.036169999999999714e-07	-5.937209999999999601e-09	1.152266409999999951e+03	3.800000000000000044e-01
1.655080203728962421e+09	6.853379999999999628e-04	5.722080000000000109e-06	-6.036169999999999714e-07	-5.937209999999999601e-09	1.152178789999999935e+03	3.800000000000000044e-01
1.655080205338962317e+09	6.849210000000000107e-04	5.662470000000000014e-06	-6.036169999999999714e-07	-5.937209999999999601e-09	1.152111480000000029e+03	3.800000000000000044e-01
1.655080206946190596e+09	6.845630000000000118e-04	5.662470000000000014e-06	-6.036169999999999714e-07	-5.937209999999999601e-09	1.152044900000000098e+03	3.800000000000000044e-01
1.655080208560837269e+09	6.843249999999999507e-04	5.662470000000000014e-06	-6.036169999999999714e-07	-5.937209999999999601e-09	1.151997450000000072e+03	3.800000000000000044e-01
1.655080210176915169e+09	6.840270000000000291e-04	5.662470000000000014e-06	-6.036169999999999714e-07	-5.937209999999999601e-09	1.151920980000000100e+03	3.800000000000000044e-01
1.655080211790962696e+09	6.837879999999999523e-04	5.662470000000000014e-06	-6.036169999999999714e-07	-5.937209999999999601e-09	1.151873990000000049e+03	3.800000000000000044e-01
1.655080218425330400e+09	6.809869999999999769e-04	5.662470000000000014e-06	-6.036169999999999714e-07	-5.937209999999999601e-09	1.151151620000000094e+03	3.900000000000000133e-01
1.655080220037088871e+09	6.802719999999999947e-04	5.602869999999999772e-06	-6.036169999999999714e-07	-5.937209999999999601e-09	1.151026229999999941e+03	3.900000000000000133e-01
1.655080221640357018e+09	6.797949999999999653e-04	5.602869999999999772e-06	-6.036169999999999714e-07	-5.937209999999999601e-09	1.150926850000000059e+03	3.900000000000000133e-01
1.655080223239316702e+09	6.792579999999999668e-04	5.602869999999999772e-06	-6.036169999999999714e-07	-5.937209999999999601e-09	1.150854389999999967e+03	3.900000000000000133e-01
1.655080224861802816e+09	6.789009999999999836e-04	5.602869999999999772e-06	-6.036169999999999714e-07	-5.937209999999999601e-09	1.150755370000000084e+03	3.900000000000000133e-01
1.655080226475633621e+09	6.784830000000000158e-04	5.602869999999999772e-06	-6.036169999999999714e-07	-5.937209999999999601e-09	1.150681350000000066e+03	3.900000000000000133e-01
1.655080228098963022e+09	6.781849999999999858e-04	5.662470000000000014e-06	-6.036169999999999714e-07	-5.937209999999999601e-09	1.150621579999999994e+03	3.900000000000000133e-01
1.655080229709156036e+09	6.778280000000000026e-04	5.543259999999999677e-06	-6.036169999999999714e-07	-5.937209999999999601e-09	1.150573789999999917e+03	3.900000000000000133e-01
1.655080231314138412e+09	6.776490000000000031e-04	5.662470000000000014e-06	-6.036169999999999714e-07	-5.879000000000000068e-09	1.150528690000000097e+03	3.900000000000000133e-01
1.655080232923938274e+09	6.773509999999999731e-04	5.662470000000000014e-06	-6.036169999999999714e-07	-5.937209999999999601e-09	1.150471569999999929e+03	3.900000000000000133e-01
1.655080239555037260e+09	6.745489999999999819e-04	5.543259999999999677e-06	-6.036169999999999714e-07	-5.937209999999999601e-09	1.149729859999999917e+03	4.000000000000000222e-01
1.655080241172174692e+09	6.739530000000000303e-04	5.483660000000000281e-06	-6.036169999999999714e-07	-5.937209999999999601e-09	1.149629670000000033e+03	4.000000000000000222e-01
1.655080242783468723e+09	6.734170000000000477e-04	5.543259999999999677e-06	-6.036169999999999714e-07	-5.937209999999999601e-09	1.149522359999999935e+03	4.000000000000000222e-01
1.655080244388072729e+09	6.729400000000000182e-04	5.483660000000000281e-06	-6.036169999999999714e-07	-5.937209999999999601e-09	1.149436989999999923e+03	4.000000000000000222e-01
1.655080246004189491e+09	6.725229999999999576e-04	5.543259999999999677e-06	-6.036169999999999714e-07	-5.937209999999999601e-09	1.149349639999999908e+03	4.000000000000000222e-01
1.655080247623549938e+09	6.721060000000000055e-04	5.543259999999999677e-06	-6.036169999999999714e-07	-5.937209999999999601e-09	1.149289520000000039e+03	4.000000000000000222e-01
1.655080249235282898e+09	6.718079999999999755e-04	5.543259999999999677e-06	-6.036169999999999714e-07	-5.937209999999999601e-09	1.149209380000000010e+03	4.000000000000000222e-01
1.655080250840963602e+09	6.715100000000000539e-04	5.543259999999999677e-06	-6.036169999999999714e-07	-5.937209999999999601e-09	1.149149989999999889e+03	4.000000000000000222e-01
1.655080252457704544e+09	6.712120000000000239e-04	5.543259999999999677e-06	-6.036169999999999714e-07	-5.937209999999999601e-09	1.149078469999999925e+03	4.000000000000000222e-01
1.655080254065650225e+09	6.709729999999999471e-04	5.543259999999999677e-06	-6.036169999999999714e-07	-5.937209999999999601e-09	1.149046700000000101e+03	4.000000000000000222e-01
1.655080260704785585e+09	6.682910000000000022e-04	5.543259999999999677e-06	-6.036169999999999714e-07	-5.937209999999999601e-09	1.148354160000000093e+03	4.100000000000000311e-01
1.655080262315988064e+09	6.676349999999999733e-04	5.483660000000000281e-06	-6.036169999999999714e-07	-5.937209999999999601e-09	1.148237200000000030e+03	4.100000000000000311e-01
1.655080263928963184e+09	6.671589999999999595e-04	5.483660000000000281e-06	-6.036169999999999714e-07	-5.937209999999999601e-09	1.148134729999999990e+03	4.100000000000000311e-01
1.655080265535051107e+09	6.666820000000000385e-04	5.483660000000000281e-06	-6.036169999999999714e-07	-5.937209999999999601e-09	1.148050940000000082e+03	4.100000000000000311e-01
1.655080267144633055e+09	6.663240000000000395e-04	5.483660000000000281e-06	-6.036169999999999714e-07	-5.937209999999999601e-09	1.147980039999999917e+03	4.100000000000000311e-01
1.655080268754476786e+09	6.658470000000000100e-04	5.543259999999999677e-06	-6.036169999999999714e-07	-5.937209999999999601e-09	1.147878600000000006e+03	4.100000000000000311e-01
1.655080270362298727e+09	6.654900000000000268e-04	5.483660000000000281e-06	-6.036169999999999714e-07	-5.937209999999999601e-09	1.147842069999999921e+03	4.100000000000000311e-01
1.655080271969872236e+09	6.652509999999999500e-04	5.483660000000000281e-06	-6.036169999999999714e-07	-5.937209999999999601e-09	1.147774190000000090e+03	4.100000000000000311e-01
1.655080273587637186e+09	6.649530000000000284e-04	5.483660000000000281e-06	-6.036169999999999714e-07	-5.937209999999999601e-09	1.147719990000000053e+03	4.100000000000000311e-01
1.655080275201987743e+09	6.647149999999999673e-04	5.424050000000000186e-06	-6.036169999999999714e-07	-5.937209999999999601e-09	1.147657020000000102e+03	4.100000000000000311e-01
1.655080281825079918e+09	6.620919999999999757e-04	5.543259999999999677e-06	-6.036169999999999714e-07	-5.937209999999999601e-09	1.146955920000000106e+03	4.199999999999999845e-01
1.655080283436058044e+09	6.614359999999999467e-04	5.483660000000000281e-06	-6.036749999999999842e-07	-5.937209999999999601e-09	1.146858150000000023e+03	4.199999999999999845e-01
1.655080285043187380e+09	6.609600000000000414e-04	5.424050000000000186e-06	-6.036169999999999714e-07	-5.937209999999999601e-09	1.146729029999999966e+03	4.199999999999999845e-01
1.655080286649844170e+09	6.604830000000000119e-04	5.483660000000000281e-06	-6.036169999999999714e-07	-5.937209999999999601e-09	1.146648390000000063e+03	4.199999999999999845e-01
1.655080288260962963e+09	6.600059999999999824e-04	5.543259999999999677e-06	-6.036169999999999714e-07	-5.937209999999999601e-09	1.146562149999999974e+03	4.199999999999999845e-01
1.655080289876275063e+09	6.597079999999999524e-04	5.424050000000000186e-06	-6.036169999999999714e-07	-5.937209999999999601e-09	1.146509469999999965e+03	4.199999999999999845e-01
1.655080291485327244e+09	6.593499999999999535e-04	5.483660000000000281e-06	-6.036169999999999714e-07	-5.937209999999999601e-09	1.146439080000000104e+03	4.199999999999999845e-01
1.655080293097297430e+09	6.589929999999999703e-04	5.483660000000000281e-06	-6.036169999999999714e-07	-5.937209999999999601e-09	1.146387660000000096e+03	4.199999999999999845e-01
1.655080294704443455e+09	6.586950000000000487e-04	5.424050000000000186e-06	-6.036169999999999714e-07	-5.937209999999999601e-09	1.146350689999999986e+03	4.199999999999999845e-01
1.655080296313000441e+09	6.585750000000000024e-04	5.483660000000000281e-06	-6.036169999999999714e-07	-5.937209999999999601e-09	1.146276730000000043e+03	4.199999999999999845e-01
1.655080302936996460e+09	6.559530000000000265e-04	5.364449999999999944e-06	-6.036169999999999714e-07	-5.937209999999999601e-09	1.145574969999999894e+03	4.299999999999999933e-01
1.655080304552363157e+09	6.552969999999999975e-04	5.364449999999999944e-06	-6.036169999999999714e-07	-5.937209999999999601e-09	1.145473009999999931e+03	4.299999999999999933e-01
1.655080306173054934e+09	6.548199999999999681e-04	5.424050000000000186e-06	-6.036169999999999714e-07	-5.937209999999999601e-09	1.145374790000000075e+03	4.299999999999999933e-01
1.655080307788962364e+09	6.542839999999999854e-04	5.424050000000000186e-06	-6.036169999999999714e-07	-5.937209999999999601e-09	1.145282140000000027e+03	4.299999999999999933e-01
1.655080309389835835e+09	6.538069999999999559e-04	5.364449999999999944e-06	-6.036169999999999714e-07	-5.995419999999999961e-09	1.145195009999999911e+03	4.299999999999999933e-01
1.655080311003179550e+09	6.535090000000000343e-04	5.364449999999999944e-06	-6.036169999999999714e-07	-5.937209999999999601e-09	1.145124579999999924e+03	4.299999999999999933e-01
1.655080312616213799e+09	6.532110000000000043e-04	5.364449999999999944e-06	-6.036169999999999714e-07	-5.995419999999999961e-09	1.145059989999999971e+03	4.299999999999999933e-01
1.655080314232814312e+09	6.529129999999999743e-04	5.364449999999999944e-06	-6.036169999999999714e-07	-5.937209999999999601e-09	1.144989949999999908e+03	4.299999999999999933e-01
1.655080315845435619e+09	6.526150000000000527e-04	5.424050000000000186e-06	-6.036749999999999842e-07	-5.937209999999999601e-09	1.144939210000000003e+03	4.299999999999999933e-01
1.655080317453461170e+09	6.523769999999999916e-04	5.364449999999999944e-06	-6.036749999999999842e-07	-5.937209999999999601e-09	1.144889319999999998e+03	4.299999999999999933e-01
1.655080324085410357e+09	6.498730000000000305e-04	5.304839999999999849e-06	-6.036169999999999714e-07	-5.937209999999999601e-09	1.144196089999999913e+03	4.400000000000000022e-01
1.655080325692048550e+09	6.492180000000000173e-04	5.364449999999999944e-06	-6.036169999999999714e-07	-5.937209999999999601e-09	1.144088790000000017e+03	4.400000000000000022e-01
1.655080327295356989e+09	6.487409999999999878e-04	5.364449999999999944e-06	-6.036169999999999714e-07	-5.995419999999999961e-09	1.143996180000000095e+03	4.400000000000000022e-01
1.655080328904608250e+09	6.482639999999999583e-04	5.364449999999999944e-06	-6.036169999999999714e-07	-5.937209999999999601e-09	1.143908940000000030e+03	4.400000000000000022e-01
1.655080330508962870e+09	6.479059999999999594e-04	5.364449999999999944e-06	-6.036169999999999714e-07	-5.937209999999999601e-09	1.143824540000000070e+03	4.400000000000000022e-01
1.655080332123185635e+09	6.474890000000000072e-04	5.364449999999999944e-06	-6.036169999999999714e-07	-5.937209999999999601e-09	1.143750710000000026e+03	4.400000000000000022e-01
1.655080333729963779e+09	6.471909999999999772e-04	5.364449999999999944e-06	-6.036749999999999842e-07	-5.937209999999999601e-09	1.143693989999999985e+03	4.400000000000000022e-01
1.655080335336347342e+09	6.468929999999999472e-04	5.245239999999999606e-06	-6.036749999999999842e-07	-5.937209999999999601e-09	1.143630560000000060e+03	4.400000000000000022e-01
1.655080336944579601e+09	6.465950000000000256e-04	5.304839999999999849e-06	-6.036169999999999714e-07	-5.937209999999999601e-09	1.143576340000000073e+03	4.400000000000000022e-01
1.655080338547724724e+09	6.463559999999999488e-04	5.245239999999999606e-06	-6.036749999999999842e-07	-5.937209999999999601e-09	1.143526180000000068e+03	4.400000000000000022e-01
1.655080345167952538e+09	6.438530000000000034e-04	5.245239999999999606e-06	-6.036169999999999714e-07	-5.937209999999999601e-09	1.142849670000000060e+03	4.500000000000000111e-01
1.655080346767942905e+09	6.433170000000000208e-04	5.364449999999999944e-06	-6.036749999999999842e-07	-5.937209999999999601e-09	1.142726750000000038e+03	4.500000000000000111e-01
1.655080348374298573e+09	6.427800000000000223e-04	5.245239999999999606e-06	-6.036169999999999714e-07	-5.937209999999999601e-09	1.142624409999999898e+03	4.500000000000000111e-01
1.655080349985799789e+09	6.423029999999999929e-04	5.245239999999999606e-06	-6.036749999999999842e-07	-5.937209999999999601e-09	1.142537170000000060e+03	4.500000000000000111e-01
1.655080351600182295e+09	6.419460000000000097e-04	5.245239999999999606e-06	-6.036169999999999714e-07	-5.937209999999999601e-09	1.142463829999999916e+03	4.500000000000000111e-01
1.655080353213175058e+09	6.415289999999999491e-04	5.245239999999999606e-06	-6.036169999999999714e-07	-5.995419999999999961e-09	1.142411039999999957e+03	4.500000000000000111e-01
1.655080354820206881e+09	6.411709999999999502e-04	5.304839999999999849e-06	-6.036749999999999842e-07	-5.937209999999999601e-09	1.142326859999999897e+03	4.500000000000000111e-01
1.655080356432016134e+09	6.409319999999999818e-04	5.245239999999999606e-06	-6.036169999999999714e-07	-5.937209999999999601e-09	1.142256270000000086e+03	4.500000000000000111e-01
1.655080358048208475e+09	6.406339999999999518e-04	5.304839999999999849e-06	-6.036169999999999714e-07	-5.995419999999999961e-09	1.142198390000000018e+03	4.500000000000000111e-01
1.655080359655189753e+09	6.403360000000000302e-04	5.304839999999999849e-06	-6.036749999999999842e-07	-5.937209999999999601e-09	1.142164050000000088e+03	4.500000000000000111e-01
1.655080366276569366e+09	6.380119999999999758e-04	5.245239999999999606e-06	-6.036749999999999842e-07	-5.937209999999999601e-09	1.141504830000000084e+03	4.600000000000000200e-01
1.655080367898963451e+09	6.374160000000000242e-04	5.245239999999999606e-06	-6.036169999999999714e-07	-5.937209999999999601e-09	1.141405600000000049e+03	4.600000000000000200e-01
1.655080369514976501e+09	6.368790000000000258e-04	5.245239999999999606e-06	-6.036749999999999842e-07	-5.937209999999999601e-09	1.141301719999999932e+03	4.600000000000000200e-01
1.655080371126595736e+09	6.365220000000000426e-04	5.245239999999999606e-06	-6.036749999999999842e-07	-5.937209999999999601e-09	1.141189589999999953e+03	4.600000000000000200e-01
1.655080372735946417e+09	6.360450000000000131e-04	5.185630000000000358e-06	-6.036169999999999714e-07	-5.937209999999999601e-09	1.141111040000000003e+03	4.600000000000000200e-01
1.655080374337951899e+09	6.356870000000000142e-04	5.245239999999999606e-06	-6.036749999999999842e-07	-5.937209999999999601e-09	1.141039500000000089e+03	4.600000000000000200e-01
1.655080375947009087e+09	6.352699999999999536e-04	5.304839999999999849e-06	-6.036749999999999842e-07	-5.995419999999999961e-09	1.140972479999999905e+03	4.600000000000000200e-01
1.655080377564295769e+09	6.350909999999999542e-04	5.185630000000000358e-06	-6.036749999999999842e-07	-5.937209999999999601e-09	1.140919439999999895e+03	4.600000000000000200e-01
1.655080379174298286e+09	6.348530000000000015e-04	5.245239999999999606e-06	-6.036749999999999842e-07	-5.937209999999999601e-09	1.140867510000000038e+03	4.600000000000000200e-01
1.655080380789963007e+09	6.345549999999999715e-04	5.185630000000000358e-06	-6.036749999999999842e-07	-5.937209999999999601e-09	1.140798839999999927e+03	4.600000000000000200e-01
1.655080387425281048e+09	6.321709999999999482e-04	5.245239999999999606e-06	-6.036749999999999842e-07	-5.937209999999999601e-09	1.140150920000000042e+03	4.700000000000000289e-01
1.655080389037000179e+09	6.315749999999999966e-04	5.185630000000000358e-06	-6.036749999999999842e-07	-5.937209999999999601e-09	1.140068109999999933e+03	4.700000000000000289e-01
1.655080390636279821e+09	6.310379999999999982e-04	5.185630000000000358e-06	-6.036749999999999842e-07	-5.937209999999999601e-09	1.139947589999999991e+03	4.700000000000000289e-01
1.655080392243403673e+09	6.306210000000000461e-04	5.185630000000000358e-06	-6.036749999999999842e-07	-5.937209999999999601e-09	1.139849519999999984e+03	4.700000000000000289e-01
1.655080393860479832e+09	6.302039999999999855e-04	5.185630000000000358e-06	-6.036749999999999842e-07	-5.995419999999999961e-09	1.139785720000000083e+03	4.700000000000000289e-01
1.655080395482320070e+09	6.298459999999999866e-04	5.185630000000000358e-06	-6.036749999999999842e-07	-5.937209999999999601e-09	1.139701970000000074e+03	4.700000000000000289e-01
1.655080397091145754e+09	6.295479999999999566e-04	5.185630000000000358e-06	-6.036749999999999842e-07	-5.995419999999999961e-09	1.139642650000000003e+03	4.700000000000000289e-01
1.655080398698961735e+09	6.292500000000000350e-04	5.185630000000000358e-06	-6.036749999999999842e-07	-5.937209999999999601e-09	1.139595659999999953e+03	4.700000000000000289e-01
1.655080400297892332e+09	6.290119999999999739e-04	5.185630000000000358e-06	-6.036749999999999842e-07	-5.937209999999999601e-09	1.139515010000000075e+03	4.700000000000000289e-01
1.655080401904186964e+09	6.287140000000000523e-04	5.245239999999999606e-06	-6.036749999999999842e-07	-5.937209999999999601e-09	1.139477509999999938e+03	4.700000000000000289e-01
1.655080408523947477e+09	6.264489999999999512e-04	5.185630000000000358e-06	-6.036749999999999842e-07	-5.995419999999999961e-09	1.138832509999999957e+03	4.799999999999999822e-01
1.655080410128144026e+09	6.258519999999999838e-04	5.126030000000000115e-06	-6.036749999999999842e-07	-5.937209999999999601e-09	1.138732880000000023e+03	4.799999999999999822e-01
1.655080411735136747e+09	6.253160000000000012e-04	5.185630000000000358e-06	-6.036749999999999842e-07	-5.937209999999999601e-09	1.138605639999999994e+03	4.799999999999999822e-01
1.655080413344392300e+09	6.248990000000000490e-04	5.066420000000000020e-06	-6.036749999999999842e-07	-5.937209999999999601e-09	1.138538810000000012e+03	4.799999999999999822e-01
1.655080414951016188e+09	6.245410000000000501e-04	5.185630000000000358e-06	-6.036749999999999842e-07	-5.937209999999999601e-09	1.138454989999999952e+03	4.799999999999999822e-01
1.655080416555290937e+09	6.241839999999999585e-04	5.126030000000000115e-06	-6.036749999999999842e-07	-5.995419999999999961e-09	1.138382000000000062e+03	4.799999999999999822e-01
1.655080418162181377e+09	6.238259999999999595e-04	5.185630000000000358e-06	-6.036749999999999842e-07	-5.937209999999999601e-09	1.138315839999999980e+03	4.799999999999999822e-01
1.655080419783152342e+09	6.235280000000000379e-04	5.126030000000000115e-06	-6.036749999999999842e-07	-5.937209999999999601e-09	1.138256609999999910e+03	4.799999999999999822e-01
1.655080421387952566e+09	6.232889999999999611e-04	5.126030000000000115e-06	-6.036749999999999842e-07	-5.937209999999999601e-09	1.138186079999999947e+03	4.799999999999999822e-01
1.655080422997952700e+09	6.230510000000000085e-04	5.126030000000000115e-06	-6.036749999999999842e-07	-5.937209999999999601e-09	1.138149400000000014e+03	4.799999999999999822e-01
1.655080429623247147e+09	6.207860000000000157e-04	5.126030000000000115e-06	-6.036749999999999842e-07	-5.937209999999999601e-09	1.137510800000000017e+03	4.899999999999999911e-01
1.655080431233685493e+09	6.201899999999999557e-04	5.126030000000000115e-06	-6.036749999999999842e-07	-5.937209999999999601e-09	1.137396379999999908e+03	4.899999999999999911e-01
1.655080432836437464e+09	6.197130000000000347e-04	5.185630000000000358e-06	-6.036749999999999842e-07	-5.937209999999999601e-09	1.137305260000000089e+03	4.899999999999999911e-01
1.655080434450963974e+09	6.192959999999999741e-04	5.126030000000000115e-06	-6.036749999999999842e-07	-5.937209999999999601e-09	1.137241800000000012e+03	4.899999999999999911e-01
1.655080436062289476e+09	6.189379999999999752e-04	5.066420000000000020e-06	-6.036749999999999842e-07	-5.937209999999999601e-09	1.137128140000000030e+03	4.899999999999999911e-01
1.655080437681223631e+09	6.185210000000000230e-04	5.066420000000000020e-06	-6.036749999999999842e-07	-5.937209999999999601e-09	1.137067739999999958e+03	4.899999999999999911e-01
1.655080439297284842e+09	6.182229999999999930e-04	5.006819999999999778e-06	-6.036749999999999842e-07	-5.937209999999999601e-09	1.136992999999999938e+03	4.899999999999999911e-01
1.655080440908962727e+09	6.179249999999999630e-04	5.126030000000000115e-06	-6.036749999999999842e-07	-5.995419999999999961e-09	1.136933790000000045e+03	4.899999999999999911e-01
1.655080442514189005e+09	6.176870000000000104e-04	5.126030000000000115e-06	-6.036749999999999842e-07	-5.937209999999999601e-09	1.136873190000000022e+03	4.899999999999999911e-01
1.655080444126885653e+09	6.173889999999999803e-04	5.126030000000000115e-06	-6.036749999999999842e-07	-5.937209999999999601e-09	1.136819989999999962e+03	4.899999999999999911e-01
1.655080450757034063e+09	6.151830000000000492e-04	5.006819999999999778e-06	-6.036749999999999842e-07	-5.937209999999999601e-09	1.136196729999999889e+03	5.000000000000000000e-01
1.655080452363702059e+09	6.145869999999999892e-04	5.006819999999999778e-06	-6.036749999999999842e-07	-5.937209999999999601e-09	1.136093260000000100e+03	5.000000000000000000e-01
1.655080453971419334e+09	6.141099999999999597e-04	5.006819999999999778e-06	-6.036749999999999842e-07	-5.937209999999999601e-09	1.135994999999999891e+03	5.000000000000000000e-01
1.655080455588392258e+09	6.136930000000000076e-04	5.066420000000000020e-06	-6.036749999999999842e-07	-5.937209999999999601e-09	1.135913469999999961e+03	5.000000000000000000e-01
1.655080457197971821e+09	6.132159999999999781e-04	5.006819999999999778e-06	-6.036749999999999842e-07	-5.937209999999999601e-09	1.135832040000000006e+03	5.000000000000000000e-01
1.655080458825629950e+09	6.128589999999999949e-04	5.066420000000000020e-06	-6.036749999999999842e-07	-5.937209999999999601e-09	1.135749649999999974e+03	5.000000000000000000e-01
1.655080460433037281e+09	6.126200000000000265e-04	5.006819999999999778e-06	-6.036749999999999842e-07	-5.937209999999999601e-09	1.135701369999999997e+03	5.000000000000000000e-01
1.655080462042946339e+09	6.123219999999999965e-04	4.947209999999999683e-06	-6.036749999999999842e-07	-5.937209999999999601e-09	1.135628269999999929e+03	5.000000000000000000e-01
1.655080463658057213e+09	6.120840000000000438e-04	5.006819999999999778e-06	-6.036749999999999842e-07	-5.937209999999999601e-09	1.135584160000000111e+03	5.000000000000000000e-01
1.655080465265422106e+09	6.117860000000000138e-04	5.126030000000000115e-06	-6.036749999999999842e-07	-5.995419999999999961e-09	1.135527990000000045e+03	5.000000000000000000e-01
1.655080471907539368e+09	6.096400000000000517e-04	5.066420000000000020e-06	-6.036749999999999842e-07	-5.937209999999999601e-09	1.134909650000000056e+03	5.100000000000000089e-01
1.655080473523838282e+09	6.091039999999999606e-04	5.006819999999999778e-06	-6.036749999999999842e-07	-5.995419999999999961e-09	1.134798739999999952e+03	5.100000000000000089e-01
1.655080475144473553e+09	6.086270000000000395e-04	5.006819999999999778e-06	-6.037329999999999971e-07	-5.995419999999999961e-09	1.134699609999999893e+03	5.100000000000000089e-01
1.655080476762290955e+09	6.081500000000000100e-04	5.006819999999999778e-06	-6.036749999999999842e-07	-5.995419999999999961e-09	1.134610879999999952e+03	5.100000000000000089e-01
1.655080478380943298e+09	6.077920000000000111e-04	4.947209999999999683e-06	-6.036749999999999842e-07	-5.937209999999999601e-09	1.134535910000000058e+03	5.100000000000000089e-01
1.655080479996511936e+09	6.075539999999999500e-04	5.006819999999999778e-06	-6.036749999999999842e-07	-5.937209999999999601e-09	1.134451000000000022e+03	5.100000000000000089e-01
1.655080481618962526e+09	6.071959999999999510e-04	5.006819999999999778e-06	-6.036749999999999842e-07	-5.937209999999999601e-09	1.134394600000000082e+03	5.100000000000000089e-01
1.655080483225459099e+09	6.068389999999999678e-04	5.066420000000000020e-06	-6.036749999999999842e-07	-5.937209999999999601e-09	1.134339789999999994e+03	5.100000000000000089e-01
1.655080484830963850e+09	6.065410000000000463e-04	5.006819999999999778e-06	-6.036749999999999842e-07	-5.937209999999999601e-09	1.134274840000000040e+03	5.100000000000000089e-01
1.655080486439886808e+09	6.063620000000000468e-04	4.947209999999999683e-06	-6.036749999999999842e-07	-5.995419999999999961e-09	1.134236319999999978e+03	5.100000000000000089e-01
1.655080493057705402e+09	6.042159999999999762e-04	4.947209999999999683e-06	-6.036749999999999842e-07	-5.937209999999999601e-09	1.133624420000000100e+03	5.200000000000000178e-01
1.655080494662975550e+09	6.037389999999999467e-04	4.947209999999999683e-06	-6.036749999999999842e-07	-5.937209999999999601e-09	1.133516969999999901e+03	5.200000000000000178e-01
1.655080496277920008e+09	6.032620000000000256e-04	4.947209999999999683e-06	-6.036749999999999842e-07	-5.937209999999999601e-09	1.133416230000000041e+03	5.200000000000000178e-01
1.655080497899846315e+09	6.027849999999999962e-04	4.947209999999999683e-06	-6.036749999999999842e-07	-5.937209999999999601e-09	1.133347719999999981e+03	5.200000000000000178e-01
1.655080499525185347e+09	6.024280000000000130e-04	5.006819999999999778e-06	-6.036749999999999842e-07	-5.937209999999999601e-09	1.133259810000000016e+03	5.200000000000000178e-01
1.655080501141815662e+09	6.020109999999999524e-04	4.947209999999999683e-06	-6.036749999999999842e-07	-5.937209999999999601e-09	1.133184050000000070e+03	5.200000000000000178e-01
1.655080502747951984e+09	6.017719999999999840e-04	4.947209999999999683e-06	-6.036749999999999842e-07	-5.937209999999999601e-09	1.133128040000000055e+03	5.200000000000000178e-01
1.655080504350323915e+09	6.014739999999999540e-04	4.947209999999999683e-06	-6.036749999999999842e-07	-5.995419999999999961e-09	1.133055090000000064e+03	5.200000000000000178e-01
1.655080505958962679e+09	6.012949999999999545e-04	4.947209999999999683e-06	-6.036749999999999842e-07	-5.937209999999999601e-09	1.133005979999999909e+03	5.200000000000000178e-01
1.655080507561430216e+09	6.009970000000000329e-04	4.947209999999999683e-06	-6.036749999999999842e-07	-5.937209999999999601e-09	1.132938400000000001e+03	5.200000000000000178e-01
1.655080514186059713e+09	5.988519999999999781e-04	4.947209999999999683e-06	-6.036749999999999842e-07	-5.937209999999999601e-09	1.132355260000000044e+03	5.300000000000000266e-01
1.655080515811232328e+09	5.983149999999999797e-04	5.006819999999999778e-06	-6.036749999999999842e-07	-5.937209999999999601e-09	1.132239859999999908e+03	5.300000000000000266e-01
1.655080517428397417e+09	5.978379999999999502e-04	4.887610000000000287e-06	-6.036749999999999842e-07	-5.995419999999999961e-09	1.132170540000000074e+03	5.300000000000000266e-01
1.655080519042610407e+09	5.974809999999999670e-04	4.887610000000000287e-06	-6.036749999999999842e-07	-5.937209999999999601e-09	1.132064450000000079e+03	5.300000000000000266e-01
1.655080520653065920e+09	5.970629999999999991e-04	4.887610000000000287e-06	-6.036749999999999842e-07	-5.937209999999999601e-09	1.131997440000000097e+03	5.300000000000000266e-01
1.655080522258398294e+09	5.967649999999999691e-04	4.887610000000000287e-06	-6.036749999999999842e-07	-5.937209999999999601e-09	1.131925930000000108e+03	5.300000000000000266e-01
1.655080523876788139e+09	5.964079999999999859e-04	4.887610000000000287e-06	-6.036749999999999842e-07	-5.937209999999999601e-09	1.131857559999999921e+03	5.300000000000000266e-01
1.655080525482291222e+09	5.962289999999999864e-04	4.887610000000000287e-06	-6.036749999999999842e-07	-5.937209999999999601e-09	1.131800070000000005e+03	5.300000000000000266e-01
1.655080527100993395e+09	5.959309999999999564e-04	4.887610000000000287e-06	-6.037329999999999971e-07	-5.937209999999999601e-09	1.131747440000000097e+03	5.300000000000000266e-01
1.655080528707252026e+09	5.956930000000000038e-04	4.887610000000000287e-06	-6.036749999999999842e-07	-5.995419999999999961e-09	1.131683430000000044e+03	5.300000000000000266e-01
1.655080535338272810e+09	5.936059999999999948e-04	4.887610000000000287e-06	-6.036749999999999842e-07	-5.937209999999999601e-09	1.131100979999999936e+03	5.400000000000000355e-01
1.655080536961297989e+09	5.931299999999999810e-04	4.887610000000000287e-06	-6.036749999999999842e-07	-5.995419999999999961e-09	1.131006249999999909e+03	5.400000000000000355e-01
1.655080538571176529e+09	5.927120000000000132e-04	4.828010000000000045e-06	-6.036749999999999842e-07	-5.995419999999999961e-09	1.130910519999999906e+03	5.400000000000000355e-01
1.655080540179064512e+09	5.922949999999999526e-04	4.828010000000000045e-06	-6.036749999999999842e-07	-5.937209999999999601e-09	1.130808929999999918e+03	5.400000000000000355e-01
1.655080541786999702e+09	5.918780000000000005e-04	4.887610000000000287e-06	-6.036749999999999842e-07	-5.995419999999999961e-09	1.130728489999999965e+03	5.400000000000000355e-01
1.655080543401193380e+09	5.915799999999999705e-04	4.828010000000000045e-06	-6.036749999999999842e-07	-5.937209999999999601e-09	1.130679120000000012e+03	5.400000000000000355e-01
1.655080545009963036e+09	5.912820000000000489e-04	4.887610000000000287e-06	-6.037329999999999971e-07	-5.937209999999999601e-09	1.130613170000000082e+03	5.400000000000000355e-01
1.655080546612960339e+09	5.909240000000000499e-04	4.887610000000000287e-06	-6.037329999999999971e-07	-5.995419999999999961e-09	1.130546650000000000e+03	5.400000000000000355e-01
1.655080548229827881e+09	5.907450000000000504e-04	4.828010000000000045e-06	-6.037329999999999971e-07	-5.937209999999999601e-09	1.130480459999999994e+03	5.400000000000000355e-01
1.655080549842976809e+09	5.905069999999999894e-04	4.828010000000000045e-06	-6.037329999999999971e-07	-5.937209999999999601e-09	1.130429679999999962e+03	5.400000000000000355e-01
1.655080556463286161e+09	5.884799999999999493e-04	4.828010000000000045e-06	-6.036749999999999842e-07	-5.937209999999999601e-09	1.129871180000000095e+03	5.500000000000000444e-01
1.655080558070226908e+09	5.879439999999999666e-04	4.828010000000000045e-06	-6.037329999999999971e-07	-5.937209999999999601e-09	1.129765319999999974e+03	5.500000000000000444e-01
1.655080559670318604e+09	5.875270000000000145e-04	4.828010000000000045e-06	-6.037329999999999971e-07	-5.995419999999999961e-09	1.129669640000000072e+03	5.500000000000000444e-01
1.655080561291915894e+09	5.870499999999999850e-04	4.887610000000000287e-06	-6.036749999999999842e-07	-5.937209999999999601e-09	1.129585489999999936e+03	5.500000000000000444e-01
1.655080562894444227e+09	5.867519999999999550e-04	4.828010000000000045e-06	-6.037329999999999971e-07	-5.995419999999999961e-09	1.129491140000000087e+03	5.500000000000000444e-01
1.655080564503941298e+09	5.864540000000000334e-04	4.768399999999999950e-06	-6.037329999999999971e-07	-5.937209999999999601e-09	1.129441910000000007e+03	5.500000000000000444e-01
1.655080566121602058e+09	5.861560000000000034e-04	4.768399999999999950e-06	-6.037329999999999971e-07	-5.937209999999999601e-09	1.129378909999999905e+03	5.500000000000000444e-01
1.655080567745042801e+09	5.858579999999999734e-04	4.828010000000000045e-06	-6.037329999999999971e-07	-5.937209999999999601e-09	1.129297450000000026e+03	5.500000000000000444e-01
1.655080569345072269e+09	5.856190000000000050e-04	4.828010000000000045e-06	-6.037329999999999971e-07	-5.995419999999999961e-09	1.129250549999999976e+03	5.500000000000000444e-01
1.655080570956534624e+09	5.853810000000000523e-04	4.887610000000000287e-06	-6.037329999999999971e-07	-5.937209999999999601e-09	1.129200579999999945e+03	5.500000000000000444e-01
1.655080577598963976e+09	5.833540000000000123e-04	4.828010000000000045e-06	-6.037329999999999971e-07	-5.937209999999999601e-09	1.128620030000000042e+03	5.600000000000000533e-01
1.655080579215931416e+09	5.828779999999999985e-04	4.828010000000000045e-06	-6.037329999999999971e-07	-5.937209999999999601e-09	1.128524380000000065e+03	5.600000000000000533e-01
1.655080580821642399e+09	5.825199999999999996e-04	4.708799999999999707e-06	-6.037329999999999971e-07	-5.995419999999999961e-09	1.128426050000000032e+03	5.600000000000000533e-01
1.655080582437085629e+09	5.820429999999999701e-04	4.768399999999999950e-06	-6.037329999999999971e-07	-5.937209999999999601e-09	1.128358040000000074e+03	5.600000000000000533e-01
1.655080584055182219e+09	5.816849999999999712e-04	4.768399999999999950e-06	-6.037329999999999971e-07	-5.937209999999999601e-09	1.128269990000000007e+03	5.600000000000000533e-01
1.655080585664715767e+09	5.813279999999999880e-04	4.828010000000000045e-06	-6.037329999999999971e-07	-5.937209999999999601e-09	1.128204179999999951e+03	5.600000000000000533e-01
1.655080587267989397e+09	5.810890000000000196e-04	4.768399999999999950e-06	-6.037329999999999971e-07	-5.937209999999999601e-09	1.128148989999999912e+03	5.600000000000000533e-01
1.655080588885844231e+09	5.807909999999999896e-04	4.768399999999999950e-06	-6.037329999999999971e-07	-5.995419999999999961e-09	1.128072190000000091e+03	5.600000000000000533e-01
1.655080590503110409e+09	5.805530000000000369e-04	4.768399999999999950e-06	-6.037329999999999971e-07	-5.937209999999999601e-09	1.128013320000000022e+03	5.600000000000000533e-01
1.655080592118331432e+09	5.803740000000000374e-04	4.768399999999999950e-06	-6.037329999999999971e-07	-5.937209999999999601e-09	1.127975149999999985e+03	5.600000000000000533e-01
1.655080598746219635e+09	5.782880000000000442e-04	4.708799999999999707e-06	-6.037329999999999971e-07	-5.995419999999999961e-09	1.127418910000000096e+03	5.700000000000000622e-01
1.655080600363250017e+09	5.778709999999999836e-04	4.708799999999999707e-06	-6.037329999999999971e-07	-5.995419999999999961e-09	1.127319690000000037e+03	5.700000000000000622e-01
1.655080601975134611e+09	5.773939999999999542e-04	4.768399999999999950e-06	-6.037329999999999971e-07	-5.937209999999999601e-09	1.127220540000000028e+03	5.700000000000000622e-01
1.655080603586778641e+09	5.769770000000000020e-04	4.708799999999999707e-06	-6.037329999999999971e-07	-5.937209999999999601e-09	1.127147449999999935e+03	5.700000000000000622e-01
1.655080605204390049e+09	5.767980000000000025e-04	4.708799999999999707e-06	-6.037329999999999971e-07	-5.937209999999999601e-09	1.127059349999999995e+03	5.700000000000000622e-01
1.655080606820516348e+09	5.764400000000000036e-04	4.768399999999999950e-06	-6.037329999999999971e-07	-5.995419999999999961e-09	1.126992940000000090e+03	5.700000000000000622e-01
1.655080608425693750e+09	5.760230000000000515e-04	4.708799999999999707e-06	-6.037329999999999971e-07	-5.937209999999999601e-09	1.126913080000000036e+03	5.700000000000000622e-01
1.655080610039943933e+09	5.757849999999999904e-04	4.708799999999999707e-06	-6.037329999999999971e-07	-5.995419999999999961e-09	1.126879249999999956e+03	5.700000000000000622e-01
1.655080611655380964e+09	5.755460000000000220e-04	4.649189999999999612e-06	-6.036749999999999842e-07	-5.937209999999999601e-09	1.126820590000000038e+03	5.700000000000000622e-01
1.655080613255833626e+09	5.753670000000000225e-04	4.768399999999999950e-06	-6.037329999999999971e-07	-5.937209999999999601e-09	1.126764269999999897e+03	5.700000000000000622e-01
1.655080619882020712e+09	5.734600000000000287e-04	4.708799999999999707e-06	-6.037329999999999971e-07	-5.937209999999999601e-09	1.126230999999999995e+03	5.799999999999999600e-01
1.655080621506116390e+09	5.729829999999999993e-04	4.708799999999999707e-06	-6.037329999999999971e-07	-5.995419999999999961e-09	1.126107680000000073e+03	5.799999999999999600e-01
1.655080623126064777e+09	5.725660000000000471e-04	4.708799999999999707e-06	-6.037329999999999971e-07	-5.937209999999999601e-09	1.126028710000000046e+03	5.799999999999999600e-01
1.655080624739449501e+09	5.720890000000000176e-04	4.708799999999999707e-06	-6.037329999999999971e-07	-5.937209999999999601e-09	1.125941759999999931e+03	5.799999999999999600e-01
1.655080626348963261e+09	5.718509999999999566e-04	4.708799999999999707e-06	-6.037329999999999971e-07	-5.937209999999999601e-09	1.125858269999999948e+03	5.799999999999999600e-01
1.655080627959828377e+09	5.715530000000000350e-04	4.708799999999999707e-06	-6.037329999999999971e-07	-5.937209999999999601e-09	1.125800379999999905e+03	5.799999999999999600e-01
1.655080629572885752e+09	5.711950000000000360e-04	4.708799999999999707e-06	-6.037329999999999971e-07	-5.937209999999999601e-09	1.125741459999999961e+03	5.799999999999999600e-01
1.655080631182580948e+09	5.708970000000000060e-04	4.708799999999999707e-06	-6.037329999999999971e-07	-5.995419999999999961e-09	1.125676529999999957e+03	5.799999999999999600e-01
1.655080632797205210e+09	5.706590000000000534e-04	4.649189999999999612e-06	-6.037329999999999971e-07	-5.937209999999999601e-09	1.125611149999999952e+03	5.799999999999999600e-01
1.655080634405897141e+09	5.704800000000000539e-04	4.708799999999999707e-06	-6.037329999999999971e-07	-5.995419999999999961e-09	1.125582769999999982e+03	5.799999999999999600e-01
1.655080641031265259e+09	5.686919999999999822e-04	4.708799999999999707e-06	-6.037329999999999971e-07	-5.937209999999999601e-09	1.125027559999999994e+03	5.899999999999999689e-01
1.655080642645423889e+09	5.681549999999999838e-04	4.649189999999999612e-06	-6.037329999999999971e-07	-5.937209999999999601e-09	1.124920260000000098e+03	5.899999999999999689e-01
1.655080644257978439e+09	5.677380000000000317e-04	4.649189999999999612e-06	-6.037920000000000375e-07	-5.937209999999999601e-09	1.124830200000000104e+03	5.899999999999999689e-01
1.655080645876391888e+09	5.673209999999999711e-04	4.649189999999999612e-06	-6.037329999999999971e-07	-5.937209999999999601e-09	1.124755450000000110e+03	5.899999999999999689e-01
1.655080647490154982e+09	5.670230000000000496e-04	4.649189999999999612e-06	-6.037329999999999971e-07	-5.995419999999999961e-09	1.124681350000000066e+03	5.899999999999999689e-01
1.655080649096311331e+09	5.667250000000000195e-04	4.708799999999999707e-06	-6.037329999999999971e-07	-5.937209999999999601e-09	1.124615299999999934e+03	5.899999999999999689e-01
1.655080650715420008e+09	5.664269999999999895e-04	4.649189999999999612e-06	-6.037329999999999971e-07	-5.937209999999999601e-09	1.124539739999999938e+03	5.899999999999999689e-01
1.655080652333355665e+09	5.662479999999999901e-04	4.649189999999999612e-06	-6.037329999999999971e-07	-5.937209999999999601e-09	1.124487789999999904e+03	5.899999999999999689e-01
1.655080653936207294e+09	5.658899999999999911e-04	4.708799999999999707e-06	-6.037329999999999971e-07	-5.995419999999999961e-09	1.124433950000000095e+03	5.899999999999999689e-01
1.655080655545341492e+09	5.656520000000000385e-04	4.649189999999999612e-06	-6.037329999999999971e-07	-5.937209999999999601e-09	1.124363959999999906e+03	5.899999999999999689e-01
1.655080662169877529e+09	5.638639999999999668e-04	4.708799999999999707e-06	-6.037329999999999971e-07	-5.937209999999999601e-09	1.123851859999999988e+03	5.999999999999999778e-01
1.655080663795330763e+09	5.632680000000000152e-04	4.649189999999999612e-06	-6.037329999999999971e-07	-5.995419999999999961e-09	1.123748319999999921e+03	5.999999999999999778e-01
1.655080665401410341e+09	5.629699999999999852e-04	4.649189999999999612e-06	-6.037920000000000375e-07	-5.937209999999999601e-09	1.123661360000000059e+03	5.999999999999999778e-01
1.655080667011332035e+09	5.626119999999999862e-04	4.589590000000000217e-06	-6.037920000000000375e-07	-5.937209999999999601e-09	1.123594239999999900e+03	5.999999999999999778e-01
1.655080668616998434e+09	5.621950000000000341e-04	4.649189999999999612e-06	-6.037329999999999971e-07	-5.995419999999999961e-09	1.123496589999999969e+03	5.999999999999999778e-01
1.655080670228395224e+09	5.619559999999999573e-04	4.649189999999999612e-06	-6.037920000000000375e-07	-5.995419999999999961e-09	1.123444220000000087e+03	5.999999999999999778e-01
1.655080671836606741e+09	5.617180000000000046e-04	4.649189999999999612e-06	-6.037329999999999971e-07	-5.995419999999999961e-09	1.123379560000000083e+03	5.999999999999999778e-01
1.655080673448398590e+09	5.613600000000000057e-04	4.589590000000000217e-06	-6.037329999999999971e-07	-5.937209999999999601e-09	1.123312390000000050e+03	5.999999999999999778e-01
1.655080675067261219e+09	5.611810000000000062e-04	4.649189999999999612e-06	-6.037920000000000375e-07	-5.937209999999999601e-09	1.123245409999999993e+03	5.999999999999999778e-01
1.655080676682157278e+09	5.608829999999999762e-04	4.649189999999999612e-06	-6.037329999999999971e-07	-5.995419999999999961e-09	1.123211880000000065e+03	5.999999999999999778e-01
1.655080683312541008e+09	5.591549999999999819e-04	4.589590000000000217e-06	-6.037329999999999971e-07	-5.995419999999999961e-09	1.122682039999999915e+03	6.099999999999999867e-01
1.655080684918962717e+09	5.586779999999999524e-04	4.589590000000000217e-06	-6.037329999999999971e-07	-5.937209999999999601e-09	1.122569590000000062e+03	6.099999999999999867e-01
1.655080686531723738e+09	5.582610000000000003e-04	4.649189999999999612e-06	-6.037920000000000375e-07	-5.937209999999999601e-09	1.122525360000000092e+03	6.099999999999999867e-01
1.655080688131015778e+09	5.579030000000000013e-04	4.589590000000000217e-06	-6.037329999999999971e-07	-5.937209999999999601e-09	1.122406899999999951e+03	6.099999999999999867e-01
1.655080689737952232e+09	5.575460000000000181e-04	4.589590000000000217e-06	-6.037329999999999971e-07	-5.937209999999999601e-09	1.122362270000000080e+03	6.099999999999999867e-01
1.655080691347151041e+09	5.572479999999999881e-04	4.589590000000000217e-06	-6.037329999999999971e-07	-5.937209999999999601e-09	1.122276450000000068e+03	6.099999999999999867e-01
1.655080692961213112e+09	5.570090000000000197e-04	4.589590000000000217e-06	-6.037920000000000375e-07	-5.937209999999999601e-09	1.122209579999999960e+03	6.099999999999999867e-01
1.655080694572569132e+09	5.566520000000000365e-04	4.589590000000000217e-06	-6.037920000000000375e-07	-5.995419999999999961e-09	1.122161929999999984e+03	6.099999999999999867e-01
1.655080696185421228e+09	5.565319999999999902e-04	4.589590000000000217e-06	-6.037920000000000375e-07	-5.937209999999999601e-09	1.122100529999999935e+03	6.099999999999999867e-01
1.655080697797210455e+09	5.562940000000000376e-04	4.589590000000000217e-06	-6.037920000000000375e-07	-5.937209999999999601e-09	1.122053180000000111e+03	6.099999999999999867e-01
1.655080704420961857e+09	5.545650000000000275e-04	4.649189999999999612e-06	-6.037920000000000375e-07	-5.995419999999999961e-09	1.121554229999999961e+03	6.199999999999999956e-01
1.655080706035314798e+09	5.540890000000000138e-04	4.529980000000000122e-06	-6.037329999999999971e-07	-5.937209999999999601e-09	1.121439200000000028e+03	6.199999999999999956e-01
1.655080707633293390e+09	5.537310000000000149e-04	4.589590000000000217e-06	-6.037920000000000375e-07	-5.937209999999999601e-09	1.121358300000000099e+03	6.199999999999999956e-01
1.655080709241963625e+09	5.533139999999999543e-04	4.589590000000000217e-06	-6.037329999999999971e-07	-5.937209999999999601e-09	1.121269309999999905e+03	6.199999999999999956e-01
1.655080710860022306e+09	5.530160000000000327e-04	4.589590000000000217e-06	-6.037329999999999971e-07	-5.937209999999999601e-09	1.121201980000000049e+03	6.199999999999999956e-01
1.655080712476482153e+09	5.527180000000000027e-04	4.529980000000000122e-06	-6.037920000000000375e-07	-5.937209999999999601e-09	1.121130709999999908e+03	6.199999999999999956e-01
1.655080714088319063e+09	5.524199999999999727e-04	4.589590000000000217e-06	-6.037329999999999971e-07	-5.937209999999999601e-09	1.121070030000000088e+03	6.199999999999999956e-01
1.655080715703976631e+09	5.521810000000000043e-04	4.589590000000000217e-06	-6.037920000000000375e-07	-5.937209999999999601e-09	1.121020680000000084e+03	6.199999999999999956e-01
1.655080717304946184e+09	5.520020000000000048e-04	4.529980000000000122e-06	-6.037329999999999971e-07	-5.937209999999999601e-09	1.120947380000000067e+03	6.199999999999999956e-01
1.655080718912244558e+09	5.516450000000000216e-04	4.529980000000000122e-06	-6.037329999999999971e-07	-5.937209999999999601e-09	1.120907269999999926e+03	6.199999999999999956e-01
1.655080725536188602e+09	5.499759999999999805e-04	4.470379999999999879e-06	-6.037329999999999971e-07	-5.937209999999999601e-09	1.120413350000000037e+03	6.300000000000000044e-01
1.655080727150187016e+09	5.494989999999999510e-04	4.529980000000000122e-06	-6.037329999999999971e-07	-5.937209999999999601e-09	1.120310789999999997e+03	6.300000000000000044e-01
1.655080728759824991e+09	5.492609999999999984e-04	4.529980000000000122e-06	-6.037920000000000375e-07	-5.937209999999999601e-09	1.120221990000000005e+03	6.300000000000000044e-01
1.655080730372184038e+09	5.487839999999999689e-04	4.529980000000000122e-06	-6.037920000000000375e-07	-5.937209999999999601e-09	1.120150779999999941e+03	6.300000000000000044e-01
1.655080731980100870e+09	5.485450000000000005e-04	4.529980000000000122e-06	-6.037920000000000375e-07	-5.995419999999999961e-09	1.120069700000000012e+03	6.300000000000000044e-01
1.655080733587952375e+09	5.481880000000000173e-04	4.529980000000000122e-06	-6.037920000000000375e-07	-5.937209999999999601e-09	1.120019970000000058e+03	6.300000000000000044e-01
1.655080735194722891e+09	5.478899999999999873e-04	4.589590000000000217e-06	-6.037920000000000375e-07	-5.937209999999999601e-09	1.119936030000000073e+03	6.300000000000000044e-01
1.655080736802178383e+09	5.476510000000000189e-04	4.410769999999999784e-06	-6.037329999999999971e-07	-5.937209999999999601e-09	1.119897960000000012e+03	6.300000000000000044e-01
1.655080738405150652e+09	5.474129999999999578e-04	4.529980000000000122e-06	-6.037920000000000375e-07	-5.937209999999999601e-09	1.119833200000000033e+03	6.300000000000000044e-01
1.655080740008962870e+09	5.472339999999999583e-04	4.529980000000000122e-06	-6.037329999999999971e-07	-5.937209999999999601e-09	1.119787080000000060e+03	6.300000000000000044e-01
1.655080746629263878e+09	5.455650000000000256e-04	4.470379999999999879e-06	-6.037920000000000375e-07	-5.937209999999999601e-09	1.119279759999999897e+03	6.400000000000000133e-01
1.655080748252248287e+09	5.452070000000000267e-04	4.470379999999999879e-06	-6.037920000000000375e-07	-5.937209999999999601e-09	1.119207470000000058e+03	6.400000000000000133e-01
1.655080749866113901e+09	5.447310000000000129e-04	4.410769999999999784e-06	-6.037920000000000375e-07	-5.937209999999999601e-09	1.119104219999999941e+03	6.400000000000000133e-01
1.655080751476437330e+09	5.444329999999999829e-04	4.410769999999999784e-06	-6.037329999999999971e-07	-5.937209999999999601e-09	1.119027049999999917e+03	6.400000000000000133e-01
1.655080753096454859e+09	5.441349999999999529e-04	4.410769999999999784e-06	-6.037329999999999971e-07	-5.937209999999999601e-09	1.118955099999999902e+03	6.400000000000000133e-01
1.655080754706797838e+09	5.437769999999999540e-04	4.410769999999999784e-06	-6.037329999999999971e-07	-5.937209999999999601e-09	1.118890509999999949e+03	6.400000000000000133e-01
1.655080756314054966e+09	5.434790000000000324e-04	4.470379999999999879e-06	-6.037920000000000375e-07	-5.937209999999999601e-09	1.118832470000000058e+03	6.400000000000000133e-01
1.655080757920963526e+09	5.433600000000000018e-04	4.410769999999999784e-06	-6.037920000000000375e-07	-5.995419999999999961e-09	1.118775570000000016e+03	6.400000000000000133e-01
1.655080759525948524e+09	5.430619999999999718e-04	4.470379999999999879e-06	-6.037920000000000375e-07	-5.995419999999999961e-09	1.118723979999999983e+03	6.400000000000000133e-01
1.655080761140164614e+09	5.427640000000000502e-04	4.410769999999999784e-06	-6.037920000000000375e-07	-5.995419999999999961e-09	1.118669339999999920e+03	6.400000000000000133e-01
1.655080767769832134e+09	5.412140000000000397e-04	4.410769999999999784e-06	-6.037920000000000375e-07	-5.937209999999999601e-09	1.118184760000000097e+03	6.500000000000000222e-01
1.655080769385447741e+09	5.407370000000000102e-04	4.410769999999999784e-06	-6.037920000000000375e-07	-5.937209999999999601e-09	1.118111040000000003e+03	6.500000000000000222e-01
1.655080771007985830e+09	5.403790000000000112e-04	4.410769999999999784e-06	-6.037920000000000375e-07	-5.937209999999999601e-09	1.118016069999999900e+03	6.500000000000000222e-01
1.655080772613831758e+09	5.400809999999999812e-04	4.410769999999999784e-06	-6.037920000000000375e-07	-5.937209999999999601e-09	1.117935719999999947e+03	6.500000000000000222e-01
1.655080774222294569e+09	5.397239999999999980e-04	4.410769999999999784e-06	-6.037920000000000375e-07	-5.937209999999999601e-09	1.117856919999999946e+03	6.500000000000000222e-01
1.655080775839721441e+09	5.394259999999999680e-04	4.410769999999999784e-06	-6.037920000000000375e-07	-5.937209999999999601e-09	1.117785000000000082e+03	6.500000000000000222e-01
1.655080777452180624e+09	5.391280000000000464e-04	4.410769999999999784e-06	-6.037920000000000375e-07	-5.937209999999999601e-09	1.117727110000000039e+03	6.500000000000000222e-01
1.655080779064496279e+09	5.388889999999999696e-04	4.351170000000000389e-06	-6.037920000000000375e-07	-5.937209999999999601e-09	1.117662749999999960e+03	6.500000000000000222e-01
1.655080780677431107e+09	5.386510000000000169e-04	4.410769999999999784e-06	-6.037920000000000375e-07	-5.937209999999999601e-09	1.117600629999999910e+03	6.500000000000000222e-01
1.655080782291920424e+09	5.384720000000000175e-04	4.410769999999999784e-06	-6.037920000000000375e-07	-5.937209999999999601e-09	1.117579189999999926e+03	6.500000000000000222e-01
1.655080788922297001e+09	5.369220000000000069e-04	4.351170000000000389e-06	-6.037920000000000375e-07	-5.937209999999999601e-09	1.117127160000000003e+03	6.600000000000000311e-01
1.655080790543997765e+09	5.364459999999999932e-04	4.410769999999999784e-06	-6.037920000000000375e-07	-5.995419999999999961e-09	1.116989460000000008e+03	6.600000000000000311e-01
1.655080792162976742e+09	5.360879999999999942e-04	4.351170000000000389e-06	-6.037329999999999971e-07	-5.937209999999999601e-09	1.116913849999999911e+03	6.600000000000000311e-01
1.655080793762302399e+09	5.357299999999999953e-04	4.410769999999999784e-06	-6.037920000000000375e-07	-5.995419999999999961e-09	1.116842689999999948e+03	6.600000000000000311e-01
1.655080795384703636e+09	5.354319999999999653e-04	4.351170000000000389e-06	-6.037920000000000375e-07	-5.937209999999999601e-09	1.116778990000000022e+03	6.600000000000000311e-01
1.655080796988389015e+09	5.351940000000000126e-04	4.410769999999999784e-06	-6.037920000000000375e-07	-5.937209999999999601e-09	1.116708260000000109e+03	6.600000000000000311e-01
1.655080798595110655e+09	5.349550000000000442e-04	4.410769999999999784e-06	-6.037920000000000375e-07	-5.937209999999999601e-09	1.116643219999999928e+03	6.600000000000000311e-01
1.655080800205245972e+09	5.346570000000000142e-04	4.410769999999999784e-06	-6.037920000000000375e-07	-5.937209999999999601e-09	1.116577479999999923e+03	6.600000000000000311e-01
1.655080801813019037e+09	5.344189999999999531e-04	4.410769999999999784e-06	-6.037920000000000375e-07	-5.937209999999999601e-09	1.116538129999999910e+03	6.600000000000000311e-01
1.655080803426201582e+09	5.341810000000000004e-04	4.410769999999999784e-06	-6.037920000000000375e-07	-5.937209999999999601e-09	1.116474570000000085e+03	6.600000000000000311e-01
1.655080810041641951e+09	5.326309999999999899e-04	4.351170000000000389e-06	-6.037920000000000375e-07	-5.937209999999999601e-09	1.116005000000000109e+03	6.700000000000000400e-01
1.655080811660944223e+09	5.323329999999999599e-04	4.410769999999999784e-06	-6.037920000000000375e-07	-5.937209999999999601e-09	1.115920810000000074e+03	6.700000000000000400e-01
1.655080813267917395e+09	5.318560000000000388e-04	4.351170000000000389e-06	-6.037920000000000375e-07	-5.937209999999999601e-09	1.115829799999999977e+03	6.700000000000000400e-01
1.655080814888817310e+09	5.315580000000000088e-04	4.351170000000000389e-06	-6.037920000000000375e-07	-5.937209999999999601e-09	1.115767160000000104e+03	6.700000000000000400e-01
1.655080816494501352e+09	5.313199999999999477e-04	4.291560000000000294e-06	-6.037920000000000375e-07	-5.995419999999999961e-09	1.115682029999999941e+03	6.700000000000000400e-01
1.655080818110114098e+09	5.309619999999999488e-04	4.410769999999999784e-06	-6.037920000000000375e-07	-5.995419999999999961e-09	1.115633360000000039e+03	6.700000000000000400e-01
1.655080819722572088e+09	5.307229999999999804e-04	4.351170000000000389e-06	-6.037920000000000375e-07	-5.937209999999999601e-09	1.115563450000000103e+03	6.700000000000000400e-01
1.655080821336247921e+09	5.304249999999999503e-04	4.351170000000000389e-06	-6.037920000000000375e-07	-5.937209999999999601e-09	1.115500109999999950e+03	6.700000000000000400e-01
1.655080822953786612e+09	5.302469999999999666e-04	4.351170000000000389e-06	-6.037920000000000375e-07	-5.937209999999999601e-09	1.115466969999999947e+03	6.700000000000000400e-01
1.655080824566482782e+09	5.300679999999999671e-04	4.351170000000000389e-06	-6.037920000000000375e-07	-5.995419999999999961e-09	1.115404890000000023e+03	6.700000000000000400e-01
1.655080831196096182e+09	5.283990000000000345e-04	4.351170000000000389e-06	-6.037920000000000375e-07	-5.937209999999999601e-09	1.114942360000000008e+03	6.800000000000000488e-01
1.655080832809962749e+09	5.280410000000000355e-04	4.291560000000000294e-06	-6.037920000000000375e-07	-5.937209999999999601e-09	1.114854800000000068e+03	6.800000000000000488e-01
1.655080834417600155e+09	5.276840000000000523e-04	4.291560000000000294e-06	-6.037920000000000375e-07	-5.937209999999999601e-09	1.114773439999999937e+03	6.800000000000000488e-01
1.655080836025454283e+09	5.274449999999999755e-04	4.351170000000000389e-06	-6.037920000000000375e-07	-5.937209999999999601e-09	1.114701450000000023e+03	6.800000000000000488e-01
1.655080837643987179e+09	5.270280000000000234e-04	4.291560000000000294e-06	-6.037920000000000375e-07	-5.937209999999999601e-09	1.114622959999999921e+03	6.800000000000000488e-01
1.655080839249001980e+09	5.267899999999999623e-04	4.351170000000000389e-06	-6.037920000000000375e-07	-5.995419999999999961e-09	1.114566479999999956e+03	6.800000000000000488e-01
1.655080840861451149e+09	5.264920000000000407e-04	4.291560000000000294e-06	-6.037920000000000375e-07	-5.937209999999999601e-09	1.114494359999999915e+03	6.800000000000000488e-01
1.655080842466007948e+09	5.263719999999999944e-04	4.291560000000000294e-06	-6.037920000000000375e-07	-5.937209999999999601e-09	1.114444829999999911e+03	6.800000000000000488e-01
1.655080844067868471e+09	5.261340000000000417e-04	4.291560000000000294e-06	-6.037920000000000375e-07	-5.937209999999999601e-09	1.114388999999999896e+03	6.800000000000000488e-01
1.655080845690282583e+09	5.258360000000000117e-04	4.351170000000000389e-06	-6.037920000000000375e-07	-5.937209999999999601e-09	1.114341259999999920e+03	6.800000000000000488e-01
1.655080852312739849e+09	5.243459999999999701e-04	4.291560000000000294e-06	-6.037920000000000375e-07	-5.937209999999999601e-09	1.113902430000000095e+03	6.900000000000000577e-01
1.655080853934140205e+09	5.239879999999999712e-04	4.351170000000000389e-06	-6.037920000000000375e-07	-5.995419999999999961e-09	1.113801560000000109e+03	6.900000000000000577e-01
1.655080855540963173e+09	5.236309999999999880e-04	4.351170000000000389e-06	-6.037920000000000375e-07	-6.053630000000000322e-09	1.113732099999999946e+03	6.900000000000000577e-01
1.655080857153034925e+09	5.233329999999999579e-04	4.291560000000000294e-06	-6.037920000000000375e-07	-5.995419999999999961e-09	1.113656570000000102e+03	6.900000000000000577e-01
1.655080858763027906e+09	5.230340000000000206e-04	4.291560000000000294e-06	-6.037920000000000375e-07	-5.937209999999999601e-09	1.113579030000000103e+03	6.900000000000000577e-01
1.655080860376034975e+09	5.226770000000000374e-04	4.351170000000000389e-06	-6.037920000000000375e-07	-5.995419999999999961e-09	1.113517239999999902e+03	6.900000000000000577e-01
1.655080861992747545e+09	5.224379999999999606e-04	4.351170000000000389e-06	-6.037920000000000375e-07	-5.937209999999999601e-09	1.113452170000000024e+03	6.900000000000000577e-01
1.655080863607228518e+09	5.222000000000000079e-04	4.231960000000000051e-06	-6.037920000000000375e-07	-5.937209999999999601e-09	1.113395430000000033e+03	6.900000000000000577e-01
1.655080865216965914e+09	5.219619999999999468e-04	4.291560000000000294e-06	-6.037920000000000375e-07	-5.937209999999999601e-09	1.113346579999999904e+03	6.900000000000000577e-01
1.655080866828295946e+09	5.217829999999999474e-04	4.291560000000000294e-06	-6.037920000000000375e-07	-5.937209999999999601e-09	1.113288099999999986e+03	6.900000000000000577e-01
1.655080873457192659e+09	5.203519999999999673e-04	4.291560000000000294e-06	-6.037920000000000375e-07	-5.937209999999999601e-09	1.112862679999999955e+03	7.000000000000000666e-01
1.655080875063988447e+09	5.199350000000000152e-04	4.291560000000000294e-06	-6.037920000000000375e-07	-5.937209999999999601e-09	1.112775900000000092e+03	7.000000000000000666e-01
1.655080876687333345e+09	5.195179999999999547e-04	4.291560000000000294e-06	-6.037920000000000375e-07	-5.995419999999999961e-09	1.112669239999999945e+03	7.000000000000000666e-01
1.655080878300943613e+09	5.192789999999999863e-04	4.291560000000000294e-06	-6.037920000000000375e-07	-5.995419999999999961e-09	1.112609240000000000e+03	7.000000000000000666e-01
1.655080879912279606e+09	5.189220000000000031e-04	4.231960000000000051e-06	-6.037920000000000375e-07	-5.995419999999999961e-09	1.112547360000000026e+03	7.000000000000000666e-01
1.655080881518962622e+09	5.186830000000000346e-04	4.231960000000000051e-06	-6.037920000000000375e-07	-5.937209999999999601e-09	1.112480749999999944e+03	7.000000000000000666e-01
1.655080883133882046e+09	5.184449999999999736e-04	4.291560000000000294e-06	-6.037920000000000375e-07	-5.937209999999999601e-09	1.112421219999999948e+03	7.000000000000000666e-01
1.655080884756920576e+09	5.181470000000000520e-04	4.291560000000000294e-06	-6.037920000000000375e-07	-5.995419999999999961e-09	1.112367559999999912e+03	7.000000000000000666e-01
1.655080886365292311e+09	5.180280000000000214e-04	4.291560000000000294e-06	-6.037920000000000375e-07	-5.937209999999999601e-09	1.112312820000000102e+03	7.000000000000000666e-01
1.655080887979963303e+09	5.177299999999999914e-04	4.231960000000000051e-06	-6.037920000000000375e-07	-5.995419999999999961e-09	1.112262069999999994e+03	7.000000000000000666e-01
1.655080894620962381e+09	5.163589999999999803e-04	4.231960000000000051e-06	-6.037920000000000375e-07	-5.937209999999999601e-09	1.111822709999999915e+03	7.099999999999999645e-01
1.655080896236388445e+09	5.160609999999999503e-04	4.231960000000000051e-06	-6.037920000000000375e-07	-5.937209999999999601e-09	1.111751479999999901e+03	7.099999999999999645e-01
1.655080897847227335e+09	5.157029999999999514e-04	4.231960000000000051e-06	-6.037920000000000375e-07	-5.937209999999999601e-09	1.111656860000000052e+03	7.099999999999999645e-01
1.655080899456144810e+09	5.153449999999999524e-04	4.231960000000000051e-06	-6.037920000000000375e-07	-5.937209999999999601e-09	1.111599240000000009e+03	7.099999999999999645e-01
1.655080901073329449e+09	5.150470000000000308e-04	4.172349999999999956e-06	-6.037920000000000375e-07	-5.937209999999999601e-09	1.111525370000000066e+03	7.099999999999999645e-01
1.655080902682186842e+09	5.147490000000000008e-04	4.231960000000000051e-06	-6.037920000000000375e-07	-5.937209999999999601e-09	1.111451009999999997e+03	7.099999999999999645e-01
1.655080904282344818e+09	5.145110000000000482e-04	4.231960000000000051e-06	-6.037920000000000375e-07	-5.995419999999999961e-09	1.111405829999999924e+03	7.099999999999999645e-01
1.655080905888288021e+09	5.142729999999999871e-04	4.291560000000000294e-06	-6.037920000000000375e-07	-5.937209999999999601e-09	1.111341570000000047e+03	7.099999999999999645e-01
1.655080907503625631e+09	5.140939999999999876e-04	4.231960000000000051e-06	-6.038500000000000503e-07	-5.937209999999999601e-09	1.111291719999999941e+03	7.099999999999999645e-01
1.655080909114317894e+09	5.138550000000000192e-04	4.231960000000000051e-06	-6.037920000000000375e-07	-5.937209999999999601e-09	1.111242379999999912e+03	7.099999999999999645e-01
1.655080915746836901e+09	5.124840000000000081e-04	4.231960000000000051e-06	-6.037920000000000375e-07	-5.937209999999999601e-09	1.110817330000000084e+03	7.199999999999999734e-01
1.655080917354772806e+09	5.120079999999999944e-04	4.231960000000000051e-06	-6.037920000000000375e-07	-5.937209999999999601e-09	1.110722170000000006e+03	7.199999999999999734e-01
1.655080918964326620e+09	5.117690000000000260e-04	4.231960000000000051e-06	-6.037920000000000375e-07	-5.995419999999999961e-09	1.110658529999999928e+03	7.199999999999999734e-01
1.655080920570963860e+09	5.114709999999999960e-04	4.172349999999999956e-06	-6.037920000000000375e-07	-5.937209999999999601e-09	1.110587140000000090e+03	7.199999999999999734e-01
1.655080922186024427e+09	5.112330000000000433e-04	4.231960000000000051e-06	-6.037920000000000375e-07	-5.937209999999999601e-09	1.110513869999999997e+03	7.199999999999999734e-01
1.655080923794551134e+09	5.108159999999999827e-04	4.172349999999999956e-06	-6.037920000000000375e-07	-5.937209999999999601e-09	1.110444510000000037e+03	7.199999999999999734e-01
1.655080925400963068e+09	5.106369999999999833e-04	4.172349999999999956e-06	-6.037920000000000375e-07	-5.937209999999999601e-09	1.110403659999999945e+03	7.199999999999999734e-01
1.655080927004583120e+09	5.103980000000000149e-04	4.231960000000000051e-06	-6.037920000000000375e-07	-5.937209999999999601e-09	1.110347050000000081e+03	7.199999999999999734e-01
1.655080928608990431e+09	5.101599999999999538e-04	4.172349999999999956e-06	-6.037920000000000375e-07	-5.937209999999999601e-09	1.110292169999999942e+03	7.199999999999999734e-01
1.655080930219963789e+09	5.099809999999999543e-04	4.231960000000000051e-06	-6.037920000000000375e-07	-5.937209999999999601e-09	1.110246910000000071e+03	7.199999999999999734e-01
1.655080936844910145e+09	5.086100000000000516e-04	4.172349999999999956e-06	-6.037920000000000375e-07	-5.995419999999999961e-09	1.109826189999999997e+03	7.299999999999999822e-01
1.655080938446120262e+09	5.081929999999999911e-04	4.172349999999999956e-06	-6.037920000000000375e-07	-5.937209999999999601e-09	1.109737460000000056e+03	7.299999999999999822e-01
1.655080940063537359e+09	5.078949999999999611e-04	4.231960000000000051e-06	-6.037920000000000375e-07	-5.937209999999999601e-09	1.109642260000000078e+03	7.299999999999999822e-01
1.655080941666049004e+09	5.075970000000000395e-04	4.172349999999999956e-06	-6.037920000000000375e-07	-5.937209999999999601e-09	1.109594800000000077e+03	7.299999999999999822e-01
1.655080943279600143e+09	5.073579999999999627e-04	4.231960000000000051e-06	-6.037920000000000375e-07	-6.053630000000000322e-09	1.109513020000000097e+03	7.299999999999999822e-01
1.655080944884694099e+09	5.071200000000000100e-04	4.172349999999999956e-06	-6.037920000000000375e-07	-5.995419999999999961e-09	1.109458620000000110e+03	7.299999999999999822e-01
1.655080946499221563e+09	5.068219999999999800e-04	4.112749999999999714e-06	-6.037920000000000375e-07	-5.995419999999999961e-09	1.109398629999999912e+03	7.299999999999999822e-01
1.655080948113613367e+09	5.065840000000000273e-04	4.112749999999999714e-06	-6.037920000000000375e-07	-5.937209999999999601e-09	1.109340750000000071e+03	7.299999999999999822e-01
1.655080949736006260e+09	5.063449999999999505e-04	4.112749999999999714e-06	-6.037920000000000375e-07	-5.995419999999999961e-09	1.109286589999999933e+03	7.299999999999999822e-01
1.655080951342943430e+09	5.062260000000000284e-04	4.231960000000000051e-06	-6.037920000000000375e-07	-5.937209999999999601e-09	1.109233519999999999e+03	7.299999999999999822e-01
1.655080957968963146e+09	5.047950000000000484e-04	4.231960000000000051e-06	-6.037920000000000375e-07	-5.995419999999999961e-09	1.108827389999999923e+03	7.399999999999999911e-01
1.655080959583180428e+09	5.044970000000000183e-04	4.231960000000000051e-06	-6.037920000000000375e-07	-5.937209999999999601e-09	1.108740039999999908e+03	7.399999999999999911e-01
1.655080961200946093e+09	5.041400000000000351e-04	4.112749999999999714e-06	-6.037920000000000375e-07	-5.995419999999999961e-09	1.108688709999999901e+03	7.399999999999999911e-01
1.655080962818962336e+09	5.039009999999999583e-04	4.172349999999999956e-06	-6.037920000000000375e-07	-5.937209999999999601e-09	1.108607349999999997e+03	7.399999999999999911e-01
1.655080964425525427e+09	5.036030000000000367e-04	4.172349999999999956e-06	-6.037920000000000375e-07	-5.995419999999999961e-09	1.108548029999999926e+03	7.399999999999999911e-01
1.655080966038962841e+09	5.032460000000000535e-04	4.172349999999999956e-06	-6.037920000000000375e-07	-5.937209999999999601e-09	1.108470849999999928e+03	7.399999999999999911e-01
1.655080967648392200e+09	5.030670000000000541e-04	4.172349999999999956e-06	-6.037920000000000375e-07	-5.937209999999999601e-09	1.108419049999999970e+03	7.399999999999999911e-01
1.655080969268123150e+09	5.028879999999999462e-04	4.172349999999999956e-06	-6.037920000000000375e-07	-5.937209999999999601e-09	1.108357549999999947e+03	7.399999999999999911e-01
1.655080970885433674e+09	5.025900000000000246e-04	4.112749999999999714e-06	-6.037920000000000375e-07	-5.937209999999999601e-09	1.108318940000000111e+03	7.399999999999999911e-01
1.655080972502339125e+09	5.024709999999999940e-04	4.053139999999999619e-06	-6.037920000000000375e-07	-5.937209999999999601e-09	1.108259980000000041e+03	7.399999999999999911e-01
1.655080979125410080e+09	5.010999999999999829e-04	4.112749999999999714e-06	-6.037920000000000375e-07	-5.937209999999999601e-09	1.107859339999999975e+03	7.500000000000000000e-01
1.655080980736244917e+09	5.006830000000000308e-04	4.112749999999999714e-06	-6.037920000000000375e-07	-5.937209999999999601e-09	1.107776640000000043e+03	7.500000000000000000e-01
1.655080982348962545e+09	5.005040000000000313e-04	4.053139999999999619e-06	-6.037920000000000375e-07	-5.937209999999999601e-09	1.107707149999999956e+03	7.500000000000000000e-01
1.655080983949240923e+09	5.000869999999999708e-04	4.112749999999999714e-06	-6.037920000000000375e-07	-5.937209999999999601e-09	1.107620210000000043e+03	7.500000000000000000e-01
1.655080985575711250e+09	4.999670000000000329e-04	4.112749999999999714e-06	-6.037920000000000375e-07	-5.995419999999999961e-09	1.107564609999999902e+03	7.500000000000000000e-01
1.655080987179178953e+09	4.996100000000000497e-04	4.112749999999999714e-06	-6.037920000000000375e-07	-5.937209999999999601e-09	1.107502559999999903e+03	7.500000000000000000e-01
1.655080988801226377e+09	4.994310000000000502e-04	4.053139999999999619e-06	-6.037920000000000375e-07	-5.937209999999999601e-09	1.107461700000000064e+03	7.500000000000000000e-01
1.655080990417952776e+09	4.991929999999999892e-04	4.172349999999999956e-06	-6.038500000000000503e-07	-5.937209999999999601e-09	1.107393749999999955e+03	7.500000000000000000e-01
1.655080992032339096e+09	4.990139999999999897e-04	4.053139999999999619e-06	-6.037920000000000375e-07	-5.937209999999999601e-09	1.107328379999999925e+03	7.500000000000000000e-01
1.655080993641234636e+09	4.988349999999999902e-04	4.112749999999999714e-06	-6.037920000000000375e-07	-5.937209999999999601e-09	1.107303259999999909e+03	7.500000000000000000e-01
1.655081000273585320e+09	4.974639999999999791e-04	4.172349999999999956e-06	-6.037920000000000375e-07	-5.995419999999999961e-09	1.106901720000000068e+03	7.600000000000000089e-01
1.655081001893421650e+09	4.971659999999999491e-04	4.112749999999999714e-06	-6.037920000000000375e-07	-5.995419999999999961e-09	1.106809250000000020e+03	7.600000000000000089e-01
1.655081003502023458e+09	4.967489999999999970e-04	4.112749999999999714e-06	-6.037920000000000375e-07	-5.995419999999999961e-09	1.106743979999999965e+03	7.600000000000000089e-01
1.655081005118963480e+09	4.964509999999999670e-04	4.172349999999999956e-06	-6.037920000000000375e-07	-5.937209999999999601e-09	1.106671440000000075e+03	7.600000000000000089e-01
1.655081006723171473e+09	4.962719999999999675e-04	4.053139999999999619e-06	-6.037920000000000375e-07	-5.937209999999999601e-09	1.106597749999999905e+03	7.600000000000000089e-01
1.655081008330835104e+09	4.959139999999999686e-04	4.053139999999999619e-06	-6.037920000000000375e-07	-5.995419999999999961e-09	1.106552010000000109e+03	7.600000000000000089e-01
1.655081009947060108e+09	4.957359999999999848e-04	4.053139999999999619e-06	-6.038500000000000503e-07	-5.937209999999999601e-09	1.106482639999999947e+03	7.600000000000000089e-01
1.655081011556316614e+09	4.955569999999999854e-04	4.112749999999999714e-06	-6.038500000000000503e-07	-6.053630000000000322e-09	1.106432009999999991e+03	7.600000000000000089e-01
1.655081013164280653e+09	4.953779999999999859e-04	4.112749999999999714e-06	-6.037920000000000375e-07	-5.995419999999999961e-09	1.106390349999999899e+03	7.600000000000000089e-01
1.655081014766818523e+09	4.951400000000000332e-04	4.053139999999999619e-06	-6.038500000000000503e-07	-5.995419999999999961e-09	1.106346990000000005e+03	7.600000000000000089e-01
1.655081021395372868e+09	4.938880000000000527e-04	4.053139999999999619e-06	-6.038500000000000503e-07	-5.995419999999999961e-09	1.105946459999999888e+03	7.700000000000000178e-01
1.655081022999836683e+09	4.935300000000000537e-04	4.053139999999999619e-06	-6.038500000000000503e-07	-5.995419999999999961e-09	1.105874150000000100e+03	7.700000000000000178e-01
1.655081024609848738e+09	4.932919999999999926e-04	4.053139999999999619e-06	-6.038500000000000503e-07	-5.937209999999999601e-09	1.105797970000000078e+03	7.700000000000000178e-01
1.655081026224050760e+09	4.930530000000000242e-04	4.053139999999999619e-06	-6.038500000000000503e-07	-5.995419999999999961e-09	1.105741330000000062e+03	7.700000000000000178e-01
1.655081027827379465e+09	4.926960000000000410e-04	4.112749999999999714e-06	-6.038500000000000503e-07	-5.937209999999999601e-09	1.105672180000000026e+03	7.700000000000000178e-01
1.655081029437390804e+09	4.924569999999999642e-04	4.053139999999999619e-06	-6.038500000000000503e-07	-5.937209999999999601e-09	1.105600830000000087e+03	7.700000000000000178e-01
1.655081031057952404e+09	4.921590000000000426e-04	4.053139999999999619e-06	-6.038500000000000503e-07	-5.995419999999999961e-09	1.105549670000000106e+03	7.700000000000000178e-01
1.655081032672986031e+09	4.919800000000000431e-04	4.053139999999999619e-06	-6.038500000000000503e-07	-5.937209999999999601e-09	1.105503320000000031e+03	7.700000000000000178e-01
1.655081034296027184e+09	4.918019999999999510e-04	4.053139999999999619e-06	-6.038500000000000503e-07	-5.995419999999999961e-09	1.105454259999999977e+03	7.700000000000000178e-01
1.655081035903511524e+09	4.916229999999999515e-04	4.053139999999999619e-06	-6.038500000000000503e-07	-5.995419999999999961e-09	1.105400889999999890e+03	7.700000000000000178e-01
1.655081042528391600e+09	4.903709999999999710e-04	4.053139999999999619e-06	-6.038500000000000503e-07	-5.995419999999999961e-09	1.105011629999999968e+03	7.800000000000000266e-01
1.655081044130964279e+09	4.900730000000000494e-04	4.053139999999999619e-06	-6.038500000000000503e-07	-5.995419999999999961e-09	1.104938169999999900e+03	7.800000000000000266e-01
1.655081045738963366e+09	4.896559999999999888e-04	3.993540000000000223e-06	-6.037920000000000375e-07	-5.995419999999999961e-09	1.104869660000000067e+03	7.800000000000000266e-01
1.655081047360071182e+09	4.894170000000000204e-04	3.993540000000000223e-06	-6.038500000000000503e-07	-5.937209999999999601e-09	1.104795440000000099e+03	7.800000000000000266e-01
1.655081048976702690e+09	4.891189999999999904e-04	4.053139999999999619e-06	-6.038500000000000503e-07	-5.995419999999999961e-09	1.104740099999999984e+03	7.800000000000000266e-01
1.655081050586364746e+09	4.888810000000000378e-04	3.993540000000000223e-06	-6.038500000000000503e-07	-5.937209999999999601e-09	1.104662849999999935e+03	7.800000000000000266e-01
1.655081052193251371e+09	4.887020000000000383e-04	4.053139999999999619e-06	-6.038500000000000503e-07	-5.995419999999999961e-09	1.104619439999999940e+03	7.800000000000000266e-01
1.655081053800962448e+09	4.885230000000000388e-04	4.053139999999999619e-06	-6.038500000000000503e-07	-5.937209999999999601e-09	1.104572159999999940e+03	7.800000000000000266e-01
1.655081055409363985e+09	4.882239999999999931e-04	3.993540000000000223e-06	-6.038500000000000503e-07	-5.937209999999999601e-09	1.104528420000000096e+03	7.800000000000000266e-01
1.655081057015584469e+09	4.881640000000000241e-04	4.053139999999999619e-06	-6.038500000000000503e-07	-5.995419999999999961e-09	1.104468350000000100e+03	7.800000000000000266e-01
1.655081063652299881e+09	4.868529999999999820e-04	3.993540000000000223e-06	-6.038500000000000503e-07	-5.995419999999999961e-09	1.104098279999999932e+03	7.900000000000000355e-01
1.655081065267266273e+09	4.864949999999999830e-04	3.993540000000000223e-06	-6.038500000000000503e-07	-5.995419999999999961e-09	1.104029299999999921e+03	7.900000000000000355e-01
1.655081066874958515e+09	4.861970000000000072e-04	3.993540000000000223e-06	-6.038500000000000503e-07	-5.995419999999999961e-09	1.103939370000000054e+03	7.900000000000000355e-01
1.655081068484956980e+09	4.859590000000000003e-04	3.993540000000000223e-06	-6.038500000000000503e-07	-5.995419999999999961e-09	1.103879290000000083e+03	7.900000000000000355e-01
1.655081070100963354e+09	4.856010000000000014e-04	3.874329999999999885e-06	-6.038500000000000503e-07	-6.053630000000000322e-09	1.103818410000000085e+03	7.900000000000000355e-01
1.655081071706729889e+09	4.854220000000000019e-04	3.993540000000000223e-06	-6.038500000000000503e-07	-5.995419999999999961e-09	1.103756139999999959e+03	7.900000000000000355e-01
1.655081073309954405e+09	4.852430000000000025e-04	3.993540000000000223e-06	-6.038500000000000503e-07	-5.995419999999999961e-09	1.103685390000000098e+03	7.900000000000000355e-01
1.655081074922386169e+09	4.849450000000000266e-04	3.993540000000000223e-06	-6.038500000000000503e-07	-5.995419999999999961e-09	1.103637989999999945e+03	7.900000000000000355e-01
1.655081076536954880e+09	4.847659999999999730e-04	3.993540000000000223e-06	-6.038500000000000503e-07	-6.053630000000000322e-09	1.103601670000000013e+03	7.900000000000000355e-01
1.655081078143451691e+09	4.845879999999999892e-04	3.933939999999999981e-06	-6.038500000000000503e-07	-5.937209999999999601e-09	1.103550520000000006e+03	7.900000000000000355e-01
1.655081084775002480e+09	4.833959999999999776e-04	3.993540000000000223e-06	-6.037920000000000375e-07	-5.995419999999999961e-09	1.103171949999999924e+03	8.000000000000000444e-01
1.655081086394377232e+09	4.830379999999999787e-04	4.053139999999999619e-06	-6.038500000000000503e-07	-5.937209999999999601e-09	1.103084669999999960e+03	8.000000000000000444e-01
1.655081087998995543e+09	4.827990000000000103e-04	3.993540000000000223e-06	-6.038500000000000503e-07	-5.995419999999999961e-09	1.103038520000000062e+03	8.000000000000000444e-01
1.655081089605441332e+09	4.825610000000000034e-04	4.053139999999999619e-06	-6.038500000000000503e-07	-5.937209999999999601e-09	1.102961919999999964e+03	8.000000000000000444e-01
1.655081091215979099e+09	4.823229999999999965e-04	3.933939999999999981e-06	-6.038500000000000503e-07	-5.995419999999999961e-09	1.102905629999999974e+03	8.000000000000000444e-01
1.655081092821195126e+09	4.820250000000000207e-04	3.874329999999999885e-06	-6.038500000000000503e-07	-5.937209999999999601e-09	1.102856729999999970e+03	8.000000000000000444e-01
1.655081094432984591e+09	4.817859999999999981e-04	3.933939999999999981e-06	-6.038500000000000503e-07	-5.995419999999999961e-09	1.102787949999999910e+03	8.000000000000000444e-01
1.655081096038304567e+09	4.816069999999999986e-04	3.933939999999999981e-06	-6.038500000000000503e-07	-5.995419999999999961e-09	1.102747029999999995e+03	8.000000000000000444e-01
1.655081097650964022e+09	4.814290000000000149e-04	3.933939999999999981e-06	-6.038500000000000503e-07	-5.937209999999999601e-09	1.102680389999999989e+03	8.000000000000000444e-01
1.655081099251981258e+09	4.811899999999999923e-04	3.993540000000000223e-06	-6.038500000000000503e-07	-5.937209999999999601e-09	1.102640200000000050e+03	8.000000000000000444e-01
1.655081105867364407e+09	4.800580000000000038e-04	3.874329999999999885e-06	-6.038500000000000503e-07	-5.937209999999999601e-09	1.102284859999999981e+03	8.100000000000000533e-01
1.655081107481615543e+09	4.797000000000000049e-04	3.874329999999999885e-06	-6.038500000000000503e-07	-5.937209999999999601e-09	1.102206320000000005e+03	8.100000000000000533e-01
1.655081109091764450e+09	4.794619999999999980e-04	3.874329999999999885e-06	-6.038500000000000503e-07	-5.995419999999999961e-09	1.102143710000000056e+03	8.100000000000000533e-01
1.655081110701457739e+09	4.791640000000000222e-04	3.874329999999999885e-06	-6.038500000000000503e-07	-5.937209999999999601e-09	1.102077809999999999e+03	8.100000000000000533e-01
1.655081112301990986e+09	4.789249999999999996e-04	3.874329999999999885e-06	-6.038500000000000503e-07	-5.995419999999999961e-09	1.102011870000000044e+03	8.100000000000000533e-01
1.655081113913454533e+09	4.786869999999999927e-04	3.874329999999999885e-06	-6.038500000000000503e-07	-5.995419999999999961e-09	1.101961499999999887e+03	8.100000000000000533e-01
1.655081115525930166e+09	4.784480000000000243e-04	3.874329999999999885e-06	-6.038500000000000503e-07	-5.937209999999999601e-09	1.101887500000000045e+03	8.100000000000000533e-01
1.655081117132658005e+09	4.782699999999999864e-04	3.933939999999999981e-06	-6.038500000000000503e-07	-5.937209999999999601e-09	1.101831529999999930e+03	8.100000000000000533e-01
1.655081118747792959e+09	4.780310000000000180e-04	3.933939999999999981e-06	-6.038500000000000503e-07	-5.937209999999999601e-09	1.101799539999999979e+03	8.100000000000000533e-01
1.655081120361168623e+09	4.779119999999999874e-04	3.933939999999999981e-06	-6.038500000000000503e-07	-5.937209999999999601e-09	1.101759070000000065e+03	8.100000000000000533e-01
1.655081126995165586e+09	4.767199999999999758e-04	3.874329999999999885e-06	-6.038500000000000503e-07	-5.995419999999999961e-09	1.101396310000000085e+03	8.200000000000000622e-01
1.655081128592490673e+09	4.763619999999999769e-04	3.874329999999999885e-06	-6.038500000000000503e-07	-5.937209999999999601e-09	1.101308939999999893e+03	8.200000000000000622e-01
1.655081130200963020e+09	4.761829999999999774e-04	3.874329999999999885e-06	-6.038500000000000503e-07	-5.937209999999999601e-09	1.101261809999999969e+03	8.200000000000000622e-01
1.655081131810785770e+09	4.758259999999999942e-04	3.874329999999999885e-06	-6.038500000000000503e-07	-5.937209999999999601e-09	1.101197280000000092e+03	8.200000000000000622e-01
1.655081133421522617e+09	4.755280000000000184e-04	3.874329999999999885e-06	-6.038500000000000503e-07	-5.995419999999999961e-09	1.101113239999999905e+03	8.200000000000000622e-01
1.655081135031457901e+09	4.753490000000000189e-04	3.874329999999999885e-06	-6.038500000000000503e-07	-5.937209999999999601e-09	1.101047199999999975e+03	8.200000000000000622e-01
1.655081136640490294e+09	4.752299999999999884e-04	3.874329999999999885e-06	-6.038500000000000503e-07	-5.995419999999999961e-09	1.100995419999999967e+03	8.200000000000000622e-01
1.655081138247531891e+09	4.749320000000000126e-04	3.874329999999999885e-06	-6.038500000000000503e-07	-5.937209999999999601e-09	1.100966670000000022e+03	8.200000000000000622e-01
1.655081139846944094e+09	4.746929999999999900e-04	3.874329999999999885e-06	-6.038500000000000503e-07	-5.995419999999999961e-09	1.100914809999999989e+03	8.200000000000000622e-01
1.655081141455612898e+09	4.745139999999999905e-04	3.874329999999999885e-06	-6.038500000000000503e-07	-6.053630000000000322e-09	1.100862370000000055e+03	8.200000000000000622e-01
1.655081148089743853e+09	4.734420000000000251e-04	3.874329999999999885e-06	-6.038500000000000503e-07	-5.937209999999999601e-09	1.100516339999999900e+03	8.300000000000000711e-01
1.655081149698152781e+09	4.731439999999999951e-04	3.874329999999999885e-06	-6.038500000000000503e-07	-5.995419999999999961e-09	1.100437179999999898e+03	8.300000000000000711e-01
1.655081151306030035e+09	4.727859999999999962e-04	3.874329999999999885e-06	-6.038500000000000503e-07	-5.937209999999999601e-09	1.100366050000000087e+03	8.300000000000000711e-01
1.655081152914975882e+09	4.726069999999999967e-04	3.874329999999999885e-06	-6.038500000000000503e-07	-5.937209999999999601e-09	1.100296360000000050e+03	8.300000000000000711e-01
1.655081154521873474e+09	4.723689999999999898e-04	3.874329999999999885e-06	-6.038500000000000503e-07	-5.937209999999999601e-09	1.100235959999999977e+03	8.300000000000000711e-01
1.655081156124946594e+09	4.721300000000000214e-04	3.874329999999999885e-06	-6.038500000000000503e-07	-5.937209999999999601e-09	1.100165349999999989e+03	8.300000000000000711e-01
1.655081157741242409e+09	4.719510000000000220e-04	3.814729999999999643e-06	-6.038500000000000503e-07	-5.937209999999999601e-09	1.100135620000000017e+03	8.300000000000000711e-01
1.655081159358944416e+09	4.716529999999999920e-04	3.814729999999999643e-06	-6.038500000000000503e-07	-5.937209999999999601e-09	1.100120899999999892e+03	8.300000000000000711e-01
1.655081160965398550e+09	4.715340000000000156e-04	3.814729999999999643e-06	-6.038500000000000503e-07	-5.937209999999999601e-09	1.100046280000000024e+03	8.300000000000000711e-01
1.655081162568943977e+09	4.712960000000000088e-04	3.874329999999999885e-06	-6.038500000000000503e-07	-5.937209999999999601e-09	1.099998389999999972e+03	8.300000000000000711e-01
1.655081169198118210e+09	4.701630000000000045e-04	3.874329999999999885e-06	-6.038500000000000503e-07	-5.937209999999999601e-09	1.099647960000000012e+03	8.399999999999999689e-01
1.655081170807802200e+09	4.699249999999999977e-04	3.814729999999999643e-06	-6.038500000000000503e-07	-5.937209999999999601e-09	1.099581529999999930e+03	8.399999999999999689e-01
1.655081172417647600e+09	4.696270000000000219e-04	3.814729999999999643e-06	-6.038500000000000503e-07	-5.937209999999999601e-09	1.099503310000000056e+03	8.399999999999999689e-01
1.655081174023433685e+09	4.693879999999999992e-04	3.814729999999999643e-06	-6.038500000000000503e-07	-5.995419999999999961e-09	1.099443620000000010e+03	8.399999999999999689e-01
1.655081175622964382e+09	4.690900000000000234e-04	3.814729999999999643e-06	-6.038500000000000503e-07	-6.053630000000000322e-09	1.099391200000000026e+03	8.399999999999999689e-01
1.655081177234851360e+09	4.689119999999999855e-04	3.874329999999999885e-06	-6.038500000000000503e-07	-5.937209999999999601e-09	1.099316700000000083e+03	8.399999999999999689e-01
1.655081178849132538e+09	4.687329999999999860e-04	3.814729999999999643e-06	-6.038500000000000503e-07	-5.995419999999999961e-09	1.099260209999999915e+03	8.399999999999999689e-01
1.655081180460153341e+09	4.684940000000000176e-04	3.814729999999999643e-06	-6.038500000000000503e-07	-5.937209999999999601e-09	1.099224480000000085e+03	8.399999999999999689e-01
1.655081182066970587e+09	4.682560000000000108e-04	3.874329999999999885e-06	-6.038500000000000503e-07	-5.995419999999999961e-09	1.099179779999999937e+03	8.399999999999999689e-01
1.655081183675403118e+09	4.681959999999999876e-04	3.874329999999999885e-06	-6.038500000000000503e-07	-5.995419999999999961e-09	1.099143540000000030e+03	8.399999999999999689e-01
1.655081190300619602e+09	4.670039999999999760e-04	3.814729999999999643e-06	-6.038500000000000503e-07	-5.937209999999999601e-09	1.098780760000000100e+03	8.499999999999999778e-01
1.655081191914383888e+09	4.667660000000000233e-04	3.814729999999999643e-06	-6.038500000000000503e-07	-5.995419999999999961e-09	1.098711270000000013e+03	8.499999999999999778e-01
1.655081193528194189e+09	4.664679999999999933e-04	3.755110000000000119e-06	-6.038500000000000503e-07	-5.995419999999999961e-09	1.098648529999999937e+03	8.499999999999999778e-01
1.655081195145705462e+09	4.662889999999999938e-04	3.755110000000000119e-06	-6.038500000000000503e-07	-5.995419999999999961e-09	1.098575939999999946e+03	8.499999999999999778e-01
1.655081196755961418e+09	4.659910000000000180e-04	3.814729999999999643e-06	-6.038500000000000503e-07	-5.937209999999999601e-09	1.098511099999999942e+03	8.499999999999999778e-01
1.655081198362283230e+09	4.656929999999999880e-04	3.814729999999999643e-06	-6.038500000000000503e-07	-5.937209999999999601e-09	1.098480800000000045e+03	8.499999999999999778e-01
1.655081199976779699e+09	4.655139999999999886e-04	3.814729999999999643e-06	-6.038500000000000503e-07	-5.937209999999999601e-09	1.098423729999999978e+03	8.499999999999999778e-01
1.655081201592264652e+09	4.653950000000000122e-04	3.814729999999999643e-06	-6.038500000000000503e-07	-5.995419999999999961e-09	1.098380550000000085e+03	8.499999999999999778e-01
1.655081203202947140e+09	4.651570000000000054e-04	3.814729999999999643e-06	-6.038500000000000503e-07	-5.995419999999999961e-09	1.098327890000000025e+03	8.499999999999999778e-01
1.655081204817053080e+09	4.649780000000000059e-04	3.814729999999999643e-06	-6.038500000000000503e-07	-5.995419999999999961e-09	1.098272830000000113e+03	8.499999999999999778e-01
1.655081211445975065e+09	4.639639999999999780e-04	3.814729999999999643e-06	-6.038500000000000503e-07	-5.937209999999999601e-09	1.097942000000000007e+03	8.599999999999999867e-01
1.655081213065192461e+09	4.636660000000000022e-04	3.755110000000000119e-06	-6.038500000000000503e-07	-5.937209999999999601e-09	1.097877449999999953e+03	8.599999999999999867e-01
1.655081214672864199e+09	4.633680000000000264e-04	3.755110000000000119e-06	-6.038500000000000503e-07	-5.937209999999999601e-09	1.097789569999999912e+03	8.599999999999999867e-01
1.655081216279627562e+09	4.631300000000000195e-04	3.814729999999999643e-06	-6.038500000000000503e-07	-5.995419999999999961e-09	1.097768769999999904e+03	8.599999999999999867e-01
1.655081217889317274e+09	4.628319999999999895e-04	3.814729999999999643e-06	-6.038500000000000503e-07	-5.995419999999999961e-09	1.097660390000000007e+03	8.599999999999999867e-01
1.655081219500962734e+09	4.626529999999999900e-04	3.755110000000000119e-06	-6.038500000000000503e-07	-5.995419999999999961e-09	1.097624180000000024e+03	8.599999999999999867e-01
1.655081221117748022e+09	4.624149999999999832e-04	3.814729999999999643e-06	-6.038500000000000503e-07	-6.053630000000000322e-09	1.097598150000000032e+03	8.599999999999999867e-01
1.655081222733988523e+09	4.622359999999999837e-04	3.755110000000000119e-06	-6.038500000000000503e-07	-5.937209999999999601e-09	1.097509759999999915e+03	8.599999999999999867e-01
1.655081224339241982e+09	4.621170000000000074e-04	3.814729999999999643e-06	-6.038500000000000503e-07	-5.937209999999999601e-09	1.097495560000000069e+03	8.599999999999999867e-01
1.655081225937594652e+09	4.618779999999999848e-04	3.814729999999999643e-06	-6.038500000000000503e-07	-5.995419999999999961e-09	1.097461260000000038e+03	8.599999999999999867e-01
1.655081232556260586e+09	4.608050000000000037e-04	3.814729999999999643e-06	-6.038500000000000503e-07	-5.995419999999999961e-09	1.097089979999999969e+03	8.699999999999999956e-01
1.655081234163369894e+09	4.605669999999999968e-04	3.755110000000000119e-06	-6.038500000000000503e-07	-5.937209999999999601e-09	1.097038520000000062e+03	8.699999999999999956e-01
1.655081235776578665e+09	4.602690000000000210e-04	3.755110000000000119e-06	-6.038500000000000503e-07	-5.995419999999999961e-09	1.096981240000000071e+03	8.699999999999999956e-01
1.655081237380164623e+09	4.600310000000000141e-04	3.755110000000000119e-06	-6.038500000000000503e-07	-5.937209999999999601e-09	1.096907819999999901e+03	8.699999999999999956e-01
1.655081238993613720e+09	4.597919999999999915e-04	3.755110000000000119e-06	-6.038500000000000503e-07	-5.937209999999999601e-09	1.096856340000000046e+03	8.699999999999999956e-01
1.655081240603518724e+09	4.595539999999999846e-04	3.755110000000000119e-06	-6.038500000000000503e-07	-5.995419999999999961e-09	1.096790919999999915e+03	8.699999999999999956e-01
1.655081242205579758e+09	4.594339999999999926e-04	3.755110000000000119e-06	-6.038500000000000503e-07	-5.937209999999999601e-09	1.096744120000000066e+03	8.699999999999999956e-01
1.655081243817359209e+09	4.591959999999999857e-04	3.755110000000000119e-06	-6.038500000000000503e-07	-5.937209999999999601e-09	1.096695130000000063e+03	8.699999999999999956e-01
1.655081245428184509e+09	4.590169999999999862e-04	3.755110000000000119e-06	-6.038500000000000503e-07	-5.937209999999999601e-09	1.096644459999999981e+03	8.699999999999999956e-01
1.655081247037850857e+09	4.588379999999999868e-04	3.814729999999999643e-06	-6.038500000000000503e-07	-5.937209999999999601e-09	1.096604389999999967e+03	8.699999999999999956e-01
1.655081253657904863e+09	4.577660000000000214e-04	3.755110000000000119e-06	-6.038500000000000503e-07	-5.995419999999999961e-09	1.096275910000000067e+03	8.800000000000000044e-01
1.655081255272157907e+09	4.574679999999999914e-04	3.755110000000000119e-06	-6.038500000000000503e-07	-5.937209999999999601e-09	1.096221559999999954e+03	8.800000000000000044e-01
1.655081256882364511e+09	4.572290000000000230e-04	3.755110000000000119e-06	-6.038500000000000503e-07	-5.937209999999999601e-09	1.096132489999999962e+03	8.800000000000000044e-01
1.655081258491298914e+09	4.569910000000000161e-04	3.755110000000000119e-06	-6.038500000000000503e-07	-5.995419999999999961e-09	1.096086780000000090e+03	8.800000000000000044e-01
1.655081260099158049e+09	4.567519999999999935e-04	3.755110000000000119e-06	-6.038500000000000503e-07	-5.937209999999999601e-09	1.096031130000000076e+03	8.800000000000000044e-01
1.655081261697607756e+09	4.565139999999999866e-04	3.755110000000000119e-06	-6.038500000000000503e-07	-5.995419999999999961e-09	1.095974279999999908e+03	8.800000000000000044e-01
1.655081263298142910e+09	4.563950000000000103e-04	3.695500000000000024e-06	-6.038500000000000503e-07	-5.937209999999999601e-09	1.095915639999999939e+03	8.800000000000000044e-01
1.655081264907251596e+09	4.561559999999999877e-04	3.755110000000000119e-06	-6.038500000000000503e-07	-5.937209999999999601e-09	1.095885209999999915e+03	8.800000000000000044e-01
1.655081266517473698e+09	4.560370000000000114e-04	3.695500000000000024e-06	-6.038500000000000503e-07	-5.995419999999999961e-09	1.095831640000000107e+03	8.800000000000000044e-01
1.655081268126171350e+09	4.558580000000000119e-04	3.755110000000000119e-06	-6.038500000000000503e-07	-5.995419999999999961e-09	1.095776329999999916e+03	8.800000000000000044e-01
1.655081274759841442e+09	4.548449999999999997e-04	3.695500000000000024e-06	-6.038500000000000503e-07	-5.995419999999999961e-09	1.095460929999999962e+03	8.900000000000000133e-01
1.655081276377334118e+09	4.545470000000000239e-04	3.755110000000000119e-06	-6.038500000000000503e-07	-5.937209999999999601e-09	1.095404880000000048e+03	8.900000000000000133e-01
1.655081277987970352e+09	4.542489999999999939e-04	3.755110000000000119e-06	-6.038500000000000503e-07	-5.937209999999999601e-09	1.095338970000000018e+03	8.900000000000000133e-01
1.655081279613300323e+09	4.540100000000000255e-04	3.755110000000000119e-06	-6.038500000000000503e-07	-6.053630000000000322e-09	1.095266820000000052e+03	8.900000000000000133e-01
1.655081281228397131e+09	4.537720000000000187e-04	3.695500000000000024e-06	-6.038500000000000503e-07	-5.995419999999999961e-09	1.095216910000000098e+03	8.900000000000000133e-01
1.655081282834276199e+09	4.535340000000000118e-04	3.755110000000000119e-06	-6.038500000000000503e-07	-5.937209999999999601e-09	1.095162499999999909e+03	8.900000000000000133e-01
1.655081284440180540e+09	4.533550000000000123e-04	3.755110000000000119e-06	-6.038500000000000503e-07	-5.995419999999999961e-09	1.095108729999999923e+03	8.900000000000000133e-01
1.655081286043471336e+09	4.532359999999999818e-04	3.695500000000000024e-06	-6.038500000000000503e-07	-5.995419999999999961e-09	1.095063900000000103e+03	8.900000000000000133e-01
1.655081287658393145e+09	4.529970000000000134e-04	3.755110000000000119e-06	-6.038500000000000503e-07	-5.995419999999999961e-09	1.095013639999999896e+03	8.900000000000000133e-01
1.655081289270963430e+09	4.527590000000000065e-04	3.695500000000000024e-06	-6.038500000000000503e-07	-5.995419999999999961e-09	1.094971009999999978e+03	8.900000000000000133e-01
1.655081295896113157e+09	4.518650000000000249e-04	3.576290000000000110e-06	-6.038500000000000503e-07	-5.995419999999999961e-09	1.094666089999999940e+03	9.000000000000000222e-01
1.655081297512511253e+09	4.515669999999999949e-04	3.695500000000000024e-06	-6.038500000000000503e-07	-5.995419999999999961e-09	1.094588230000000067e+03	9.000000000000000222e-01
1.655081299128057241e+09	4.513280000000000265e-04	3.695500000000000024e-06	-6.038500000000000503e-07	-5.937209999999999601e-09	1.094527939999999944e+03	9.000000000000000222e-01
1.655081300732792616e+09	4.510299999999999965e-04	3.695500000000000024e-06	-6.038500000000000503e-07	-5.937209999999999601e-09	1.094462240000000065e+03	9.000000000000000222e-01
1.655081302338567495e+09	4.508509999999999970e-04	3.695500000000000024e-06	-6.038500000000000503e-07	-5.995419999999999961e-09	1.094408650000000080e+03	9.000000000000000222e-01
1.655081303958395481e+09	4.506129999999999901e-04	3.755110000000000119e-06	-6.038500000000000503e-07	-5.937209999999999601e-09	1.094358179999999948e+03	9.000000000000000222e-01
1.655081305577040672e+09	4.503749999999999832e-04	3.695500000000000024e-06	-6.038500000000000503e-07	-5.995419999999999961e-09	1.094303100000000086e+03	9.000000000000000222e-01
1.655081307183696747e+09	4.502549999999999912e-04	3.695500000000000024e-06	-6.038500000000000503e-07	-5.937209999999999601e-09	1.094269720000000007e+03	9.000000000000000222e-01
1.655081308792525053e+09	4.501360000000000148e-04	3.695500000000000024e-06	-6.038500000000000503e-07	-5.995419999999999961e-09	1.094229890000000069e+03	9.000000000000000222e-01
1.655081310410828114e+09	4.498980000000000080e-04	3.755110000000000119e-06	-6.038500000000000503e-07	-5.937209999999999601e-09	1.094158660000000054e+03	9.000000000000000222e-01
1.655081317049463987e+09	4.489440000000000032e-04	3.635900000000000205e-06	-6.038500000000000503e-07	-5.995419999999999961e-09	1.093864990000000034e+03	9.100000000000000311e-01
1.655081318670963764e+09	4.485860000000000043e-04	3.635900000000000205e-06	-6.038500000000000503e-07	-5.937209999999999601e-09	1.093794859999999971e+03	9.100000000000000311e-01
1.655081320289473057e+09	4.484669999999999737e-04	3.755110000000000119e-06	-6.039079999999999573e-07	-5.995419999999999961e-09	1.093736270000000104e+03	9.100000000000000311e-01
1.655081321900963306e+09	4.481689999999999979e-04	3.695500000000000024e-06	-6.038500000000000503e-07	-5.937209999999999601e-09	1.093678300000000036e+03	9.100000000000000311e-01
1.655081323511327744e+09	4.479309999999999911e-04	3.695500000000000024e-06	-6.038500000000000503e-07	-5.937209999999999601e-09	1.093620439999999917e+03	9.100000000000000311e-01
1.655081325120987892e+09	4.477519999999999916e-04	3.635900000000000205e-06	-6.039079999999999573e-07	-5.995419999999999961e-09	1.093578819999999951e+03	9.100000000000000311e-01
1.655081326725444078e+09	4.475139999999999847e-04	3.695500000000000024e-06	-6.039079999999999573e-07	-5.995419999999999961e-09	1.093518960000000106e+03	9.100000000000000311e-01
1.655081328340081692e+09	4.473939999999999926e-04	3.695500000000000024e-06	-6.039079999999999573e-07	-5.995419999999999961e-09	1.093479569999999967e+03	9.100000000000000311e-01
1.655081329948962212e+09	4.471559999999999858e-04	3.695500000000000024e-06	-6.039079999999999573e-07	-5.995419999999999961e-09	1.093424559999999929e+03	9.100000000000000311e-01
1.655081331555136681e+09	4.470960000000000168e-04	3.635900000000000205e-06	-6.039079999999999573e-07	-5.995419999999999961e-09	1.093368529999999964e+03	9.100000000000000311e-01
1.655081338192905188e+09	4.460229999999999815e-04	3.635900000000000205e-06	-6.038500000000000503e-07	-5.937209999999999601e-09	1.093068260000000009e+03	9.200000000000000400e-01
1.655081339809943914e+09	4.457250000000000057e-04	3.576290000000000110e-06	-6.039079999999999573e-07	-5.995419999999999961e-09	1.093028829999999971e+03	9.200000000000000400e-01
1.655081341414245844e+09	4.455470000000000220e-04	3.576290000000000110e-06	-6.038500000000000503e-07	-5.937209999999999601e-09	1.092953279999999950e+03	9.200000000000000400e-01
1.655081343020425558e+09	4.452489999999999920e-04	3.695500000000000024e-06	-6.038500000000000503e-07	-5.995419999999999961e-09	1.092897960000000012e+03	9.200000000000000400e-01
1.655081344629478931e+09	4.451890000000000231e-04	3.695500000000000024e-06	-6.039079999999999573e-07	-6.053630000000000322e-09	1.092831259999999929e+03	9.200000000000000400e-01
1.655081346245896101e+09	4.448909999999999931e-04	3.695500000000000024e-06	-6.038500000000000503e-07	-5.995419999999999961e-09	1.092841329999999971e+03	9.200000000000000400e-01
1.655081347851631165e+09	4.447119999999999936e-04	3.695500000000000024e-06	-6.038500000000000503e-07	-5.937209999999999601e-09	1.092738959999999906e+03	9.200000000000000400e-01
1.655081349468065262e+09	4.444739999999999867e-04	3.635900000000000205e-06	-6.039079999999999573e-07	-5.995419999999999961e-09	1.092652530000000070e+03	9.200000000000000400e-01
1.655081351074975491e+09	4.442949999999999872e-04	3.695500000000000024e-06	-6.038500000000000503e-07	-5.995419999999999961e-09	1.092649419999999964e+03	9.200000000000000400e-01
1.655081352680268288e+09	4.442350000000000183e-04	3.576290000000000110e-06	-6.038500000000000503e-07	-5.995419999999999961e-09	1.092601059999999961e+03	9.200000000000000400e-01
1.655081359296412230e+09	4.431619999999999830e-04	3.576290000000000110e-06	-6.038500000000000503e-07	-5.995419999999999961e-09	1.092299189999999953e+03	9.300000000000000488e-01
1.655081360914193392e+09	4.429239999999999761e-04	3.576290000000000110e-06	-6.038500000000000503e-07	-5.937209999999999601e-09	1.092235930000000053e+03	9.300000000000000488e-01
1.655081362530963182e+09	4.427449999999999767e-04	3.576290000000000110e-06	-6.038500000000000503e-07	-5.937209999999999601e-09	1.092176189999999906e+03	9.300000000000000488e-01
1.655081364145370007e+09	4.425070000000000240e-04	3.635900000000000205e-06	-6.038500000000000503e-07	-5.937209999999999601e-09	1.092122419999999920e+03	9.300000000000000488e-01
1.655081365764401913e+09	4.422680000000000014e-04	3.576290000000000110e-06	-6.038500000000000503e-07	-5.937209999999999601e-09	1.092067279999999982e+03	9.300000000000000488e-01
1.655081367372976542e+09	4.420900000000000177e-04	3.695500000000000024e-06	-6.039079999999999573e-07	-5.937209999999999601e-09	1.092004850000000033e+03	9.300000000000000488e-01
1.655081368972035408e+09	4.418509999999999951e-04	3.576290000000000110e-06	-6.038500000000000503e-07	-5.995419999999999961e-09	1.091956640000000107e+03	9.300000000000000488e-01
1.655081370575785398e+09	4.417320000000000187e-04	3.635900000000000205e-06	-6.038500000000000503e-07	-5.995419999999999961e-09	1.091912919999999986e+03	9.300000000000000488e-01
1.655081372199841022e+09	4.414339999999999887e-04	3.576290000000000110e-06	-6.038500000000000503e-07	-5.937209999999999601e-09	1.091877390000000105e+03	9.300000000000000488e-01
1.655081373812228203e+09	4.413150000000000124e-04	3.695500000000000024e-06	-6.038500000000000503e-07	-5.937209999999999601e-09	1.091831300000000056e+03	9.300000000000000488e-01
1.655081380444420815e+09	4.404209999999999766e-04	3.576290000000000110e-06	-6.038500000000000503e-07	-5.995419999999999961e-09	1.091538700000000063e+03	9.400000000000000577e-01
1.655081382054871559e+09	4.402419999999999771e-04	3.576290000000000110e-06	-6.038500000000000503e-07	-5.995419999999999961e-09	1.091474690000000010e+03	9.400000000000000577e-01
1.655081383670963764e+09	4.400030000000000087e-04	3.695500000000000024e-06	-6.039079999999999573e-07	-5.937209999999999601e-09	1.091406549999999925e+03	9.400000000000000577e-01
1.655081385277953386e+09	4.397049999999999787e-04	3.576290000000000110e-06	-6.038500000000000503e-07	-5.937209999999999601e-09	1.091363610000000108e+03	9.400000000000000577e-01
1.655081386881512403e+09	4.394670000000000260e-04	3.576290000000000110e-06	-6.038500000000000503e-07	-5.937209999999999601e-09	1.091291140000000041e+03	9.400000000000000577e-01
1.655081388506288052e+09	4.392880000000000265e-04	3.516689999999999867e-06	-6.038500000000000503e-07	-5.995419999999999961e-09	1.091255599999999959e+03	9.400000000000000577e-01
1.655081390118388891e+09	4.391689999999999960e-04	3.516689999999999867e-06	-6.038500000000000503e-07	-5.995419999999999961e-09	1.091190139999999928e+03	9.400000000000000577e-01
1.655081391734969378e+09	4.389899999999999965e-04	3.635900000000000205e-06	-6.038500000000000503e-07	-5.937209999999999601e-09	1.091153790000000072e+03	9.400000000000000577e-01
1.655081393332357168e+09	4.387519999999999897e-04	3.576290000000000110e-06	-6.038500000000000503e-07	-5.995419999999999961e-09	1.091105150000000094e+03	9.400000000000000577e-01
1.655081394941963673e+09	4.385729999999999902e-04	3.576290000000000110e-06	-6.038500000000000503e-07	-5.937209999999999601e-09	1.091069019999999909e+03	9.400000000000000577e-01
1.655081401566778898e+09	4.376790000000000086e-04	3.635900000000000205e-06	-6.038500000000000503e-07	-5.995419999999999961e-09	1.090773809999999912e+03	9.500000000000000666e-01
1.655081403175441504e+09	4.375000000000000091e-04	3.576290000000000110e-06	-6.038500000000000503e-07	-5.937209999999999601e-09	1.090705079999999953e+03	9.500000000000000666e-01
1.655081404794106960e+09	4.372019999999999791e-04	3.576290000000000110e-06	-6.038500000000000503e-07	-5.937209999999999601e-09	1.090658329999999978e+03	9.500000000000000666e-01
1.655081406396536589e+09	4.370229999999999796e-04	3.576290000000000110e-06	-6.038500000000000503e-07	-5.937209999999999601e-09	1.090587800000000016e+03	9.500000000000000666e-01
1.655081408006070852e+09	4.367850000000000270e-04	3.576290000000000110e-06	-6.038500000000000503e-07	-5.995419999999999961e-09	1.090543809999999894e+03	9.500000000000000666e-01
1.655081409622946501e+09	4.365460000000000043e-04	3.635900000000000205e-06	-6.038500000000000503e-07	-5.995419999999999961e-09	1.090498869999999897e+03	9.500000000000000666e-01
1.655081411231563330e+09	4.363670000000000049e-04	3.576290000000000110e-06	-6.038500000000000503e-07	-5.995419999999999961e-09	1.090441450000000032e+03	9.500000000000000666e-01
1.655081412852032423e+09	4.361289999999999980e-04	3.516689999999999867e-06	-6.038500000000000503e-07	-5.995419999999999961e-09	1.090393640000000005e+03	9.500000000000000666e-01
1.655081414458962440e+09	4.360100000000000217e-04	3.576290000000000110e-06	-6.038500000000000503e-07	-5.937209999999999601e-09	1.090362890000000107e+03	9.500000000000000666e-01
1.655081416063282967e+09	4.359499999999999985e-04	3.516689999999999867e-06	-6.038500000000000503e-07	-5.995419999999999961e-09	1.090311390000000074e+03	9.500000000000000666e-01
1.655081422686189175e+09	4.350560000000000169e-04	3.516689999999999867e-06	-6.038500000000000503e-07	-5.937209999999999601e-09	1.090036049999999932e+03	9.599999999999999645e-01
1.655081424290963173e+09	4.347579999999999869e-04	3.457080000000000196e-06	-6.038500000000000503e-07	-5.995419999999999961e-09	1.089967460000000074e+03	9.599999999999999645e-01
1.655081425909846544e+09	4.344600000000000111e-04	3.516689999999999867e-06	-6.038500000000000503e-07	-5.995419999999999961e-09	1.089913510000000088e+03	9.599999999999999645e-01
1.655081427531691074e+09	4.342220000000000042e-04	3.576290000000000110e-06	-6.038500000000000503e-07	-5.995419999999999961e-09	1.089860789999999952e+03	9.599999999999999645e-01
1.655081429147778273e+09	4.340430000000000048e-04	3.576290000000000110e-06	-6.039079999999999573e-07	-5.995419999999999961e-09	1.089790549999999939e+03	9.599999999999999645e-01
1.655081430768962145e+09	4.338640000000000053e-04	3.576290000000000110e-06	-6.038500000000000503e-07	-5.995419999999999961e-09	1.089760359999999991e+03	9.599999999999999645e-01
1.655081432374037981e+09	4.336850000000000058e-04	3.576290000000000110e-06	-6.038500000000000503e-07	-5.995419999999999961e-09	1.089700880000000097e+03	9.599999999999999645e-01
1.655081433989931345e+09	4.335659999999999753e-04	3.516689999999999867e-06	-6.038500000000000503e-07	-5.937209999999999601e-09	1.089658719999999903e+03	9.599999999999999645e-01
1.655081435615413427e+09	4.333869999999999758e-04	3.576290000000000110e-06	-6.038500000000000503e-07	-5.995419999999999961e-09	1.089612090000000080e+03	9.599999999999999645e-01
1.655081437213975191e+09	4.332079999999999763e-04	3.576290000000000110e-06	-6.038500000000000503e-07	-5.937209999999999601e-09	1.089573229999999967e+03	9.599999999999999645e-01
1.655081443839842081e+09	4.323139999999999947e-04	3.576290000000000110e-06	-6.038500000000000503e-07	-5.937209999999999601e-09	1.089284180000000106e+03	9.699999999999999734e-01
1.655081445462184191e+09	4.320759999999999879e-04	3.516689999999999867e-06	-6.038500000000000503e-07	-5.995419999999999961e-09	1.089223970000000008e+03	9.699999999999999734e-01
1.655081447065146685e+09	4.318969999999999884e-04	3.516689999999999867e-06	-6.038500000000000503e-07	-5.995419999999999961e-09	1.089174189999999953e+03	9.699999999999999734e-01
1.655081448672294617e+09	4.315990000000000126e-04	3.457080000000000196e-06	-6.038500000000000503e-07	-5.995419999999999961e-09	1.089104739999999993e+03	9.699999999999999734e-01
1.655081450297001839e+09	4.314200000000000131e-04	3.576290000000000110e-06	-6.039079999999999573e-07	-5.937209999999999601e-09	1.089059850000000097e+03	9.699999999999999734e-01
1.655081451909847736e+09	4.313009999999999826e-04	3.516689999999999867e-06	-6.038500000000000503e-07	-5.937209999999999601e-09	1.089009980000000041e+03	9.699999999999999734e-01
1.655081453528963089e+09	4.310629999999999757e-04	3.457080000000000196e-06	-6.038500000000000503e-07	-5.937209999999999601e-09	1.088958350000000110e+03	9.699999999999999734e-01
1.655081455136971951e+09	4.308240000000000073e-04	3.516689999999999867e-06	-6.038500000000000503e-07	-5.995419999999999961e-09	1.088918079999999918e+03	9.699999999999999734e-01
1.655081456755342007e+09	4.307649999999999999e-04	3.516689999999999867e-06	-6.039079999999999573e-07	-5.995419999999999961e-09	1.088876490000000103e+03	9.699999999999999734e-01
1.655081458366050005e+09	4.305860000000000004e-04	3.516689999999999867e-06	-6.039079999999999573e-07	-5.995419999999999961e-09	1.088840290000000095e+03	9.699999999999999734e-01
1.655081464996883631e+09	4.296920000000000188e-04	3.457080000000000196e-06	-6.038500000000000503e-07	-5.937209999999999601e-09	1.088546640000000025e+03	9.799999999999999822e-01
1.655081466615257740e+09	4.294529999999999962e-04	3.457080000000000196e-06	-6.038500000000000503e-07	-5.995419999999999961e-09	1.088468260000000100e+03	9.799999999999999822e-01
1.655081468230829477e+09	4.292149999999999893e-04	3.516689999999999867e-06	-6.039079999999999573e-07	-5.995419999999999961e-09	1.088448390000000018e+03	9.799999999999999822e-01
1.655081469835251093e+09	4.289170000000000135e-04	3.457080000000000196e-06	-6.039079999999999573e-07	-5.995419999999999961e-09	1.088391560000000027e+03	9.799999999999999822e-01
1.655081471450944662e+09	4.287979999999999830e-04	3.457080000000000196e-06	-6.038500000000000503e-07	-5.937209999999999601e-09	1.088332499999999982e+03	9.799999999999999822e-01
1.655081473060944080e+09	4.286189999999999835e-04	3.457080000000000196e-06	-6.039079999999999573e-07	-5.937209999999999601e-09	1.088291310000000067e+03	9.799999999999999822e-01
1.655081474676964045e+09	4.284399999999999840e-04	3.576290000000000110e-06	-6.038500000000000503e-07	-5.995419999999999961e-09	1.088212749999999915e+03	9.799999999999999822e-01
1.655081476282975912e+09	4.282019999999999772e-04	3.516689999999999867e-06	-6.038500000000000503e-07	-5.937209999999999601e-09	1.088203199999999924e+03	9.799999999999999822e-01
1.655081477887952566e+09	4.280819999999999851e-04	3.457080000000000196e-06	-6.038500000000000503e-07	-5.995419999999999961e-09	1.088165690000000041e+03	9.799999999999999822e-01
1.655081479494290829e+09	4.279630000000000088e-04	3.457080000000000196e-06	-6.038500000000000503e-07	-5.995419999999999961e-09	1.088115520000000060e+03	9.799999999999999822e-01
1.655081486125930071e+09	4.270100000000000198e-04	3.457080000000000196e-06	-6.039079999999999573e-07	-5.937209999999999601e-09	1.087840889999999945e+03	9.899999999999999911e-01
1.655081487727953434e+09	4.268899999999999735e-04	3.457080000000000196e-06	-6.039079999999999573e-07	-5.937209999999999601e-09	1.087775560000000041e+03	9.899999999999999911e-01
1.655081489338387966e+09	4.266520000000000208e-04	3.457080000000000196e-06	-6.039079999999999573e-07	-5.995419999999999961e-09	1.087726049999999987e+03	9.899999999999999911e-01
1.655081490957040548e+09	4.264730000000000213e-04	3.457080000000000196e-06	-6.039079999999999573e-07	-5.995419999999999961e-09	1.087671559999999999e+03	9.899999999999999911e-01
1.655081492562963486e+09	4.261749999999999913e-04	3.457080000000000196e-06	-6.038500000000000503e-07	-5.937209999999999601e-09	1.087610519999999951e+03	9.899999999999999911e-01
1.655081494168142557e+09	4.259959999999999919e-04	3.457080000000000196e-06	-6.038500000000000503e-07	-5.995419999999999961e-09	1.087563820000000078e+03	9.899999999999999911e-01
1.655081495777335405e+09	4.258169999999999924e-04	3.457080000000000196e-06	-6.039079999999999573e-07	-5.995419999999999961e-09	1.087520970000000034e+03	9.899999999999999911e-01
1.655081497387253761e+09	4.256390000000000087e-04	3.457080000000000196e-06	-6.038500000000000503e-07	-5.937209999999999601e-09	1.087459700000000112e+03	9.899999999999999911e-01
1.655081499000963688e+09	4.255190000000000166e-04	3.457080000000000196e-06	-6.038500000000000503e-07	-5.995419999999999961e-09	1.087455089999999927e+03	9.899999999999999911e-01
1.655081500606601477e+09	4.253409999999999786e-04	3.397479999999999953e-06	-6.038500000000000503e-07	-5.995419999999999961e-09	1.087397909999999911e+03	9.899999999999999911e-01
1.655081507238105297e+09	4.245659999999999734e-04	3.397479999999999953e-06	-6.038500000000000503e-07	-5.995419999999999961e-09	1.087131779999999935e+03	1.000000000000000000e+00
1.655081508856520653e+09	4.243270000000000050e-04	3.397479999999999953e-06	-6.039079999999999573e-07	-5.937209999999999601e-09	1.087061999999999898e+03	1.000000000000000000e+00
1.655081510467204571e+09	4.240289999999999749e-04	3.457080000000000196e-06	-6.039079999999999573e-07	-5.995419999999999961e-09	1.087006309999999985e+03	1.000000000000000000e+00
1.655081512080936670e+09	4.238499999999999755e-04	3.397479999999999953e-06	-6.038500000000000503e-07	-5.995419999999999961e-09	1.086970479999999952e+03	1.000000000000000000e+00
1.655081513704257011e+09	4.236719999999999917e-04	3.397479999999999953e-06	-6.039079999999999573e-07	-5.995419999999999961e-09	1.086903870000000097e+03	1.000000000000000000e+00
1.655081515314739704e+09	4.234929999999999923e-04	3.457080000000000196e-06	-6.039079999999999573e-07	-5.937209999999999601e-09	1.086871650000000045e+03	1.000000000000000000e+00
1.655081516936938286e+09	4.232540000000000239e-04	3.516689999999999867e-06	-6.039079999999999573e-07	-6.053630000000000322e-09	1.086818700000000035e+03	1.000000000000000000e+00
1.655081518549512625e+09	4.231349999999999933e-04	3.457080000000000196e-06	-6.038500000000000503e-07	-5.995419999999999961e-09	1.086781680000000051e+03	1.000000000000000000e+00
1.655081520160962820e+09	4.229559999999999939e-04	3.457080000000000196e-06	-6.038500000000000503e-07	-5.937209999999999601e-09	1.086731070000000045e+03	1.000000000000000000e+00
1.655081521765865564e+09	4.228370000000000175e-04	3.397479999999999953e-06	-6.039079999999999573e-07	-5.937209999999999601e-09	1.086692459999999983e+03	1.000000000000000000e+00
1.655081528396762133e+09	4.220030000000000048e-04	3.457080000000000196e-06	-6.039079999999999573e-07	-5.995419999999999961e-09	1.086423369999999977e+03	1.010000000000000009e+00
1.655081530010251522e+09	4.217639999999999822e-04	3.457080000000000196e-06	-6.039079999999999573e-07	-5.995419999999999961e-09	1.086377970000000005e+03	1.010000000000000009e+00
1.655081531625202656e+09	4.215259999999999754e-04	3.397479999999999953e-06	-6.039079999999999573e-07	-5.995419999999999961e-09	1.086320670000000064e+03	1.010000000000000009e+00
1.655081533230479002e+09	4.212870000000000070e-04	3.397479999999999953e-06	-6.038500000000000503e-07	-5.937209999999999601e-09	1.086255570000000034e+03	1.010000000000000009e+00
1.655081534833426714e+09	4.211090000000000232e-04	3.457080000000000196e-06	-6.039079999999999573e-07	-5.937209999999999601e-09	1.086221299999999928e+03	1.010000000000000009e+00
1.655081536454502583e+09	4.209889999999999769e-04	3.397479999999999953e-06	-6.039079999999999573e-07	-5.995419999999999961e-09	1.086155199999999923e+03	1.010000000000000009e+00
1.655081538063976288e+09	4.208109999999999932e-04	3.457080000000000196e-06	-6.039079999999999573e-07	-5.995419999999999961e-09	1.086133430000000089e+03	1.010000000000000009e+00
1.655081539662975788e+09	4.206319999999999937e-04	3.516689999999999867e-06	-6.038500000000000503e-07	-5.995419999999999961e-09	1.086070390000000089e+03	1.010000000000000009e+00
1.655081541271944761e+09	4.204529999999999943e-04	3.397479999999999953e-06	-6.038500000000000503e-07	-5.995419999999999961e-09	1.086026350000000093e+03	1.010000000000000009e+00
1.655081542877952576e+09	4.203340000000000179e-04	3.457080000000000196e-06	-6.039079999999999573e-07	-5.937209999999999601e-09	1.085992619999999988e+03	1.010000000000000009e+00
1.655081549517370462e+09	4.194989999999999895e-04	3.457080000000000196e-06	-6.038500000000000503e-07	-5.937209999999999601e-09	1.085727439999999888e+03	1.020000000000000018e+00
1.655081551136601686e+09	4.192609999999999826e-04	3.337869999999999858e-06	-6.039079999999999573e-07	-5.995419999999999961e-09	1.085678720000000112e+03	1.020000000000000018e+00
1.655081552756376505e+09	4.190229999999999758e-04	3.397479999999999953e-06	-6.038500000000000503e-07	-5.995419999999999961e-09	1.085627279999999928e+03	1.020000000000000018e+00
1.655081554370178223e+09	4.188439999999999763e-04	3.397479999999999953e-06	-6.038500000000000503e-07	-5.937209999999999601e-09	1.085575910000000022e+03	1.020000000000000018e+00
1.655081555972976208e+09	4.186649999999999768e-04	3.397479999999999953e-06	-6.039079999999999573e-07	-5.995419999999999961e-09	1.085506069999999909e+03	1.020000000000000018e+00
1.655081557578280449e+09	4.184859999999999774e-04	3.397479999999999953e-06	-6.039079999999999573e-07	-5.995419999999999961e-09	1.085473989999999958e+03	1.020000000000000018e+00
1.655081559202339888e+09	4.183069999999999779e-04	3.397479999999999953e-06	-6.039079999999999573e-07	-5.995419999999999961e-09	1.085429300000000012e+03	1.020000000000000018e+00
1.655081560811964989e+09	4.181880000000000016e-04	3.397479999999999953e-06	-6.039079999999999573e-07	-5.937209999999999601e-09	1.085381800000000112e+03	1.020000000000000018e+00
1.655081562430624008e+09	4.180090000000000021e-04	3.397479999999999953e-06	-6.038500000000000503e-07	-5.937209999999999601e-09	1.085342110000000048e+03	1.020000000000000018e+00
1.655081564039943218e+09	4.178300000000000026e-04	3.397479999999999953e-06	-6.038500000000000503e-07	-5.937209999999999601e-09	1.085306620000000066e+03	1.020000000000000018e+00
1.655081570670408010e+09	4.169959999999999899e-04	3.337869999999999858e-06	-6.039079999999999573e-07	-5.937209999999999601e-09	1.085045720000000074e+03	1.030000000000000027e+00
1.655081572287951708e+09	4.167579999999999831e-04	3.397479999999999953e-06	-6.039079999999999573e-07	-5.995419999999999961e-09	1.084994770000000017e+03	1.030000000000000027e+00
1.655081573892981529e+09	4.166379999999999910e-04	3.337869999999999858e-06	-6.039079999999999573e-07	-5.937209999999999601e-09	1.084937789999999950e+03	1.030000000000000027e+00
1.655081575504032850e+09	4.163400000000000152e-04	3.397479999999999953e-06	-6.039079999999999573e-07	-5.937209999999999601e-09	1.084883329999999887e+03	1.030000000000000027e+00
1.655081577110170603e+09	4.162209999999999846e-04	3.337869999999999858e-06	-6.038500000000000503e-07	-5.937209999999999601e-09	1.084847819999999956e+03	1.030000000000000027e+00
1.655081578709982634e+09	4.161020000000000083e-04	3.337869999999999858e-06	-6.039079999999999573e-07	-5.995419999999999961e-09	1.084778469999999970e+03	1.030000000000000027e+00
1.655081580337392092e+09	4.159230000000000088e-04	3.397479999999999953e-06	-6.039079999999999573e-07	-5.995419999999999961e-09	1.084743969999999990e+03	1.030000000000000027e+00
1.655081581943171263e+09	4.156850000000000020e-04	3.278270000000000039e-06	-6.038500000000000503e-07	-5.937209999999999601e-09	1.084700109999999995e+03	1.030000000000000027e+00
1.655081583552273035e+09	4.155060000000000025e-04	3.397479999999999953e-06	-6.039079999999999573e-07	-5.937209999999999601e-09	1.084649089999999887e+03	1.030000000000000027e+00
1.655081585168962717e+09	4.153870000000000262e-04	3.397479999999999953e-06	-6.039079999999999573e-07	-5.995419999999999961e-09	1.084595849999999928e+03	1.030000000000000027e+00
1.655081591788962603e+09	4.146120000000000209e-04	3.337869999999999858e-06	-6.039079999999999573e-07	-5.937209999999999601e-09	1.084353149999999914e+03	1.040000000000000036e+00
1.655081593403287888e+09	4.144330000000000214e-04	3.397479999999999953e-06	-6.039079999999999573e-07	-5.995419999999999961e-09	1.084313920000000053e+03	1.040000000000000036e+00
1.655081595012168646e+09	4.141950000000000146e-04	3.397479999999999953e-06	-6.039079999999999573e-07	-5.995419999999999961e-09	1.084249589999999898e+03	1.040000000000000036e+00
1.655081596623017550e+09	4.139559999999999919e-04	3.337869999999999858e-06	-6.039079999999999573e-07	-6.053630000000000322e-09	1.084213250000000016e+03	1.040000000000000036e+00
1.655081598239872217e+09	4.137179999999999851e-04	3.397479999999999953e-06	-6.039079999999999573e-07	-5.995419999999999961e-09	1.084157390000000078e+03	1.040000000000000036e+00
1.655081599866140604e+09	4.136580000000000161e-04	3.397479999999999953e-06	-6.039079999999999573e-07	-5.937209999999999601e-09	1.084116009999999960e+03	1.040000000000000036e+00
1.655081601478962421e+09	4.135389999999999856e-04	3.397479999999999953e-06	-6.039079999999999573e-07	-5.937209999999999601e-09	1.084069809999999961e+03	1.040000000000000036e+00
1.655081603087190866e+09	4.132410000000000098e-04	3.397479999999999953e-06	-6.039079999999999573e-07	-5.937209999999999601e-09	1.084024390000000039e+03	1.040000000000000036e+00
1.655081604702259541e+09	4.131219999999999793e-04	3.397479999999999953e-06	-6.039079999999999573e-07	-5.995419999999999961e-09	1.083984519999999975e+03	1.040000000000000036e+00
1.655081606313313961e+09	4.130019999999999872e-04	3.278270000000000039e-06	-6.039079999999999573e-07	-5.995419999999999961e-09	1.083938900000000103e+03	1.040000000000000036e+00
1.655081612936992407e+09	4.122279999999999976e-04	3.397479999999999953e-06	-6.039079999999999573e-07	-5.995419999999999961e-09	1.083695559999999887e+03	1.050000000000000044e+00
1.655081614549857140e+09	4.119889999999999750e-04	3.457080000000000196e-06	-6.039079999999999573e-07	-5.995419999999999961e-09	1.083633119999999963e+03	1.050000000000000044e+00
1.655081616160214424e+09	4.118699999999999987e-04	3.337869999999999858e-06	-6.039079999999999573e-07	-5.937209999999999601e-09	1.083596219999999903e+03	1.050000000000000044e+00
1.655081617764975548e+09	4.115720000000000229e-04	3.337869999999999858e-06	-6.039079999999999573e-07	-5.937209999999999601e-09	1.083550330000000031e+03	1.050000000000000044e+00
1.655081619373659372e+09	4.114529999999999924e-04	3.397479999999999953e-06	-6.039079999999999573e-07	-5.995419999999999961e-09	1.083492490000000089e+03	1.050000000000000044e+00
1.655081620981488466e+09	4.112739999999999929e-04	3.278270000000000039e-06	-6.039079999999999573e-07	-5.995419999999999961e-09	1.083447930000000042e+03	1.050000000000000044e+00
1.655081622599833250e+09	4.111550000000000166e-04	3.397479999999999953e-06	-6.039079999999999573e-07	-5.995419999999999961e-09	1.083400889999999890e+03	1.050000000000000044e+00
1.655081624207044125e+09	4.109159999999999939e-04	3.337869999999999858e-06	-6.039079999999999573e-07	-5.995419999999999961e-09	1.083345209999999952e+03	1.050000000000000044e+00
1.655081625812461138e+09	4.107970000000000176e-04	3.337869999999999858e-06	-6.039079999999999573e-07	-5.937209999999999601e-09	1.083335900000000038e+03	1.050000000000000044e+00
1.655081627429291010e+09	4.106180000000000181e-04	3.337869999999999858e-06	-6.039079999999999573e-07	-5.937209999999999601e-09	1.083288549999999987e+03	1.050000000000000044e+00
1.655081634044451952e+09	4.099029999999999818e-04	3.278270000000000039e-06	-6.039079999999999573e-07	-5.937209999999999601e-09	1.083041320000000042e+03	1.060000000000000053e+00
1.655081635658962727e+09	4.096649999999999749e-04	3.278270000000000039e-06	-6.039079999999999573e-07	-5.937209999999999601e-09	1.082980790000000070e+03	1.060000000000000053e+00
1.655081637260304689e+09	4.095449999999999828e-04	3.337869999999999858e-06	-6.039079999999999573e-07	-5.995419999999999961e-09	1.082931949999999915e+03	1.060000000000000053e+00
1.655081638866382837e+09	4.093069999999999760e-04	3.397479999999999953e-06	-6.039079999999999573e-07	-5.937209999999999601e-09	1.082881059999999934e+03	1.060000000000000053e+00
1.655081640477063894e+09	4.090690000000000233e-04	3.278270000000000039e-06	-6.039079999999999573e-07	-5.995419999999999961e-09	1.082835720000000038e+03	1.060000000000000053e+00
1.655081642094214439e+09	4.088900000000000238e-04	3.278270000000000039e-06	-6.039079999999999573e-07	-5.937209999999999601e-09	1.082788939999999911e+03	1.060000000000000053e+00
1.655081643698963165e+09	4.087110000000000244e-04	3.278270000000000039e-06	-6.039079999999999573e-07	-5.937209999999999601e-09	1.082744519999999966e+03	1.060000000000000053e+00
1.655081645308963299e+09	4.085919999999999938e-04	3.337869999999999858e-06	-6.039079999999999573e-07	-5.995419999999999961e-09	1.082714729999999918e+03	1.060000000000000053e+00
1.655081646918962717e+09	4.084720000000000018e-04	3.397479999999999953e-06	-6.039079999999999573e-07	-5.937209999999999601e-09	1.082664459999999963e+03	1.060000000000000053e+00
1.655081648533277512e+09	4.082940000000000180e-04	3.337869999999999858e-06	-6.039079999999999573e-07	-5.995419999999999961e-09	1.082638249999999971e+03	1.060000000000000053e+00
1.655081655148963213e+09	4.076379999999999891e-04	3.397479999999999953e-06	-6.039079999999999573e-07	-5.995419999999999961e-09	1.082384369999999990e+03	1.070000000000000062e+00
1.655081656767514944e+09	4.073400000000000133e-04	3.337869999999999858e-06	-6.039079999999999573e-07	-5.995419999999999961e-09	1.082318580000000111e+03	1.070000000000000062e+00
1.655081658376016617e+09	4.071610000000000138e-04	3.397479999999999953e-06	-6.039079999999999573e-07	-5.995419999999999961e-09	1.082269970000000058e+03	1.070000000000000062e+00
1.655081659994353294e+09	4.069230000000000069e-04	3.278270000000000039e-06	-6.039079999999999573e-07	-5.995419999999999961e-09	1.082233500000000049e+03	1.070000000000000062e+00
1.655081661607193947e+09	4.067440000000000075e-04	3.278270000000000039e-06	-6.039079999999999573e-07	-5.995419999999999961e-09	1.082186599999999999e+03	1.070000000000000062e+00
1.655081663213178396e+09	4.066249999999999769e-04	3.278270000000000039e-06	-6.039079999999999573e-07	-5.995419999999999961e-09	1.082136060000000043e+03	1.070000000000000062e+00
1.655081664823031664e+09	4.064459999999999774e-04	3.278270000000000039e-06	-6.039079999999999573e-07	-5.937209999999999601e-09	1.082091089999999895e+03	1.070000000000000062e+00
1.655081666435050249e+09	4.063270000000000011e-04	3.337869999999999858e-06	-6.039079999999999573e-07	-5.995419999999999961e-09	1.082057939999999917e+03	1.070000000000000062e+00
1.655081668047952890e+09	4.061480000000000016e-04	3.337869999999999858e-06	-6.039079999999999573e-07	-5.995419999999999961e-09	1.082026249999999891e+03	1.070000000000000062e+00
1.655081669658962250e+09	4.060290000000000253e-04	3.278270000000000039e-06	-6.039079999999999573e-07	-5.995419999999999961e-09	1.081973199999999906e+03	1.070000000000000062e+00
1.655081676282534838e+09	4.051939999999999969e-04	3.278270000000000039e-06	-6.039079999999999573e-07	-5.995419999999999961e-09	1.081742349999999988e+03	1.080000000000000071e+00
1.655081677895144463e+09	4.050750000000000206e-04	3.397479999999999953e-06	-6.039079999999999573e-07	-5.937209999999999601e-09	1.081675079999999980e+03	1.080000000000000071e+00
1.655081679494790077e+09	4.048960000000000211e-04	3.278270000000000039e-06	-6.039079999999999573e-07	-5.995419999999999961e-09	1.081632290000000012e+03	1.080000000000000071e+00
1.655081681103309870e+09	4.046580000000000142e-04	3.278270000000000039e-06	-6.039079999999999573e-07	-5.995419999999999961e-09	1.081593939999999975e+03	1.080000000000000071e+00
1.655081682708962202e+09	4.044790000000000147e-04	3.218669999999999797e-06	-6.039079999999999573e-07	-6.053630000000000322e-09	1.081552249999999958e+03	1.080000000000000071e+00
1.655081684312035322e+09	4.043000000000000153e-04	3.278270000000000039e-06	-6.039079999999999573e-07	-5.995419999999999961e-09	1.081480700000000070e+03	1.080000000000000071e+00
1.655081685927540302e+09	4.041210000000000158e-04	3.218669999999999797e-06	-6.039079999999999573e-07	-5.937209999999999601e-09	1.081446760000000040e+03	1.080000000000000071e+00
1.655081687535048723e+09	4.040019999999999853e-04	3.337869999999999858e-06	-6.039079999999999573e-07	-5.995419999999999961e-09	1.081405580000000100e+03	1.080000000000000071e+00
1.655081689143378019e+09	4.038229999999999858e-04	3.337869999999999858e-06	-6.039079999999999573e-07	-5.937209999999999601e-09	1.081360079999999925e+03	1.080000000000000071e+00
1.655081690762278080e+09	4.037639999999999784e-04	3.278270000000000039e-06	-6.039079999999999573e-07	-5.995419999999999961e-09	1.081345659999999953e+03	1.080000000000000071e+00
1.655081697381948948e+09	4.029889999999999731e-04	3.278270000000000039e-06	-6.039079999999999573e-07	-5.995419999999999961e-09	1.081105700000000070e+03	1.090000000000000080e+00
1.655081698991590500e+09	4.026909999999999973e-04	3.218669999999999797e-06	-6.039079999999999573e-07	-5.937209999999999601e-09	1.081029939999999897e+03	1.090000000000000080e+00
1.655081700606070280e+09	4.025720000000000210e-04	3.278270000000000039e-06	-6.039079999999999573e-07	-6.053630000000000322e-09	1.080999399999999923e+03	1.090000000000000080e+00
1.655081702217760324e+09	4.023930000000000215e-04	3.278270000000000039e-06	-6.039079999999999573e-07	-5.995419999999999961e-09	1.080940280000000030e+03	1.090000000000000080e+00
1.655081703831860542e+09	4.022140000000000220e-04	3.278270000000000039e-06	-6.039079999999999573e-07	-5.937209999999999601e-09	1.080901730000000043e+03	1.090000000000000080e+00
1.655081705449841261e+09	4.020949999999999915e-04	3.278270000000000039e-06	-6.039079999999999573e-07	-5.995419999999999961e-09	1.080854229999999916e+03	1.090000000000000080e+00
1.655081707067385674e+09	4.018560000000000231e-04	3.218669999999999797e-06	-6.039079999999999573e-07	-5.995419999999999961e-09	1.080828479999999900e+03	1.090000000000000080e+00
1.655081708681189060e+09	4.017369999999999925e-04	3.218669999999999797e-06	-6.039079999999999573e-07	-6.053630000000000322e-09	1.080777599999999893e+03	1.090000000000000080e+00
1.655081710287997007e+09	4.015579999999999931e-04	3.218669999999999797e-06	-6.039079999999999573e-07	-5.995419999999999961e-09	1.080742459999999937e+03	1.090000000000000080e+00
1.655081711905431509e+09	4.014390000000000167e-04	3.278270000000000039e-06	-6.039079999999999573e-07	-5.995419999999999961e-09	1.080690900000000056e+03	1.090000000000000080e+00
1.655081718525762558e+09	4.007239999999999804e-04	3.278270000000000039e-06	-6.039079999999999573e-07	-5.937209999999999601e-09	1.080483739999999898e+03	1.100000000000000089e+00
1.655081720130180359e+09	4.004260000000000046e-04	3.278270000000000039e-06	-6.039079999999999573e-07	-5.995419999999999961e-09	1.080414250000000038e+03	1.100000000000000089e+00
1.655081721739939213e+09	4.003659999999999814e-04	3.218669999999999797e-06	-6.039079999999999573e-07	-5.995419999999999961e-09	1.080363399999999956e+03	1.100000000000000089e+00
1.655081723361263275e+09	4.001279999999999746e-04	3.218669999999999797e-06	-6.039079999999999573e-07	-5.937209999999999601e-09	1.080305820000000040e+03	1.100000000000000089e+00
1.655081724974511385e+09	3.998890000000000062e-04	3.278270000000000039e-06	-6.039079999999999573e-07	-5.995419999999999961e-09	1.080255419999999958e+03	1.100000000000000089e+00
1.655081726586277008e+09	3.998299999999999988e-04	3.278270000000000039e-06	-6.039079999999999573e-07	-5.995419999999999961e-09	1.080231890000000021e+03	1.100000000000000089e+00
1.655081728209834576e+09	3.996509999999999993e-04	3.278270000000000039e-06	-6.039079999999999573e-07	-5.937209999999999601e-09	1.080161489999999958e+03	1.100000000000000089e+00
1.655081729819961071e+09	3.994719999999999998e-04	3.278270000000000039e-06	-6.039079999999999573e-07	-5.995419999999999961e-09	1.080135739999999942e+03	1.100000000000000089e+00
1.655081731433270693e+09	3.994129999999999924e-04	3.218669999999999797e-06	-6.039079999999999573e-07	-5.995419999999999961e-09	1.080114550000000008e+03	1.100000000000000089e+00
1.655081733044225693e+09	3.992339999999999930e-04	3.278270000000000039e-06	-6.039079999999999573e-07	-5.937209999999999601e-09	1.080055879999999888e+03	1.100000000000000089e+00
1.655081739666192532e+09	3.985190000000000108e-04	3.278270000000000039e-06	-6.039079999999999573e-07	-5.995419999999999961e-09	1.079840760000000046e+03	1.110000000000000098e+00
1.655081741270532846e+09	3.983400000000000113e-04	3.278270000000000039e-06	-6.039079999999999573e-07	-5.995419999999999961e-09	1.079795569999999998e+03	1.110000000000000098e+00
1.655081742882322073e+09	3.981009999999999887e-04	3.218669999999999797e-06	-6.039079999999999573e-07	-5.995419999999999961e-09	1.079741410000000087e+03	1.110000000000000098e+00
1.655081744488962889e+09	3.979219999999999893e-04	3.278270000000000039e-06	-6.039079999999999573e-07	-5.937209999999999601e-09	1.079693459999999959e+03	1.110000000000000098e+00
1.655081746086119413e+09	3.978030000000000129e-04	3.278270000000000039e-06	-6.039079999999999573e-07	-5.995419999999999961e-09	1.079626639999999952e+03	1.110000000000000098e+00
1.655081747687508583e+09	3.975650000000000061e-04	3.278270000000000039e-06	-6.039079999999999573e-07	-5.937209999999999601e-09	1.079614620000000059e+03	1.110000000000000098e+00
1.655081749295332670e+09	3.973860000000000066e-04	3.218669999999999797e-06	-6.039079999999999573e-07	-5.995419999999999961e-09	1.079567009999999982e+03	1.110000000000000098e+00
1.655081750897061825e+09	3.973259999999999834e-04	3.278270000000000039e-06	-6.039079999999999573e-07	-5.937209999999999601e-09	1.079521940000000086e+03	1.110000000000000098e+00
1.655081752506570101e+09	3.972070000000000071e-04	3.218669999999999797e-06	-6.039079999999999573e-07	-6.053630000000000322e-09	1.079485500000000002e+03	1.110000000000000098e+00
1.655081754127627850e+09	3.970280000000000076e-04	3.218669999999999797e-06	-6.039079999999999573e-07	-5.995419999999999961e-09	1.079447519999999940e+03	1.110000000000000098e+00
1.655081760772190809e+09	3.962540000000000181e-04	3.218669999999999797e-06	-6.039079999999999573e-07	-5.937209999999999601e-09	1.079216069999999945e+03	1.120000000000000107e+00
1.655081762375812769e+09	3.961340000000000260e-04	3.278270000000000039e-06	-6.039079999999999573e-07	-5.937209999999999601e-09	1.079171640000000025e+03	1.120000000000000107e+00
1.655081763984535694e+09	3.958960000000000192e-04	3.278270000000000039e-06	-6.039079999999999573e-07	-5.937209999999999601e-09	1.079117670000000089e+03	1.120000000000000107e+00
1.655081765596163273e+09	3.957170000000000197e-04	3.218669999999999797e-06	-6.039079999999999573e-07	-5.995419999999999961e-09	1.079084139999999934e+03	1.120000000000000107e+00
1.655081767204141617e+09	3.955979999999999891e-04	3.218669999999999797e-06	-6.039079999999999573e-07	-5.995419999999999961e-09	1.079020800000000008e+03	1.120000000000000107e+00
1.655081768820972443e+09	3.954189999999999897e-04	3.218669999999999797e-06	-6.039079999999999573e-07	-5.995419999999999961e-09	1.079002860000000055e+03	1.120000000000000107e+00
1.655081770429961920e+09	3.952399999999999902e-04	3.218669999999999797e-06	-6.039079999999999573e-07	-5.937209999999999601e-09	1.078949409999999943e+03	1.120000000000000107e+00
1.655081772039930582e+09	3.951809999999999828e-04	3.218669999999999797e-06	-6.039079999999999573e-07	-5.937209999999999601e-09	1.078909450000000106e+03	1.120000000000000107e+00
1.655081773655155897e+09	3.949420000000000144e-04	3.159060000000000125e-06	-6.039079999999999573e-07	-5.995419999999999961e-09	1.078870769999999993e+03	1.120000000000000107e+00
1.655081775260963678e+09	3.949420000000000144e-04	3.218669999999999797e-06	-6.039079999999999573e-07	-5.937209999999999601e-09	1.078844000000000051e+03	1.120000000000000107e+00
1.655081781888062239e+09	3.941670000000000091e-04	3.218669999999999797e-06	-6.039079999999999573e-07	-5.995419999999999961e-09	1.078608940000000075e+03	1.130000000000000115e+00
1.655081783494251490e+09	3.939290000000000022e-04	3.218669999999999797e-06	-6.039079999999999573e-07	-5.937209999999999601e-09	1.078554049999999961e+03	1.130000000000000115e+00
1.655081785099706888e+09	3.937500000000000028e-04	3.278270000000000039e-06	-6.039079999999999573e-07	-5.937209999999999601e-09	1.078503099999999904e+03	1.130000000000000115e+00
1.655081786720962524e+09	3.935710000000000033e-04	3.278270000000000039e-06	-6.039079999999999573e-07	-5.995419999999999961e-09	1.078461999999999989e+03	1.130000000000000115e+00
1.655081788328962803e+09	3.934520000000000270e-04	3.218669999999999797e-06	-6.039079999999999573e-07	-5.995419999999999961e-09	1.078415639999999939e+03	1.130000000000000115e+00
1.655081789941400528e+09	3.933329999999999964e-04	3.218669999999999797e-06	-6.039079999999999573e-07	-5.995419999999999961e-09	1.078377750000000106e+03	1.130000000000000115e+00
1.655081791543977261e+09	3.930939999999999738e-04	3.159060000000000125e-06	-6.039079999999999573e-07	-5.995419999999999961e-09	1.078339249999999993e+03	1.130000000000000115e+00
1.655081793154052258e+09	3.930350000000000206e-04	3.218669999999999797e-06	-6.039079999999999573e-07	-5.937209999999999601e-09	1.078296430000000100e+03	1.130000000000000115e+00
1.655081794753732204e+09	3.928560000000000212e-04	3.218669999999999797e-06	-6.039079999999999573e-07	-5.995419999999999961e-09	1.078260669999999891e+03	1.130000000000000115e+00
1.655081796363021851e+09	3.927369999999999906e-04	3.218669999999999797e-06	-6.039079999999999573e-07	-5.937209999999999601e-09	1.078216539999999895e+03	1.130000000000000115e+00
1.655081802992291689e+09	3.920220000000000085e-04	3.218669999999999797e-06	-6.039079999999999573e-07	-5.995419999999999961e-09	1.078001780000000053e+03	1.140000000000000124e+00
1.655081804601656914e+09	3.918430000000000090e-04	3.218669999999999797e-06	-6.039079999999999573e-07	-5.995419999999999961e-09	1.077958049999999957e+03	1.140000000000000124e+00
1.655081806210964918e+09	3.916640000000000095e-04	3.218669999999999797e-06	-6.039079999999999573e-07	-5.995419999999999961e-09	1.077911370000000034e+03	1.140000000000000124e+00
1.655081807816794157e+09	3.914850000000000101e-04	3.218669999999999797e-06	-6.039079999999999573e-07	-5.995419999999999961e-09	1.077860329999999976e+03	1.140000000000000124e+00
1.655081809427996874e+09	3.912470000000000032e-04	3.159060000000000125e-06	-6.039079999999999573e-07	-5.937209999999999601e-09	1.077811210000000074e+03	1.140000000000000124e+00
1.655081811036355734e+09	3.911280000000000269e-04	3.218669999999999797e-06	-6.039079999999999573e-07	-5.995419999999999961e-09	1.077782400000000052e+03	1.140000000000000124e+00
1.655081812644050598e+09	3.910680000000000037e-04	3.159060000000000125e-06	-6.039079999999999573e-07	-5.995419999999999961e-09	1.077732330000000047e+03	1.140000000000000124e+00
1.655081814257942438e+09	3.908890000000000042e-04	3.218669999999999797e-06	-6.039079999999999573e-07	-5.937209999999999601e-09	1.077689020000000028e+03	1.140000000000000124e+00
1.655081815867180109e+09	3.907100000000000048e-04	3.159060000000000125e-06	-6.039079999999999573e-07	-5.995419999999999961e-09	1.077655389999999898e+03	1.140000000000000124e+00
1.655081817480180264e+09	3.905909999999999742e-04	3.159060000000000125e-06	-6.039079999999999573e-07	-5.937209999999999601e-09	1.077628420000000006e+03	1.140000000000000124e+00
1.655081824105018616e+09	3.898759999999999921e-04	3.218669999999999797e-06	-6.039079999999999573e-07	-5.995419999999999961e-09	1.077392470000000003e+03	1.150000000000000133e+00
1.655081825721297979e+09	3.896969999999999926e-04	3.218669999999999797e-06	-6.039079999999999573e-07	-5.995419999999999961e-09	1.077360359999999901e+03	1.150000000000000133e+00
1.655081827328962803e+09	3.895780000000000163e-04	3.159060000000000125e-06	-6.039079999999999573e-07	-5.995419999999999961e-09	1.077307009999999991e+03	1.150000000000000133e+00
1.655081828933676004e+09	3.893990000000000168e-04	3.159060000000000125e-06	-6.039079999999999573e-07	-5.937209999999999601e-09	1.077265429999999924e+03	1.150000000000000133e+00
1.655081830533765078e+09	3.892200000000000173e-04	3.159060000000000125e-06	-6.039079999999999573e-07	-5.995419999999999961e-09	1.077211379999999963e+03	1.150000000000000133e+00
1.655081832140244007e+09	3.889820000000000105e-04	3.159060000000000125e-06	-6.039079999999999573e-07	-5.937209999999999601e-09	1.077183050000000094e+03	1.150000000000000133e+00
1.655081833745584488e+09	3.889219999999999873e-04	3.159060000000000125e-06	-6.039079999999999573e-07	-5.995419999999999961e-09	1.077129149999999981e+03	1.150000000000000133e+00
1.655081835353498936e+09	3.888030000000000110e-04	3.159060000000000125e-06	-6.039079999999999573e-07	-5.995419999999999961e-09	1.077085000000000036e+03	1.150000000000000133e+00
1.655081836968006372e+09	3.886240000000000115e-04	3.218669999999999797e-06	-6.039079999999999573e-07	-5.995419999999999961e-09	1.077052290000000085e+03	1.150000000000000133e+00
1.655081838583766222e+09	3.885049999999999810e-04	3.218669999999999797e-06	-6.039079999999999573e-07	-5.937209999999999601e-09	1.077022069999999985e+03	1.150000000000000133e+00
1.655081845202978134e+09	3.877899999999999989e-04	3.159060000000000125e-06	-6.039079999999999573e-07	-5.995419999999999961e-09	1.076801549999999907e+03	1.159999999999999920e+00
1.655081846818357229e+09	3.876700000000000068e-04	3.159060000000000125e-06	-6.039079999999999573e-07	-5.995419999999999961e-09	1.076779109999999946e+03	1.159999999999999920e+00
1.655081848418287039e+09	3.874920000000000231e-04	3.159060000000000125e-06	-6.039079999999999573e-07	-5.995419999999999961e-09	1.076714330000000018e+03	1.159999999999999920e+00
1.655081850034412861e+09	3.872530000000000004e-04	3.159060000000000125e-06	-6.039079999999999573e-07	-5.937209999999999601e-09	1.076666089999999940e+03	1.159999999999999920e+00
1.655081851640181065e+09	3.871340000000000241e-04	3.159060000000000125e-06	-6.039079999999999573e-07	-5.937209999999999601e-09	1.076622800000000097e+03	1.159999999999999920e+00
1.655081853248963356e+09	3.869550000000000246e-04	3.159060000000000125e-06	-6.039079999999999573e-07	-5.995419999999999961e-09	1.076580930000000080e+03	1.159999999999999920e+00
1.655081854858963251e+09	3.868359999999999941e-04	3.159060000000000125e-06	-6.039079999999999573e-07	-5.995419999999999961e-09	1.076541439999999966e+03	1.159999999999999920e+00
1.655081856467442513e+09	3.867760000000000252e-04	3.159060000000000125e-06	-6.039079999999999573e-07	-6.053630000000000322e-09	1.076503529999999955e+03	1.159999999999999920e+00
1.655081858086030006e+09	3.865380000000000183e-04	3.159060000000000125e-06	-6.039079999999999573e-07	-5.995419999999999961e-09	1.076462669999999889e+03	1.159999999999999920e+00
1.655081859703815460e+09	3.864189999999999878e-04	3.159060000000000125e-06	-6.039079999999999573e-07	-5.995419999999999961e-09	1.076424970000000030e+03	1.159999999999999920e+00
1.655081866319164276e+09	3.857630000000000130e-04	3.099459999999999883e-06	-6.039079999999999573e-07	-5.995419999999999961e-09	1.076230129999999917e+03	1.169999999999999929e+00
1.655081867927471876e+09	3.856439999999999825e-04	3.159060000000000125e-06	-6.039079999999999573e-07	-5.995419999999999961e-09	1.076186840000000075e+03	1.169999999999999929e+00
1.655081869545186996e+09	3.854050000000000141e-04	3.159060000000000125e-06	-6.039079999999999573e-07	-5.937209999999999601e-09	1.076134939999999915e+03	1.169999999999999929e+00
1.655081871152948141e+09	3.852859999999999835e-04	3.159060000000000125e-06	-6.039079999999999573e-07	-5.995419999999999961e-09	1.076078999999999951e+03	1.169999999999999929e+00
1.655081872772287130e+09	3.851069999999999841e-04	3.099459999999999883e-06	-6.039079999999999573e-07	-5.995419999999999961e-09	1.076029320000000098e+03	1.169999999999999929e+00
1.655081874383441448e+09	3.849290000000000003e-04	3.159060000000000125e-06	-6.039079999999999573e-07	-5.937209999999999601e-09	1.076002480000000105e+03	1.169999999999999929e+00
1.655081875995637178e+09	3.848090000000000083e-04	3.159060000000000125e-06	-6.039659999999999701e-07	-5.995419999999999961e-09	1.075971129999999903e+03	1.169999999999999929e+00
1.655081877617547274e+09	3.846310000000000245e-04	3.159060000000000125e-06	-6.039079999999999573e-07	-5.995419999999999961e-09	1.075924279999999953e+03	1.169999999999999929e+00
1.655081879219834328e+09	3.845109999999999782e-04	3.218669999999999797e-06	-6.039079999999999573e-07	-5.995419999999999961e-09	1.075898010000000113e+03	1.169999999999999929e+00
1.655081880832231522e+09	3.843329999999999945e-04	3.159060000000000125e-06	-6.039079999999999573e-07	-5.995419999999999961e-09	1.075860460000000103e+03	1.169999999999999929e+00
1.655081887458298683e+09	3.836770000000000198e-04	3.159060000000000125e-06	-6.039079999999999573e-07	-5.995419999999999961e-09	1.075641100000000051e+03	1.179999999999999938e+00
1.655081889075392723e+09	3.835579999999999892e-04	3.159060000000000125e-06	-6.039079999999999573e-07	-5.995419999999999961e-09	1.075603110000000015e+03	1.179999999999999938e+00
1.655081890686451912e+09	3.833190000000000208e-04	3.159060000000000125e-06	-6.039079999999999573e-07	-5.937209999999999601e-09	1.075552799999999934e+03	1.179999999999999938e+00
1.655081892295244217e+09	3.831999999999999903e-04	3.159060000000000125e-06	-6.039079999999999573e-07	-5.995419999999999961e-09	1.075509399999999914e+03	1.179999999999999938e+00
1.655081893916518450e+09	3.830209999999999908e-04	3.159060000000000125e-06	-6.039079999999999573e-07	-5.995419999999999961e-09	1.075463479999999890e+03	1.179999999999999938e+00
1.655081895531226158e+09	3.829020000000000145e-04	3.159060000000000125e-06	-6.039079999999999573e-07	-5.937209999999999601e-09	1.075431620000000066e+03	1.179999999999999938e+00
1.655081897140133381e+09	3.827230000000000150e-04	3.159060000000000125e-06	-6.039659999999999701e-07	-5.995419999999999961e-09	1.075388200000000097e+03	1.179999999999999938e+00
1.655081898759316921e+09	3.826039999999999845e-04	3.159060000000000125e-06	-6.039079999999999573e-07	-5.995419999999999961e-09	1.075359369999999899e+03	1.179999999999999938e+00
1.655081900369794369e+09	3.824850000000000081e-04	3.099459999999999883e-06	-6.039079999999999573e-07	-5.995419999999999961e-09	1.075321590000000015e+03	1.179999999999999938e+00
1.655081901982471466e+09	3.823659999999999776e-04	3.159060000000000125e-06	-6.039079999999999573e-07	-5.937209999999999601e-09	1.075270999999999958e+03	1.179999999999999938e+00
1.655081908605427265e+09	3.816499999999999797e-04	3.099459999999999883e-06	-6.039079999999999573e-07	-5.995419999999999961e-09	1.075080140000000029e+03	1.189999999999999947e+00
1.655081910218963146e+09	3.814120000000000271e-04	3.099459999999999883e-06	-6.039079999999999573e-07	-5.937209999999999601e-09	1.075026329999999916e+03	1.189999999999999947e+00
1.655081911827002525e+09	3.812929999999999965e-04	3.159060000000000125e-06	-6.039079999999999573e-07	-6.053630000000000322e-09	1.074984150000000000e+03	1.189999999999999947e+00
1.655081913445166349e+09	3.812329999999999734e-04	3.099459999999999883e-06	-6.039079999999999573e-07	-5.937209999999999601e-09	1.074927740000000085e+03	1.189999999999999947e+00
1.655081915049962997e+09	3.809950000000000207e-04	3.099459999999999883e-06	-6.039079999999999573e-07	-5.995419999999999961e-09	1.074883000000000038e+03	1.189999999999999947e+00
1.655081916668388844e+09	3.808759999999999902e-04	3.159060000000000125e-06	-6.039659999999999701e-07	-5.995419999999999961e-09	1.074856659999999920e+03	1.189999999999999947e+00
1.655081918296390057e+09	3.807559999999999981e-04	3.099459999999999883e-06	-6.039079999999999573e-07	-5.995419999999999961e-09	1.074812239999999974e+03	1.189999999999999947e+00
1.655081919906666279e+09	3.806370000000000218e-04	3.099459999999999883e-06	-6.039079999999999573e-07	-5.937209999999999601e-09	1.074786139999999932e+03	1.189999999999999947e+00
1.655081921526057482e+09	3.805179999999999912e-04	3.099459999999999883e-06	-6.039079999999999573e-07	-5.995419999999999961e-09	1.074731129999999894e+03	1.189999999999999947e+00
1.655081923142803192e+09	3.803990000000000149e-04	3.159060000000000125e-06	-6.039079999999999573e-07	-5.995419999999999961e-09	1.074708669999999984e+03	1.189999999999999947e+00
1.655081929769849777e+09	3.797429999999999859e-04	3.099459999999999883e-06	-6.039079999999999573e-07	-5.937209999999999601e-09	1.074497339999999895e+03	1.199999999999999956e+00
1.655081931384791851e+09	3.795049999999999791e-04	3.099459999999999883e-06	-6.039079999999999573e-07	-5.995419999999999961e-09	1.074452389999999923e+03	1.199999999999999956e+00
1.655081932998962402e+09	3.793259999999999796e-04	3.039850000000000211e-06	-6.039079999999999573e-07	-5.937209999999999601e-09	1.074406160000000000e+03	1.199999999999999956e+00
1.655081934611368656e+09	3.792070000000000033e-04	3.159060000000000125e-06	-6.039659999999999701e-07	-5.937209999999999601e-09	1.074375189999999975e+03	1.199999999999999956e+00
1.655081936229683161e+09	3.790870000000000112e-04	3.099459999999999883e-06	-6.039079999999999573e-07	-5.995419999999999961e-09	1.074344430000000102e+03	1.199999999999999956e+00
1.655081937840454578e+09	3.789089999999999733e-04	3.099459999999999883e-06	-6.039079999999999573e-07	-5.995419999999999961e-09	1.074286419999999907e+03	1.199999999999999956e+00
1.655081939443049431e+09	3.787299999999999738e-04	3.099459999999999883e-06	-6.039079999999999573e-07	-5.995419999999999961e-09	1.074247929999999997e+03	1.199999999999999956e+00
1.655081941051947117e+09	3.786700000000000049e-04	3.099459999999999883e-06	-6.039079999999999573e-07	-5.937209999999999601e-09	1.074209100000000035e+03	1.199999999999999956e+00
1.655081942660904646e+09	3.784910000000000054e-04	3.099459999999999883e-06	-6.039659999999999701e-07	-5.937209999999999601e-09	1.074181489999999940e+03	1.199999999999999956e+00
1.655081944267952442e+09	3.783719999999999748e-04	3.039850000000000211e-06	-6.039079999999999573e-07	-5.995419999999999961e-09	1.074138259999999946e+03	1.199999999999999956e+00
1.655081950887166262e+09	3.776569999999999927e-04	3.099459999999999883e-06	-6.039079999999999573e-07	-5.995419999999999961e-09	1.073941199999999981e+03	1.209999999999999964e+00
1.655081952492291689e+09	3.775380000000000164e-04	3.099459999999999883e-06	-6.039659999999999701e-07	-6.053630000000000322e-09	1.073902199999999993e+03	1.209999999999999964e+00
1.655081954098514795e+09	3.773590000000000169e-04	2.980249999999999969e-06	-6.039079999999999573e-07	-5.995419999999999961e-09	1.073841969999999947e+03	1.209999999999999964e+00
1.655081955722020149e+09	3.772399999999999864e-04	3.099459999999999883e-06	-6.039079999999999573e-07	-5.995419999999999961e-09	1.073818770000000086e+03	1.209999999999999964e+00
1.655081957332944632e+09	3.770609999999999869e-04	3.159060000000000125e-06	-6.039079999999999573e-07	-6.053630000000000322e-09	1.073781109999999899e+03	1.209999999999999964e+00
1.655081958944957018e+09	3.769420000000000106e-04	3.159060000000000125e-06	-6.039079999999999573e-07	-5.937209999999999601e-09	1.073731369999999970e+03	1.209999999999999964e+00
1.655081960555610418e+09	3.767630000000000111e-04	3.099459999999999883e-06	-6.039079999999999573e-07	-6.053630000000000322e-09	1.073677239999999983e+03	1.209999999999999964e+00
1.655081962165972710e+09	3.767029999999999879e-04	3.099459999999999883e-06	-6.039079999999999573e-07	-5.937209999999999601e-09	1.073648920000000089e+03	1.209999999999999964e+00
1.655081963771334648e+09	3.765239999999999885e-04	3.099459999999999883e-06	-6.039079999999999573e-07	-5.937209999999999601e-09	1.073611509999999953e+03	1.209999999999999964e+00
1.655081965376847506e+09	3.764649999999999811e-04	3.099459999999999883e-06	-6.039079999999999573e-07	-5.995419999999999961e-09	1.073589889999999968e+03	1.209999999999999964e+00
1.655081972006057978e+09	3.757499999999999989e-04	3.099459999999999883e-06	-6.039079999999999573e-07	-5.937209999999999601e-09	1.073395019999999931e+03	1.219999999999999973e+00
1.655081973617025137e+09	3.755709999999999995e-04	3.099459999999999883e-06	-6.039079999999999573e-07	-5.937209999999999601e-09	1.073351989999999887e+03	1.219999999999999973e+00
1.655081975226193905e+09	3.754520000000000231e-04	3.039850000000000211e-06	-6.039659999999999701e-07	-5.995419999999999961e-09	1.073292619999999943e+03	1.219999999999999973e+00
1.655081976841000080e+09	3.753319999999999768e-04	2.980249999999999969e-06	-6.039079999999999573e-07	-5.937209999999999601e-09	1.073257340000000113e+03	1.219999999999999973e+00
1.655081978445246220e+09	3.751529999999999774e-04	2.980249999999999969e-06	-6.039079999999999573e-07	-5.995419999999999961e-09	1.073207699999999932e+03	1.219999999999999973e+00
1.655081980056012630e+09	3.749749999999999936e-04	2.980249999999999969e-06	-6.039079999999999573e-07	-5.937209999999999601e-09	1.073188630000000103e+03	1.219999999999999973e+00
1.655081981667021990e+09	3.748550000000000016e-04	3.099459999999999883e-06	-6.039079999999999573e-07	-5.995419999999999961e-09	1.073142389999999978e+03	1.219999999999999973e+00
1.655081983275611877e+09	3.746770000000000178e-04	3.159060000000000125e-06	-6.039659999999999701e-07	-5.937209999999999601e-09	1.073108580000000075e+03	1.219999999999999973e+00
1.655081984880963564e+09	3.745570000000000258e-04	3.099459999999999883e-06	-6.039659999999999701e-07	-5.937209999999999601e-09	1.073071599999999989e+03	1.219999999999999973e+00
1.655081986495972395e+09	3.744379999999999952e-04	2.980249999999999969e-06	-6.039079999999999573e-07	-5.937209999999999601e-09	1.073034470000000056e+03	1.219999999999999973e+00
1.655081993123678207e+09	3.738419999999999894e-04	2.980249999999999969e-06	-6.039079999999999573e-07	-5.937209999999999601e-09	1.072837520000000040e+03	1.229999999999999982e+00
1.655081994742420435e+09	3.736629999999999899e-04	2.980249999999999969e-06	-6.039079999999999573e-07	-5.937209999999999601e-09	1.072803180000000111e+03	1.229999999999999982e+00
1.655081996356840611e+09	3.735440000000000136e-04	3.099459999999999883e-06	-6.039079999999999573e-07	-6.053630000000000322e-09	1.072760279999999966e+03	1.229999999999999982e+00
1.655081997960593700e+09	3.734249999999999831e-04	3.099459999999999883e-06	-6.039659999999999701e-07	-5.937209999999999601e-09	1.072709959999999910e+03	1.229999999999999982e+00
1.655081999578394890e+09	3.733060000000000067e-04	3.039850000000000211e-06	-6.039659999999999701e-07	-6.053630000000000322e-09	1.072663659999999936e+03	1.229999999999999982e+00
1.655082001197745562e+09	3.731270000000000073e-04	2.980249999999999969e-06	-6.039079999999999573e-07	-5.995419999999999961e-09	1.072629280000000108e+03	1.229999999999999982e+00
1.655082002817711592e+09	3.729480000000000078e-04	2.980249999999999969e-06	-6.039079999999999573e-07	-5.937209999999999601e-09	1.072590920000000096e+03	1.229999999999999982e+00
1.655082004417995691e+09	3.728890000000000004e-04	2.980249999999999969e-06	-6.039659999999999701e-07	-5.995419999999999961e-09	1.072555759999999964e+03	1.229999999999999982e+00
1.655082006026203156e+09	3.727100000000000009e-04	2.980249999999999969e-06	-6.039079999999999573e-07	-5.995419999999999961e-09	1.072524529999999913e+03	1.229999999999999982e+00
1.655082007638943434e+09	3.725900000000000089e-04	3.039850000000000211e-06	-6.039079999999999573e-07	-5.995419999999999961e-09	1.072493439999999964e+03	1.229999999999999982e+00
1.655082014260180235e+09	3.719349999999999956e-04	2.980249999999999969e-06	-6.039079999999999573e-07	-5.995419999999999961e-09	1.072297749999999951e+03	1.239999999999999991e+00
1.655082015879850388e+09	3.717559999999999962e-04	2.980249999999999969e-06	-6.039079999999999573e-07	-5.995419999999999961e-09	1.072249800000000050e+03	1.239999999999999991e+00
1.655082017487059593e+09	3.715769999999999967e-04	3.039850000000000211e-06	-6.039079999999999573e-07	-5.937209999999999601e-09	1.072213739999999916e+03	1.239999999999999991e+00
1.655082019095145941e+09	3.714580000000000204e-04	3.039850000000000211e-06	-6.039079999999999573e-07	-5.995419999999999961e-09	1.072157830000000104e+03	1.239999999999999991e+00
1.655082020707420588e+09	3.712200000000000135e-04	2.980249999999999969e-06	-6.039079999999999573e-07	-5.995419999999999961e-09	1.072131090000000086e+03	1.239999999999999991e+00
1.655082022323172808e+09	3.711599999999999904e-04	2.980249999999999969e-06	-6.039659999999999701e-07	-5.937209999999999601e-09	1.072080279999999902e+03	1.239999999999999991e+00
1.655082023934137821e+09	3.710410000000000140e-04	2.920639999999999874e-06	-6.039079999999999573e-07	-5.995419999999999961e-09	1.072063210000000026e+03	1.239999999999999991e+00
1.655082025550972939e+09	3.709219999999999835e-04	2.980249999999999969e-06	-6.039079999999999573e-07	-5.995419999999999961e-09	1.072007149999999911e+03	1.239999999999999991e+00
1.655082027158963203e+09	3.708019999999999914e-04	2.980249999999999969e-06	-6.039079999999999573e-07	-5.937209999999999601e-09	1.071999880000000076e+03	1.239999999999999991e+00
1.655082028770962715e+09	3.706240000000000077e-04	2.980249999999999969e-06	-6.039659999999999701e-07	-5.995419999999999961e-09	1.071936020000000099e+03	1.239999999999999991e+00
1.655082035414234161e+09	3.700269999999999861e-04	2.980249999999999969e-06	-6.039079999999999573e-07	-5.995419999999999961e-09	1.071771619999999984e+03	1.250000000000000000e+00
1.655082037030318499e+09	3.699080000000000098e-04	2.980249999999999969e-06	-6.039079999999999573e-07	-5.995419999999999961e-09	1.071721299999999928e+03	1.250000000000000000e+00
1.655082038642366886e+09	3.697889999999999793e-04	2.980249999999999969e-06	-6.039079999999999573e-07	-5.995419999999999961e-09	1.071684490000000096e+03	1.250000000000000000e+00
1.655082040255465269e+09	3.696099999999999798e-04	2.980249999999999969e-06	-6.039079999999999573e-07	-5.995419999999999961e-09	1.071629179999999906e+03	1.250000000000000000e+00
1.655082041874975920e+09	3.694309999999999803e-04	2.920639999999999874e-06	-6.039659999999999701e-07	-6.053630000000000322e-09	1.071602889999999888e+03	1.250000000000000000e+00
1.655082043490963221e+09	3.692529999999999966e-04	2.980249999999999969e-06	-6.039079999999999573e-07	-5.995419999999999961e-09	1.071560860000000048e+03	1.250000000000000000e+00
1.655082045096931934e+09	3.691330000000000045e-04	2.980249999999999969e-06	-6.039659999999999701e-07	-5.995419999999999961e-09	1.071511860000000070e+03	1.250000000000000000e+00
1.655082046700951338e+09	3.690739999999999971e-04	2.920639999999999874e-06	-6.039079999999999573e-07	-5.995419999999999961e-09	1.071478669999999966e+03	1.250000000000000000e+00
1.655082048321964025e+09	3.688949999999999976e-04	2.980249999999999969e-06	-6.039659999999999701e-07	-5.995419999999999961e-09	1.071446909999999889e+03	1.250000000000000000e+00
1.655082049927523136e+09	3.688349999999999745e-04	2.980249999999999969e-06	-6.039079999999999573e-07	-5.995419999999999961e-09	1.071415269999999964e+03	1.250000000000000000e+00
1.655082056558168173e+09	3.681800000000000155e-04	2.980249999999999969e-06	-6.039079999999999573e-07	-5.937209999999999601e-09	1.071220710000000054e+03	1.260000000000000009e+00
1.655082058181180000e+09	3.680010000000000160e-04	2.920639999999999874e-06	-6.039079999999999573e-07	-5.995419999999999961e-09	1.071188100000000077e+03	1.260000000000000009e+00
1.655082059797868490e+09	3.678220000000000166e-04	2.920639999999999874e-06	-6.039079999999999573e-07	-5.995419999999999961e-09	1.071145649999999932e+03	1.260000000000000009e+00
1.655082061408333540e+09	3.677029999999999860e-04	2.920639999999999874e-06	-6.039079999999999573e-07	-5.995419999999999961e-09	1.071099179999999933e+03	1.260000000000000009e+00
1.655082063014350176e+09	3.675239999999999865e-04	2.980249999999999969e-06	-6.039079999999999573e-07	-6.053630000000000322e-09	1.071060899999999947e+03	1.260000000000000009e+00
1.655082064626959085e+09	3.674050000000000102e-04	2.980249999999999969e-06	-6.039079999999999573e-07	-6.053630000000000322e-09	1.071022920000000113e+03	1.260000000000000009e+00
1.655082066239006996e+09	3.673449999999999871e-04	2.980249999999999969e-06	-6.039659999999999701e-07	-5.995419999999999961e-09	1.070993040000000065e+03	1.260000000000000009e+00
1.655082067846545935e+09	3.672260000000000107e-04	2.920639999999999874e-06	-6.039659999999999701e-07	-5.937209999999999601e-09	1.070956159999999954e+03	1.260000000000000009e+00
1.655082069462946892e+09	3.670470000000000113e-04	2.980249999999999969e-06	-6.039079999999999573e-07	-5.937209999999999601e-09	1.070922100000000000e+03	1.260000000000000009e+00
1.655082071071082354e+09	3.668680000000000118e-04	2.920639999999999874e-06	-6.039079999999999573e-07	-5.995419999999999961e-09	1.070879570000000058e+03	1.260000000000000009e+00
1.655082077703348160e+09	3.663919999999999981e-04	2.920639999999999874e-06	-6.039659999999999701e-07	-5.995419999999999961e-09	1.070691550000000007e+03	1.270000000000000018e+00
1.655082079326036692e+09	3.662129999999999986e-04	2.920639999999999874e-06	-6.039079999999999573e-07	-5.995419999999999961e-09	1.070661920000000009e+03	1.270000000000000018e+00
1.655082080940963745e+09	3.660339999999999991e-04	2.980249999999999969e-06	-6.039659999999999701e-07	-5.995419999999999961e-09	1.070614080000000058e+03	1.270000000000000018e+00
1.655082082557784081e+09	3.658549999999999996e-04	2.980249999999999969e-06	-6.039659999999999701e-07	-5.995419999999999961e-09	1.070580030000000079e+03	1.270000000000000018e+00
1.655082084167680979e+09	3.657360000000000233e-04	2.920639999999999874e-06	-6.039659999999999701e-07	-5.937209999999999601e-09	1.070531960000000026e+03	1.270000000000000018e+00
1.655082085783994198e+09	3.655570000000000238e-04	2.920639999999999874e-06	-6.039659999999999701e-07	-6.053630000000000322e-09	1.070494320000000016e+03	1.270000000000000018e+00
1.655082087387017965e+09	3.654379999999999933e-04	2.980249999999999969e-06	-6.039659999999999701e-07	-5.995419999999999961e-09	1.070464099999999917e+03	1.270000000000000018e+00
1.655082088997952223e+09	3.653190000000000170e-04	2.920639999999999874e-06	-6.039079999999999573e-07	-5.937209999999999601e-09	1.070424070000000029e+03	1.270000000000000018e+00
1.655082090604558706e+09	3.651400000000000175e-04	2.920639999999999874e-06	-6.039659999999999701e-07	-5.937209999999999601e-09	1.070402679999999918e+03	1.270000000000000018e+00
1.655082092214330196e+09	3.651400000000000175e-04	2.920639999999999874e-06	-6.039659999999999701e-07	-5.995419999999999961e-09	1.070358760000000075e+03	1.270000000000000018e+00
1.655082098860963106e+09	3.645440000000000117e-04	2.980249999999999969e-06	-6.039659999999999701e-07	-5.995419999999999961e-09	1.070169789999999921e+03	1.280000000000000027e+00
1.655082100467015743e+09	3.643650000000000122e-04	2.920639999999999874e-06	-6.039079999999999573e-07	-5.995419999999999961e-09	1.070141300000000001e+03	1.280000000000000027e+00
1.655082102074100971e+09	3.641860000000000127e-04	2.920639999999999874e-06	-6.039659999999999701e-07	-5.995419999999999961e-09	1.070100670000000036e+03	1.280000000000000027e+00
1.655082103678962946e+09	3.640669999999999822e-04	2.920639999999999874e-06	-6.039079999999999573e-07	-5.995419999999999961e-09	1.070067649999999958e+03	1.280000000000000027e+00
1.655082105290178776e+09	3.639480000000000059e-04	2.980249999999999969e-06	-6.040250000000000105e-07	-5.995419999999999961e-09	1.070027949999999919e+03	1.280000000000000027e+00
1.655082106907111645e+09	3.637690000000000064e-04	2.920639999999999874e-06	-6.039659999999999701e-07	-5.937209999999999601e-09	1.069977399999999989e+03	1.280000000000000027e+00
1.655082108509847879e+09	3.636499999999999759e-04	2.920639999999999874e-06	-6.039659999999999701e-07	-5.937209999999999601e-09	1.069942780000000084e+03	1.280000000000000027e+00
1.655082110132028341e+09	3.635309999999999995e-04	2.980249999999999969e-06	-6.039659999999999701e-07	-5.995419999999999961e-09	1.069909390000000030e+03	1.280000000000000027e+00
1.655082111744121552e+09	3.634110000000000075e-04	2.920639999999999874e-06	-6.039659999999999701e-07	-5.995419999999999961e-09	1.069873430000000099e+03	1.280000000000000027e+00
1.655082113353964567e+09	3.632919999999999769e-04	2.920639999999999874e-06	-6.039659999999999701e-07	-5.995419999999999961e-09	1.069843399999999974e+03	1.280000000000000027e+00
1.655082119978962183e+09	3.626960000000000253e-04	2.920639999999999874e-06	-6.039659999999999701e-07	-5.995419999999999961e-09	1.069657140000000027e+03	1.290000000000000036e+00
1.655082121585975647e+09	3.625769999999999948e-04	2.920639999999999874e-06	-6.039659999999999701e-07	-5.995419999999999961e-09	1.069622429999999895e+03	1.290000000000000036e+00
1.655082123200183868e+09	3.623979999999999953e-04	2.920639999999999874e-06	-6.039659999999999701e-07	-5.937209999999999601e-09	1.069573439999999891e+03	1.290000000000000036e+00
1.655082124818962336e+09	3.622790000000000190e-04	2.980249999999999969e-06	-6.039659999999999701e-07	-5.937209999999999601e-09	1.069539809999999989e+03	1.290000000000000036e+00
1.655082126425378084e+09	3.621599999999999884e-04	2.920639999999999874e-06	-6.039659999999999701e-07	-5.995419999999999961e-09	1.069518330000000105e+03	1.290000000000000036e+00
1.655082128030172348e+09	3.620399999999999964e-04	2.920639999999999874e-06	-6.039659999999999701e-07	-5.995419999999999961e-09	1.069468470000000025e+03	1.290000000000000036e+00
1.655082129640168667e+09	3.618620000000000126e-04	2.920639999999999874e-06	-6.039659999999999701e-07	-6.053630000000000322e-09	1.069452060000000074e+03	1.290000000000000036e+00
1.655082131249863386e+09	3.617420000000000206e-04	2.920639999999999874e-06	-6.039659999999999701e-07	-5.995419999999999961e-09	1.069397780000000012e+03	1.290000000000000036e+00
1.655082132858963490e+09	3.615639999999999826e-04	2.980249999999999969e-06	-6.039659999999999701e-07	-5.995419999999999961e-09	1.069362129999999979e+03	1.290000000000000036e+00
1.655082134466575861e+09	3.615040000000000137e-04	2.920639999999999874e-06	-6.039659999999999701e-07	-6.053630000000000322e-09	1.069334540000000061e+03	1.290000000000000036e+00
1.655082141090963602e+09	3.609080000000000079e-04	2.801429999999999960e-06	-6.039079999999999573e-07	-5.937209999999999601e-09	1.069152849999999944e+03	1.300000000000000044e+00
1.655082142705517292e+09	3.607290000000000084e-04	2.920639999999999874e-06	-6.039659999999999701e-07	-5.995419999999999961e-09	1.069116600000000062e+03	1.300000000000000044e+00
1.655082144314208508e+09	3.606700000000000010e-04	2.861040000000000055e-06	-6.039659999999999701e-07	-5.995419999999999961e-09	1.069082640000000083e+03	1.300000000000000044e+00
1.655082145933353901e+09	3.604910000000000015e-04	2.861040000000000055e-06	-6.039079999999999573e-07	-5.937209999999999601e-09	1.069034799999999905e+03	1.300000000000000044e+00
1.655082147541717052e+09	3.603720000000000252e-04	2.920639999999999874e-06	-6.039659999999999701e-07	-5.937209999999999601e-09	1.068989579999999933e+03	1.300000000000000044e+00
1.655082149151554823e+09	3.601930000000000257e-04	2.861040000000000055e-06	-6.039659999999999701e-07	-5.995419999999999961e-09	1.068986259999999902e+03	1.300000000000000044e+00
1.655082150763039351e+09	3.601330000000000026e-04	2.861040000000000055e-06	-6.039659999999999701e-07	-5.995419999999999961e-09	1.068929810000000089e+03	1.300000000000000044e+00
1.655082152371146441e+09	3.599540000000000031e-04	2.920639999999999874e-06	-6.039659999999999701e-07	-5.995419999999999961e-09	1.068898179999999911e+03	1.300000000000000044e+00
1.655082153971021652e+09	3.598350000000000268e-04	2.861040000000000055e-06	-6.039079999999999573e-07	-5.995419999999999961e-09	1.068852450000000090e+03	1.300000000000000044e+00
1.655082155579963684e+09	3.597159999999999963e-04	2.920639999999999874e-06	-6.039659999999999701e-07	-5.995419999999999961e-09	1.068820330000000013e+03	1.300000000000000044e+00
1.655082162217271090e+09	3.591199999999999904e-04	2.920639999999999874e-06	-6.039659999999999701e-07	-5.937209999999999601e-09	1.068660920000000033e+03	1.310000000000000053e+00
1.655082163825448990e+09	3.590010000000000141e-04	2.920639999999999874e-06	-6.039659999999999701e-07	-5.937209999999999601e-09	1.068614489999999932e+03	1.310000000000000053e+00
1.655082165437967539e+09	3.588220000000000146e-04	2.920639999999999874e-06	-6.039079999999999573e-07	-5.995419999999999961e-09	1.068578040000000101e+03	1.310000000000000053e+00
1.655082167047157049e+09	3.587619999999999915e-04	2.920639999999999874e-06	-6.039659999999999701e-07	-5.937209999999999601e-09	1.068537029999999959e+03	1.310000000000000053e+00
1.655082168656002522e+09	3.586430000000000152e-04	2.920639999999999874e-06	-6.039659999999999701e-07	-5.937209999999999601e-09	1.068497929999999997e+03	1.310000000000000053e+00
1.655082170260180473e+09	3.584640000000000157e-04	2.920639999999999874e-06	-6.039659999999999701e-07	-5.937209999999999601e-09	1.068461450000000013e+03	1.310000000000000053e+00
1.655082171879848003e+09	3.584050000000000083e-04	2.861040000000000055e-06	-6.039659999999999701e-07	-6.053630000000000322e-09	1.068435500000000047e+03	1.310000000000000053e+00
1.655082173499155760e+09	3.582260000000000088e-04	2.861040000000000055e-06	-6.039659999999999701e-07	-5.995419999999999961e-09	1.068383569999999963e+03	1.310000000000000053e+00
1.655082175110183477e+09	3.580470000000000094e-04	2.920639999999999874e-06	-6.039079999999999573e-07	-5.937209999999999601e-09	1.068361439999999902e+03	1.310000000000000053e+00
1.655082176726421833e+09	3.579279999999999788e-04	2.920639999999999874e-06	-6.039659999999999701e-07	-6.053630000000000322e-09	1.068324749999999995e+03	1.310000000000000053e+00
1.655082183339963436e+09	3.573909999999999804e-04	2.920639999999999874e-06	-6.039659999999999701e-07	-5.995419999999999961e-09	1.068142980000000080e+03	1.320000000000000062e+00
1.655082184953048468e+09	3.572720000000000041e-04	2.920639999999999874e-06	-6.039659999999999701e-07	-5.995419999999999961e-09	1.068107209999999895e+03	1.320000000000000062e+00
1.655082186563300371e+09	3.571529999999999735e-04	2.920639999999999874e-06	-6.039659999999999701e-07	-5.995419999999999961e-09	1.068079889999999978e+03	1.320000000000000062e+00
1.655082188180831432e+09	3.570339999999999972e-04	2.861040000000000055e-06	-6.039659999999999701e-07	-5.995419999999999961e-09	1.068036470000000008e+03	1.320000000000000062e+00
1.655082189793629646e+09	3.567949999999999746e-04	2.861040000000000055e-06	-6.039079999999999573e-07	-5.995419999999999961e-09	1.068010399999999890e+03	1.320000000000000062e+00
1.655082191410963774e+09	3.567360000000000214e-04	2.920639999999999874e-06	-6.039659999999999701e-07	-5.995419999999999961e-09	1.067972459999999955e+03	1.320000000000000062e+00
1.655082193029170275e+09	3.566159999999999751e-04	2.920639999999999874e-06	-6.039659999999999701e-07	-5.995419999999999961e-09	1.067942810000000009e+03	1.320000000000000062e+00
1.655082194649833918e+09	3.564969999999999988e-04	2.861040000000000055e-06	-6.039079999999999573e-07	-5.937209999999999601e-09	1.067890709999999899e+03	1.320000000000000062e+00
1.655082196265767336e+09	3.563780000000000225e-04	2.920639999999999874e-06	-6.039079999999999573e-07	-6.053630000000000322e-09	1.067873739999999998e+03	1.320000000000000062e+00
1.655082197880963564e+09	3.562589999999999919e-04	2.861040000000000055e-06	-6.039079999999999573e-07	-5.937209999999999601e-09	1.067820519999999988e+03	1.320000000000000062e+00
1.655082204504159689e+09	3.557219999999999935e-04	2.920639999999999874e-06	-6.039659999999999701e-07	-5.937209999999999601e-09	1.067653970000000072e+03	1.330000000000000071e+00
1.655082206108872175e+09	3.555440000000000098e-04	2.861040000000000055e-06	-6.039079999999999573e-07	-6.053630000000000322e-09	1.067629629999999906e+03	1.330000000000000071e+00
1.655082207726981640e+09	3.553650000000000103e-04	2.920639999999999874e-06	-6.039659999999999701e-07	-5.995419999999999961e-09	1.067590850000000046e+03	1.330000000000000071e+00
1.655082209335968971e+09	3.552459999999999798e-04	2.861040000000000055e-06	-6.039659999999999701e-07	-5.995419999999999961e-09	1.067544810000000098e+03	1.330000000000000071e+00
1.655082210942320824e+09	3.551259999999999877e-04	2.861040000000000055e-06	-6.039079999999999573e-07	-5.937209999999999601e-09	1.067504239999999982e+03	1.330000000000000071e+00
1.655082212550208092e+09	3.550070000000000114e-04	2.861040000000000055e-06	-6.039659999999999701e-07	-5.995419999999999961e-09	1.067471659999999929e+03	1.330000000000000071e+00
1.655082214158568144e+09	3.548879999999999808e-04	2.861040000000000055e-06	-6.039079999999999573e-07	-5.937209999999999601e-09	1.067439930000000004e+03	1.330000000000000071e+00
1.655082215770179510e+09	3.548280000000000119e-04	2.861040000000000055e-06	-6.039659999999999701e-07	-5.995419999999999961e-09	1.067406680000000051e+03	1.330000000000000071e+00
1.655082217379094124e+09	3.546490000000000124e-04	2.920639999999999874e-06	-6.039079999999999573e-07	-5.995419999999999961e-09	1.067378979999999956e+03	1.330000000000000071e+00
1.655082218990977049e+09	3.545299999999999819e-04	2.861040000000000055e-06	-6.039079999999999573e-07	-5.995419999999999961e-09	1.067338150000000041e+03	1.330000000000000071e+00
1.655082225623413086e+09	3.539339999999999761e-04	2.861040000000000055e-06	-6.039079999999999573e-07	-5.995419999999999961e-09	1.067173540000000003e+03	1.340000000000000080e+00
1.655082227240979433e+09	3.538149999999999997e-04	2.861040000000000055e-06	-6.039079999999999573e-07	-6.053630000000000322e-09	1.067132869999999912e+03	1.340000000000000080e+00
1.655082228851018906e+09	3.536960000000000234e-04	2.861040000000000055e-06	-6.039659999999999701e-07	-5.995419999999999961e-09	1.067098070000000007e+03	1.340000000000000080e+00
1.655082230466219664e+09	3.535170000000000239e-04	2.861040000000000055e-06	-6.039079999999999573e-07	-5.937209999999999601e-09	1.067051609999999982e+03	1.340000000000000080e+00
1.655082232071721315e+09	3.533979999999999934e-04	2.861040000000000055e-06	-6.039659999999999701e-07	-5.937209999999999601e-09	1.067017880000000105e+03	1.340000000000000080e+00
1.655082233677081585e+09	3.533380000000000245e-04	2.741830000000000141e-06	-6.039079999999999573e-07	-5.995419999999999961e-09	1.066980189999999993e+03	1.340000000000000080e+00
1.655082235280962706e+09	3.531590000000000250e-04	2.861040000000000055e-06	-6.039079999999999573e-07	-5.995419999999999961e-09	1.066953749999999900e+03	1.340000000000000080e+00
1.655082236899224997e+09	3.530399999999999944e-04	2.861040000000000055e-06	-6.039079999999999573e-07	-5.995419999999999961e-09	1.066925179999999955e+03	1.340000000000000080e+00
1.655082238517000198e+09	3.528609999999999950e-04	2.861040000000000055e-06	-6.039079999999999573e-07	-5.995419999999999961e-09	1.066883109999999988e+03	1.340000000000000080e+00
1.655082240126155615e+09	3.527420000000000186e-04	2.801429999999999960e-06	-6.039079999999999573e-07	-5.937209999999999601e-09	1.066864710000000059e+03	1.340000000000000080e+00
1.655082246755305767e+09	3.523250000000000123e-04	2.861040000000000055e-06	-6.039659999999999701e-07	-5.995419999999999961e-09	1.066695840000000089e+03	1.350000000000000089e+00
1.655082248361988306e+09	3.520859999999999897e-04	2.861040000000000055e-06	-6.039079999999999573e-07	-5.995419999999999961e-09	1.066657660000000078e+03	1.350000000000000089e+00
1.655082249967887163e+09	3.519670000000000134e-04	2.861040000000000055e-06	-6.039079999999999573e-07	-5.995419999999999961e-09	1.066623070000000098e+03	1.350000000000000089e+00
1.655082251575136423e+09	3.517880000000000139e-04	2.861040000000000055e-06	-6.039079999999999573e-07	-5.995419999999999961e-09	1.066583440000000110e+03	1.350000000000000089e+00
1.655082253181005239e+09	3.517290000000000065e-04	2.801429999999999960e-06	-6.039659999999999701e-07	-5.937209999999999601e-09	1.066529719999999998e+03	1.350000000000000089e+00
1.655082254789962769e+09	3.516099999999999759e-04	2.861040000000000055e-06	-6.039079999999999573e-07	-5.995419999999999961e-09	1.066492870000000039e+03	1.350000000000000089e+00
1.655082256403447866e+09	3.514899999999999839e-04	2.801429999999999960e-06	-6.039659999999999701e-07	-5.995419999999999961e-09	1.066464189999999917e+03	1.350000000000000089e+00
1.655082258020629168e+09	3.513710000000000075e-04	2.801429999999999960e-06	-6.039659999999999701e-07	-5.937209999999999601e-09	1.066439260000000104e+03	1.350000000000000089e+00
1.655082259624665499e+09	3.512519999999999770e-04	2.861040000000000055e-06	-6.039079999999999573e-07	-5.995419999999999961e-09	1.066404559999999947e+03	1.350000000000000089e+00
1.655082261243062019e+09	3.511330000000000007e-04	2.801429999999999960e-06	-6.039079999999999573e-07	-5.995419999999999961e-09	1.066367160000000013e+03	1.350000000000000089e+00
1.655082267859849453e+09	3.505960000000000023e-04	2.920639999999999874e-06	-6.039659999999999701e-07	-5.937209999999999601e-09	1.066214609999999993e+03	1.360000000000000098e+00
1.655082269466335058e+09	3.504770000000000259e-04	2.801429999999999960e-06	-6.039659999999999701e-07	-5.937209999999999601e-09	1.066174629999999979e+03	1.360000000000000098e+00
1.655082271077942371e+09	3.502980000000000265e-04	2.861040000000000055e-06	-6.039659999999999701e-07	-5.995419999999999961e-09	1.066148879999999963e+03	1.360000000000000098e+00
1.655082272695297003e+09	3.501789999999999959e-04	2.861040000000000055e-06	-6.039659999999999701e-07	-5.995419999999999961e-09	1.066094970000000103e+03	1.360000000000000098e+00
1.655082274305766344e+09	3.499999999999999964e-04	2.861040000000000055e-06	-6.039659999999999701e-07	-5.937209999999999601e-09	1.066063319999999976e+03	1.360000000000000098e+00
1.655082275918962955e+09	3.499999999999999964e-04	2.861040000000000055e-06	-6.039659999999999701e-07	-5.937209999999999601e-09	1.066022539999999935e+03	1.360000000000000098e+00
1.655082277520962954e+09	3.498810000000000201e-04	2.801429999999999960e-06	-6.039659999999999701e-07	-5.937209999999999601e-09	1.065970270000000028e+03	1.360000000000000098e+00
1.655082279135069847e+09	3.497020000000000206e-04	2.861040000000000055e-06	-6.039079999999999573e-07	-5.995419999999999961e-09	1.065952279999999973e+03	1.360000000000000098e+00
1.655082280741677284e+09	3.496430000000000132e-04	2.861040000000000055e-06	-6.039659999999999701e-07	-5.995419999999999961e-09	1.065926300000000083e+03	1.360000000000000098e+00
1.655082282350580215e+09	3.495230000000000212e-04	2.801429999999999960e-06	-6.039079999999999573e-07	-5.995419999999999961e-09	1.065891080000000102e+03	1.360000000000000098e+00
1.655082288982278585e+09	3.489270000000000154e-04	2.741830000000000141e-06	-6.039659999999999701e-07	-5.937209999999999601e-09	1.065719489999999951e+03	1.370000000000000107e+00
1.655082290590963364e+09	3.487489999999999774e-04	2.801429999999999960e-06	-6.039659999999999701e-07	-6.053630000000000322e-09	1.065694279999999935e+03	1.370000000000000107e+00
1.655082292195677757e+09	3.486289999999999853e-04	2.741830000000000141e-06	-6.039659999999999701e-07	-5.995419999999999961e-09	1.065663649999999961e+03	1.370000000000000107e+00
1.655082293806916237e+09	3.485100000000000090e-04	2.741830000000000141e-06	-6.039659999999999701e-07	-5.995419999999999961e-09	1.065623039999999946e+03	1.370000000000000107e+00
1.655082295410846949e+09	3.483909999999999785e-04	2.801429999999999960e-06	-6.039659999999999701e-07	-5.995419999999999961e-09	1.065588349999999991e+03	1.370000000000000107e+00
1.655082297025961399e+09	3.482720000000000021e-04	2.741830000000000141e-06	-6.039659999999999701e-07	-5.995419999999999961e-09	1.065561709999999948e+03	1.370000000000000107e+00
1.655082298647070169e+09	3.482119999999999790e-04	2.801429999999999960e-06	-6.039659999999999701e-07	-5.995419999999999961e-09	1.065510600000000068e+03	1.370000000000000107e+00
1.655082300249047995e+09	3.480930000000000027e-04	2.861040000000000055e-06	-6.039659999999999701e-07	-5.995419999999999961e-09	1.065488360000000057e+03	1.370000000000000107e+00
1.655082301861415386e+09	3.478549999999999958e-04	2.801429999999999960e-06	-6.039659999999999701e-07	-5.995419999999999961e-09	1.065449859999999944e+03	1.370000000000000107e+00
1.655082303471259356e+09	3.477950000000000269e-04	2.861040000000000055e-06	-6.039659999999999701e-07	-5.995419999999999961e-09	1.065418190000000095e+03	1.370000000000000107e+00
1.655082310106410027e+09	3.472589999999999900e-04	2.920639999999999874e-06	-6.039659999999999701e-07	-5.937209999999999601e-09	1.065269410000000107e+03	1.380000000000000115e+00
1.655082311720521927e+09	3.471990000000000211e-04	2.861040000000000055e-06	-6.039659999999999701e-07	-5.937209999999999601e-09	1.065234719999999925e+03	1.380000000000000115e+00
1.655082313331053257e+09	3.470200000000000216e-04	2.861040000000000055e-06	-6.039659999999999701e-07	-5.995419999999999961e-09	1.065186580000000049e+03	1.380000000000000115e+00
1.655082314938962221e+09	3.469599999999999984e-04	2.801429999999999960e-06	-6.039659999999999701e-07	-5.995419999999999961e-09	1.065143510000000106e+03	1.380000000000000115e+00
1.655082316548963308e+09	3.468410000000000221e-04	2.801429999999999960e-06	-6.039659999999999701e-07	-5.995419999999999961e-09	1.065128920000000107e+03	1.380000000000000115e+00
1.655082318167009830e+09	3.466620000000000226e-04	2.741830000000000141e-06	-6.039659999999999701e-07	-5.995419999999999961e-09	1.065078420000000051e+03	1.380000000000000115e+00
1.655082319776628017e+09	3.465429999999999921e-04	2.801429999999999960e-06	-6.039659999999999701e-07	-5.995419999999999961e-09	1.065057389999999941e+03	1.380000000000000115e+00
1.655082321395829439e+09	3.464240000000000158e-04	2.741830000000000141e-06	-6.039659999999999701e-07	-5.937209999999999601e-09	1.065005730000000085e+03	1.380000000000000115e+00
1.655082323007210970e+09	3.462450000000000163e-04	2.741830000000000141e-06	-6.039659999999999701e-07	-5.995419999999999961e-09	1.064996079999999893e+03	1.380000000000000115e+00
1.655082324628682137e+09	3.461860000000000089e-04	2.801429999999999960e-06	-6.039659999999999701e-07	-5.995419999999999961e-09	1.064964979999999969e+03	1.380000000000000115e+00
1.655082331252902508e+09	3.457089999999999794e-04	2.741830000000000141e-06	-6.039659999999999701e-07	-5.995419999999999961e-09	1.064799749999999904e+03	1.390000000000000124e+00
1.655082332866898775e+09	3.455299999999999799e-04	2.801429999999999960e-06	-6.039659999999999701e-07	-5.937209999999999601e-09	1.064756840000000011e+03	1.390000000000000124e+00
1.655082334484289885e+09	3.454700000000000110e-04	2.741830000000000141e-06	-6.039659999999999701e-07	-5.937209999999999601e-09	1.064730250000000069e+03	1.390000000000000124e+00
1.655082336099323750e+09	3.452320000000000041e-04	2.741830000000000141e-06	-6.039659999999999701e-07	-5.995419999999999961e-09	1.064680869999999913e+03	1.390000000000000124e+00
1.655082337702128887e+09	3.451719999999999810e-04	2.741830000000000141e-06	-6.040250000000000105e-07	-5.937209999999999601e-09	1.064653870000000097e+03	1.390000000000000124e+00
1.655082339319281578e+09	3.449939999999999973e-04	2.741830000000000141e-06	-6.039659999999999701e-07	-5.995419999999999961e-09	1.064625109999999950e+03	1.390000000000000124e+00
1.655082340925009489e+09	3.449339999999999741e-04	2.801429999999999960e-06	-6.039659999999999701e-07	-5.995419999999999961e-09	1.064586070000000063e+03	1.390000000000000124e+00
1.655082342530976295e+09	3.447549999999999747e-04	2.801429999999999960e-06	-6.039659999999999701e-07	-5.995419999999999961e-09	1.064544630000000097e+03	1.390000000000000124e+00
1.655082344143223524e+09	3.446960000000000215e-04	2.801429999999999960e-06	-6.039659999999999701e-07	-5.995419999999999961e-09	1.064508199999999988e+03	1.390000000000000124e+00
1.655082345748961687e+09	3.446359999999999983e-04	2.741830000000000141e-06	-6.039659999999999701e-07	-5.995419999999999961e-09	1.064488139999999930e+03	1.390000000000000124e+00
1.655082352378396511e+09	3.440399999999999925e-04	2.801429999999999960e-06	-6.039659999999999701e-07	-6.053630000000000322e-09	1.064326440000000048e+03	1.400000000000000133e+00
1.655082353997469425e+09	3.438609999999999930e-04	2.741830000000000141e-06	-6.039659999999999701e-07	-5.937209999999999601e-09	1.064294959999999946e+03	1.400000000000000133e+00
1.655082355604976892e+09	3.437420000000000167e-04	2.801429999999999960e-06	-6.039659999999999701e-07	-5.937209999999999601e-09	1.064259129999999914e+03	1.400000000000000133e+00
1.655082357210815191e+09	3.436819999999999936e-04	2.741830000000000141e-06	-6.039659999999999701e-07	-5.995419999999999961e-09	1.064216830000000073e+03	1.400000000000000133e+00
1.655082358824102402e+09	3.435630000000000172e-04	2.741830000000000141e-06	-6.039659999999999701e-07	-6.053630000000000322e-09	1.064191119999999955e+03	1.400000000000000133e+00
1.655082360437397480e+09	3.433840000000000178e-04	2.741830000000000141e-06	-6.039659999999999701e-07	-6.053630000000000322e-09	1.064169900000000098e+03	1.400000000000000133e+00
1.655082362045615435e+09	3.432649999999999872e-04	2.741830000000000141e-06	-6.039079999999999573e-07	-5.995419999999999961e-09	1.064128639999999905e+03	1.400000000000000133e+00
1.655082363650962830e+09	3.432050000000000183e-04	2.801429999999999960e-06	-6.039659999999999701e-07	-6.053630000000000322e-09	1.064095520000000079e+03	1.400000000000000133e+00
1.655082365255419970e+09	3.430859999999999878e-04	2.801429999999999960e-06	-6.039659999999999701e-07	-5.995419999999999961e-09	1.064071099999999888e+03	1.400000000000000133e+00
1.655082366859352827e+09	3.429670000000000114e-04	2.741830000000000141e-06	-6.039659999999999701e-07	-5.995419999999999961e-09	1.064032969999999978e+03	1.400000000000000133e+00
1.655082373485558748e+09	3.424899999999999819e-04	2.741830000000000141e-06	-6.039079999999999573e-07	-5.995419999999999961e-09	1.063896790000000010e+03	1.409999999999999920e+00
1.655082375092975855e+09	3.423109999999999825e-04	2.741830000000000141e-06	-6.039079999999999573e-07	-5.995419999999999961e-09	1.063843049999999948e+03	1.409999999999999920e+00
1.655082376698962688e+09	3.421329999999999988e-04	2.741830000000000141e-06	-6.039659999999999701e-07	-5.937209999999999601e-09	1.063811719999999923e+03	1.409999999999999920e+00
1.655082378316354275e+09	3.420729999999999756e-04	2.741830000000000141e-06	-6.039659999999999701e-07	-5.995419999999999961e-09	1.063774789999999939e+03	1.409999999999999920e+00
1.655082379934304953e+09	3.419539999999999993e-04	2.741830000000000141e-06	-6.039079999999999573e-07	-5.937209999999999601e-09	1.063726979999999912e+03	1.409999999999999920e+00
1.655082381557789803e+09	3.418350000000000229e-04	2.801429999999999960e-06	-6.039659999999999701e-07	-6.053630000000000322e-09	1.063693700000000035e+03	1.409999999999999920e+00
1.655082383172033787e+09	3.417749999999999998e-04	2.741830000000000141e-06	-6.039659999999999701e-07	-5.995419999999999961e-09	1.063685300000000097e+03	1.409999999999999920e+00
1.655082384778962135e+09	3.416560000000000235e-04	2.741830000000000141e-06	-6.039659999999999701e-07	-5.995419999999999961e-09	1.063635070000000042e+03	1.409999999999999920e+00
1.655082386395026207e+09	3.414770000000000240e-04	2.861040000000000055e-06	-6.039659999999999701e-07	-5.995419999999999961e-09	1.063614479999999958e+03	1.409999999999999920e+00
1.655082388003498554e+09	3.413579999999999935e-04	2.741830000000000141e-06	-6.040250000000000105e-07	-5.995419999999999961e-09	1.063585720000000038e+03	1.409999999999999920e+00
1.655082394643318892e+09	3.408209999999999950e-04	2.801429999999999960e-06	-6.039659999999999701e-07	-5.995419999999999961e-09	1.063431430000000091e+03	1.419999999999999929e+00
1.655082396259838581e+09	3.407619999999999877e-04	2.741830000000000141e-06	-6.039659999999999701e-07	-5.995419999999999961e-09	1.063398269999999911e+03	1.419999999999999929e+00
1.655082397871534348e+09	3.406419999999999956e-04	2.741830000000000141e-06	-6.039659999999999701e-07	-5.995419999999999961e-09	1.063363790000000108e+03	1.419999999999999929e+00
1.655082399481515884e+09	3.404640000000000119e-04	2.741830000000000141e-06	-6.039659999999999701e-07	-5.937209999999999601e-09	1.063312609999999950e+03	1.419999999999999929e+00
1.655082401097023249e+09	3.404039999999999887e-04	2.741830000000000141e-06	-6.039659999999999701e-07	-5.995419999999999961e-09	1.063282750000000078e+03	1.419999999999999929e+00
1.655082402699943542e+09	3.402249999999999892e-04	2.741830000000000141e-06	-6.039659999999999701e-07	-5.937209999999999601e-09	1.063251800000000003e+03	1.419999999999999929e+00
1.655082404305182934e+09	3.401659999999999818e-04	2.741830000000000141e-06	-6.039659999999999701e-07	-5.995419999999999961e-09	1.063225609999999961e+03	1.419999999999999929e+00
1.655082405929519415e+09	3.400459999999999898e-04	2.741830000000000141e-06	-6.040250000000000105e-07	-5.937209999999999601e-09	1.063185210000000097e+03	1.419999999999999929e+00
1.655082407543191433e+09	3.399270000000000134e-04	2.741830000000000141e-06	-6.040250000000000105e-07	-5.995419999999999961e-09	1.063163690000000088e+03	1.419999999999999929e+00
1.655082409158963203e+09	3.398079999999999829e-04	2.741830000000000141e-06	-6.040250000000000105e-07	-5.995419999999999961e-09	1.063135500000000093e+03	1.419999999999999929e+00
1.655082415778288841e+09	3.393310000000000076e-04	2.682220000000000046e-06	-6.039659999999999701e-07	-5.937209999999999601e-09	1.062974220000000059e+03	1.429999999999999938e+00
1.655082417400962591e+09	3.392119999999999771e-04	2.741830000000000141e-06	-6.039659999999999701e-07	-5.995419999999999961e-09	1.062941190000000006e+03	1.429999999999999938e+00
1.655082419017103434e+09	3.390930000000000008e-04	2.741830000000000141e-06	-6.039659999999999701e-07	-5.995419999999999961e-09	1.062903759999999920e+03	1.429999999999999938e+00
1.655082420628962994e+09	3.389730000000000087e-04	2.741830000000000141e-06	-6.039659999999999701e-07	-5.995419999999999961e-09	1.062882540000000063e+03	1.429999999999999938e+00
1.655082422240681887e+09	3.387950000000000250e-04	2.741830000000000141e-06	-6.039659999999999701e-07	-5.995419999999999961e-09	1.062827219999999897e+03	1.429999999999999938e+00
1.655082423853179932e+09	3.387350000000000018e-04	2.682220000000000046e-06	-6.039659999999999701e-07	-5.995419999999999961e-09	1.062800430000000006e+03	1.429999999999999938e+00
1.655082425462986946e+09	3.385560000000000023e-04	2.741830000000000141e-06	-6.039659999999999701e-07	-6.053630000000000322e-09	1.062788440000000037e+03	1.429999999999999938e+00
1.655082427065520048e+09	3.384370000000000260e-04	2.741830000000000141e-06	-6.039659999999999701e-07	-5.995419999999999961e-09	1.062744339999999966e+03	1.429999999999999938e+00
1.655082428678396463e+09	3.383179999999999955e-04	2.741830000000000141e-06	-6.039659999999999701e-07	-5.995419999999999961e-09	1.062721389999999928e+03	1.429999999999999938e+00
1.655082430294020653e+09	3.382580000000000265e-04	2.682220000000000046e-06	-6.039659999999999701e-07	-6.053630000000000322e-09	1.062690090000000055e+03	1.429999999999999938e+00
1.655082436926500320e+09	3.377809999999999971e-04	2.741830000000000141e-06	-6.039659999999999701e-07	-5.995419999999999961e-09	1.062550500000000056e+03	1.439999999999999947e+00
1.655082438546989918e+09	3.376030000000000133e-04	2.682220000000000046e-06	-6.039659999999999701e-07	-5.995419999999999961e-09	1.062497779999999921e+03	1.439999999999999947e+00
1.655082440158962488e+09	3.375429999999999902e-04	2.682220000000000046e-06	-6.039659999999999701e-07	-5.995419999999999961e-09	1.062469299999999976e+03	1.439999999999999947e+00
1.655082441765061617e+09	3.373639999999999907e-04	2.741830000000000141e-06	-6.039659999999999701e-07	-5.995419999999999961e-09	1.062433600000000069e+03	1.439999999999999947e+00
1.655082443370967865e+09	3.372450000000000144e-04	2.741830000000000141e-06	-6.039659999999999701e-07	-5.937209999999999601e-09	1.062398570000000063e+03	1.439999999999999947e+00
1.655082444992165089e+09	3.371259999999999838e-04	2.682220000000000046e-06	-6.039659999999999701e-07	-5.995419999999999961e-09	1.062363399999999956e+03	1.439999999999999947e+00
1.655082446604488850e+09	3.370660000000000149e-04	2.741830000000000141e-06	-6.039659999999999701e-07	-5.937209999999999601e-09	1.062324069999999892e+03	1.439999999999999947e+00
1.655082448210963726e+09	3.368870000000000154e-04	2.741830000000000141e-06	-6.039659999999999701e-07	-5.995419999999999961e-09	1.062297710000000052e+03	1.439999999999999947e+00
1.655082449828783989e+09	3.368280000000000080e-04	2.741830000000000141e-06	-6.039659999999999701e-07	-5.937209999999999601e-09	1.062276679999999942e+03	1.439999999999999947e+00
1.655082451436705589e+09	3.366490000000000086e-04	2.741830000000000141e-06	-6.039659999999999701e-07	-5.937209999999999601e-09	1.062243459999999914e+03	1.439999999999999947e+00
1.655082458070963383e+09	3.362320000000000022e-04	2.741830000000000141e-06	-6.039659999999999701e-07	-5.937209999999999601e-09	1.062086540000000014e+03	1.449999999999999956e+00
1.655082459688041687e+09	3.361120000000000102e-04	2.741830000000000141e-06	-6.039659999999999701e-07	-5.995419999999999961e-09	1.062066109999999981e+03	1.449999999999999956e+00
1.655082461309840679e+09	3.359340000000000264e-04	2.741830000000000141e-06	-6.039659999999999701e-07	-5.995419999999999961e-09	1.062032490000000053e+03	1.449999999999999956e+00
1.655082462921963215e+09	3.358139999999999801e-04	2.741830000000000141e-06	-6.039659999999999701e-07	-5.995419999999999961e-09	1.061984799999999950e+03	1.449999999999999956e+00
1.655082464520447731e+09	3.357550000000000270e-04	2.741830000000000141e-06	-6.039659999999999701e-07	-6.053630000000000322e-09	1.061946030000000064e+03	1.449999999999999956e+00
1.655082466123292923e+09	3.356359999999999964e-04	2.741830000000000141e-06	-6.039659999999999701e-07	-5.995419999999999961e-09	1.061929650000000038e+03	1.449999999999999956e+00
1.655082467734226704e+09	3.355160000000000043e-04	2.682220000000000046e-06	-6.039659999999999701e-07	-5.995419999999999961e-09	1.061906160000000000e+03	1.449999999999999956e+00
1.655082469341671467e+09	3.353969999999999738e-04	2.682220000000000046e-06	-6.039659999999999701e-07	-5.995419999999999961e-09	1.061866070000000036e+03	1.449999999999999956e+00
1.655082470946460962e+09	3.352779999999999975e-04	2.682220000000000046e-06	-6.039659999999999701e-07	-5.995419999999999961e-09	1.061823630000000094e+03	1.449999999999999956e+00
1.655082472558943272e+09	3.351590000000000211e-04	2.682220000000000046e-06	-6.040250000000000105e-07	-5.995419999999999961e-09	1.061811169999999947e+03	1.449999999999999956e+00
1.655082479178276539e+09	3.346819999999999917e-04	2.682220000000000046e-06	-6.039659999999999701e-07	-5.995419999999999961e-09	1.061659480000000030e+03	1.459999999999999964e+00
1.655082480802232981e+09	3.345630000000000153e-04	2.741830000000000141e-06	-6.039659999999999701e-07	-5.995419999999999961e-09	1.061622450000000072e+03	1.459999999999999964e+00
1.655082482413424015e+09	3.345029999999999922e-04	2.741830000000000141e-06	-6.039659999999999701e-07	-5.937209999999999601e-09	1.061595350000000053e+03	1.459999999999999964e+00
1.655082484021017313e+09	3.342649999999999853e-04	2.682220000000000046e-06	-6.039659999999999701e-07	-5.937209999999999601e-09	1.061561500000000024e+03	1.459999999999999964e+00
1.655082485644563675e+09	3.342649999999999853e-04	2.741830000000000141e-06	-6.039659999999999701e-07	-5.937209999999999601e-09	1.061515930000000026e+03	1.459999999999999964e+00
1.655082487259579420e+09	3.340260000000000169e-04	2.741830000000000141e-06	-6.039659999999999701e-07	-5.937209999999999601e-09	1.061477900000000091e+03	1.459999999999999964e+00
1.655082488865973711e+09	3.339670000000000095e-04	2.682220000000000046e-06	-6.039659999999999701e-07	-5.937209999999999601e-09	1.061450949999999921e+03	1.459999999999999964e+00
1.655082490475516319e+09	3.337880000000000100e-04	2.741830000000000141e-06	-6.039659999999999701e-07	-5.995419999999999961e-09	1.061419810000000098e+03	1.459999999999999964e+00
1.655082492097953081e+09	3.337279999999999869e-04	2.741830000000000141e-06	-6.039659999999999701e-07	-5.937209999999999601e-09	1.061393489999999929e+03	1.459999999999999964e+00
1.655082493700240374e+09	3.337279999999999869e-04	2.682220000000000046e-06	-6.040250000000000105e-07	-5.995419999999999961e-09	1.061361290000000054e+03	1.459999999999999964e+00
1.655082500319386721e+09	3.331920000000000042e-04	2.682220000000000046e-06	-6.039659999999999701e-07	-5.995419999999999961e-09	1.061228399999999965e+03	1.469999999999999973e+00
1.655082501943228245e+09	3.330729999999999737e-04	2.741830000000000141e-06	-6.039659999999999701e-07	-5.995419999999999961e-09	1.061166459999999915e+03	1.469999999999999973e+00
1.655082503544038296e+09	3.328939999999999742e-04	2.741830000000000141e-06	-6.039659999999999701e-07	-5.995419999999999961e-09	1.061165639999999939e+03	1.469999999999999973e+00
1.655082505154328823e+09	3.327749999999999979e-04	2.682220000000000046e-06	-6.039659999999999701e-07	-5.995419999999999961e-09	1.061127410000000054e+03	1.469999999999999973e+00
1.655082506765725136e+09	3.327149999999999747e-04	2.682220000000000046e-06	-6.039659999999999701e-07	-5.995419999999999961e-09	1.061082229999999981e+03	1.469999999999999973e+00
1.655082508367952347e+09	3.325959999999999984e-04	2.682220000000000046e-06	-6.039659999999999701e-07	-6.053630000000000322e-09	1.061074309999999969e+03	1.469999999999999973e+00
1.655082509978963137e+09	3.324770000000000221e-04	2.741830000000000141e-06	-6.039659999999999701e-07	-5.995419999999999961e-09	1.061043740000000071e+03	1.469999999999999973e+00
1.655082511583215714e+09	3.322980000000000226e-04	2.622619999999999803e-06	-6.039659999999999701e-07	-5.995419999999999961e-09	1.060998160000000098e+03	1.469999999999999973e+00
1.655082513188964128e+09	3.322379999999999995e-04	2.682220000000000046e-06	-6.039659999999999701e-07	-6.053630000000000322e-09	1.060962510000000066e+03	1.469999999999999973e+00
1.655082514797750235e+09	3.321190000000000231e-04	2.682220000000000046e-06	-6.039659999999999701e-07	-5.995419999999999961e-09	1.060941260000000057e+03	1.469999999999999973e+00
1.655082521431595564e+09	3.317020000000000168e-04	2.622619999999999803e-06	-6.039659999999999701e-07	-5.995419999999999961e-09	1.060799359999999979e+03	1.479999999999999982e+00
1.655082523048072815e+09	3.315230000000000173e-04	2.741830000000000141e-06	-6.039659999999999701e-07	-5.937209999999999601e-09	1.060775769999999966e+03	1.479999999999999982e+00
1.655082524657987595e+09	3.313440000000000179e-04	2.682220000000000046e-06	-6.039659999999999701e-07	-5.995419999999999961e-09	1.060735689999999977e+03	1.479999999999999982e+00
1.655082526272669554e+09	3.312839999999999947e-04	2.682220000000000046e-06	-6.039659999999999701e-07	-6.053630000000000322e-09	1.060705830000000105e+03	1.479999999999999982e+00
1.655082527888390303e+09	3.312249999999999873e-04	2.682220000000000046e-06	-6.039659999999999701e-07	-6.053630000000000322e-09	1.060653240000000096e+03	1.479999999999999982e+00
1.655082529496418715e+09	3.311060000000000110e-04	2.682220000000000046e-06	-6.039659999999999701e-07	-5.995419999999999961e-09	1.060622699999999895e+03	1.479999999999999982e+00
1.655082531104707241e+09	3.309270000000000115e-04	2.682220000000000046e-06	-6.039659999999999701e-07	-5.995419999999999961e-09	1.060598230000000058e+03	1.479999999999999982e+00
1.655082532708566666e+09	3.308669999999999884e-04	2.682220000000000046e-06	-6.039659999999999701e-07	-5.937209999999999601e-09	1.060569079999999985e+03	1.479999999999999982e+00
1.655082534326312780e+09	3.308079999999999810e-04	2.682220000000000046e-06	-6.040250000000000105e-07	-5.995419999999999961e-09	1.060539999999999964e+03	1.479999999999999982e+00
1.655082535925287724e+09	3.306879999999999889e-04	2.622619999999999803e-06	-6.040250000000000105e-07	-5.937209999999999601e-09	1.060511549999999943e+03	1.479999999999999982e+00
1.655082542553265333e+09	3.301520000000000062e-04	2.682220000000000046e-06	-6.039659999999999701e-07	-5.995419999999999961e-09	1.060377690000000030e+03	1.489999999999999991e+00
1.655082544169840813e+09	3.300329999999999757e-04	2.741830000000000141e-06	-6.040250000000000105e-07	-5.995419999999999961e-09	1.060327080000000024e+03	1.489999999999999991e+00
1.655082545787859678e+09	3.299730000000000068e-04	2.682220000000000046e-06	-6.039659999999999701e-07	-5.995419999999999961e-09	1.060303660000000036e+03	1.489999999999999991e+00
1.655082547399963856e+09	3.297940000000000073e-04	2.682220000000000046e-06	-6.039659999999999701e-07	-5.995419999999999961e-09	1.060277759999999944e+03	1.489999999999999991e+00
1.655082549014195204e+09	3.297349999999999999e-04	2.682220000000000046e-06	-6.039659999999999701e-07	-6.053630000000000322e-09	1.060239129999999932e+03	1.489999999999999991e+00
1.655082550633483410e+09	3.296160000000000236e-04	2.622619999999999803e-06	-6.039659999999999701e-07	-5.995419999999999961e-09	1.060209229999999934e+03	1.489999999999999991e+00
1.655082552231798410e+09	3.294959999999999773e-04	2.682220000000000046e-06	-6.039659999999999701e-07	-5.995419999999999961e-09	1.060152599999999893e+03	1.489999999999999991e+00
1.655082553857320547e+09	3.294370000000000241e-04	2.682220000000000046e-06	-6.040250000000000105e-07	-5.995419999999999961e-09	1.060144420000000082e+03	1.489999999999999991e+00
1.655082555466289520e+09	3.292580000000000246e-04	2.682220000000000046e-06	-6.039659999999999701e-07	-5.995419999999999961e-09	1.060115410000000111e+03	1.489999999999999991e+00
1.655082557079007387e+09	3.292580000000000246e-04	2.682220000000000046e-06	-6.040250000000000105e-07	-5.995419999999999961e-09	1.060093020000000024e+03	1.489999999999999991e+00
1.655082563706892014e+09	3.287210000000000262e-04	2.622619999999999803e-06	-6.040250000000000105e-07	-5.937209999999999601e-09	1.059942880000000059e+03	1.500000000000000000e+00
1.655082565313221216e+09	3.285429999999999883e-04	2.682220000000000046e-06	-6.039659999999999701e-07	-5.995419999999999961e-09	1.059918480000000045e+03	1.500000000000000000e+00
1.655082566920963049e+09	3.284830000000000193e-04	2.682220000000000046e-06	-6.039659999999999701e-07	-5.995419999999999961e-09	1.059887410000000045e+03	1.500000000000000000e+00
1.655082568528962612e+09	3.283040000000000199e-04	2.622619999999999803e-06	-6.040250000000000105e-07	-5.995419999999999961e-09	1.059854329999999891e+03	1.500000000000000000e+00
1.655082570136593342e+09	3.283040000000000199e-04	2.682220000000000046e-06	-6.039659999999999701e-07	-5.937209999999999601e-09	1.059806379999999990e+03	1.500000000000000000e+00
1.655082571745887041e+09	3.281250000000000204e-04	2.741830000000000141e-06	-6.040250000000000105e-07	-5.937209999999999601e-09	1.059786800000000085e+03	1.500000000000000000e+00
1.655082573357413530e+09	3.280660000000000130e-04	2.741830000000000141e-06	-6.040250000000000105e-07	-5.995419999999999961e-09	1.059748820000000023e+03	1.500000000000000000e+00
1.655082574963914394e+09	3.279469999999999824e-04	2.682220000000000046e-06	-6.040250000000000105e-07	-5.995419999999999961e-09	1.059743529999999964e+03	1.500000000000000000e+00
1.655082576572351694e+09	3.278870000000000135e-04	2.741830000000000141e-06	-6.040250000000000105e-07	-5.937209999999999601e-09	1.059689260000000104e+03	1.500000000000000000e+00
1.655082578186131001e+09	3.277080000000000140e-04	2.622619999999999803e-06	-6.040250000000000105e-07	-5.937209999999999601e-09	1.059665070000000014e+03	1.500000000000000000e+00
1.655082584812036514e+09	3.272910000000000077e-04	2.682220000000000046e-06	-6.040250000000000105e-07	-5.995419999999999961e-09	1.059526569999999992e+03	1.510000000000000009e+00
1.655082586420223951e+09	3.271120000000000082e-04	2.682220000000000046e-06	-6.040250000000000105e-07	-6.053630000000000322e-09	1.059509960000000092e+03	1.510000000000000009e+00
1.655082588023154020e+09	3.269929999999999777e-04	2.622619999999999803e-06	-6.040250000000000105e-07	-6.053630000000000322e-09	1.059472790000000032e+03	1.510000000000000009e+00
1.655082589642379284e+09	3.269330000000000088e-04	2.682220000000000046e-06	-6.040250000000000105e-07	-5.995419999999999961e-09	1.059431919999999991e+03	1.510000000000000009e+00
1.655082591247098684e+09	3.268740000000000014e-04	2.682220000000000046e-06	-6.040250000000000105e-07	-6.053630000000000322e-09	1.059409300000000030e+03	1.510000000000000009e+00
1.655082592862720251e+09	3.266349999999999787e-04	2.622619999999999803e-06	-6.040250000000000105e-07	-5.995419999999999961e-09	1.059375230000000101e+03	1.510000000000000009e+00
1.655082594478363276e+09	3.266349999999999787e-04	2.682220000000000046e-06	-6.040250000000000105e-07	-6.053630000000000322e-09	1.059347490000000107e+03	1.510000000000000009e+00
1.655082596076379061e+09	3.265160000000000024e-04	2.682220000000000046e-06	-6.040250000000000105e-07	-5.937209999999999601e-09	1.059321660000000065e+03	1.510000000000000009e+00
1.655082597685432434e+09	3.263970000000000261e-04	2.622619999999999803e-06	-6.039659999999999701e-07	-5.937209999999999601e-09	1.059284740000000056e+03	1.510000000000000009e+00
1.655082599289920092e+09	3.262779999999999955e-04	2.622619999999999803e-06	-6.040250000000000105e-07	-5.995419999999999961e-09	1.059262109999999893e+03	1.510000000000000009e+00
1.655082605932178259e+09	3.258010000000000203e-04	2.682220000000000046e-06	-6.040250000000000105e-07	-6.053630000000000322e-09	1.059126340000000027e+03	1.520000000000000018e+00
1.655082607542289972e+09	3.256220000000000208e-04	2.682220000000000046e-06	-6.040250000000000105e-07	-5.995419999999999961e-09	1.059076170000000047e+03	1.520000000000000018e+00
1.655082609151023626e+09	3.255619999999999977e-04	2.622619999999999803e-06	-6.039659999999999701e-07	-5.995419999999999961e-09	1.059049070000000029e+03	1.520000000000000018e+00
1.655082610758963346e+09	3.255029999999999903e-04	2.622619999999999803e-06	-6.040250000000000105e-07	-5.995419999999999961e-09	1.059029860000000099e+03	1.520000000000000018e+00
1.655082612363037109e+09	3.252640000000000219e-04	2.622619999999999803e-06	-6.039659999999999701e-07	-5.995419999999999961e-09	1.058995830000000069e+03	1.520000000000000018e+00
1.655082613978963137e+09	3.252050000000000145e-04	2.682220000000000046e-06	-6.040250000000000105e-07	-5.995419999999999961e-09	1.058965189999999893e+03	1.520000000000000018e+00
1.655082615582996130e+09	3.251449999999999913e-04	2.682220000000000046e-06	-6.040250000000000105e-07	-5.995419999999999961e-09	1.058920350000000099e+03	1.520000000000000018e+00
1.655082617188467026e+09	3.250260000000000150e-04	2.682220000000000046e-06	-6.040250000000000105e-07	-5.995419999999999961e-09	1.058901969999999892e+03	1.520000000000000018e+00
1.655082618793055534e+09	3.250260000000000150e-04	2.682220000000000046e-06	-6.039659999999999701e-07	-5.995419999999999961e-09	1.058871149999999943e+03	1.520000000000000018e+00
1.655082620396295071e+09	3.248470000000000155e-04	2.622619999999999803e-06	-6.039659999999999701e-07	-5.937209999999999601e-09	1.058854299999999967e+03	1.520000000000000018e+00
1.655082627025772810e+09	3.243699999999999860e-04	2.682220000000000046e-06	-6.039659999999999701e-07	-5.995419999999999961e-09	1.058723700000000008e+03	1.530000000000000027e+00
1.655082628645843506e+09	3.242510000000000097e-04	2.622619999999999803e-06	-6.039659999999999701e-07	-5.995419999999999961e-09	1.058691849999999931e+03	1.530000000000000027e+00
1.655082630254022598e+09	3.241920000000000023e-04	2.622619999999999803e-06	-6.040250000000000105e-07	-5.937209999999999601e-09	1.058640309999999999e+03	1.530000000000000027e+00
1.655082631864094019e+09	3.240130000000000028e-04	2.682220000000000046e-06	-6.040250000000000105e-07	-5.995419999999999961e-09	1.058614579999999933e+03	1.530000000000000027e+00
1.655082633474077225e+09	3.238940000000000265e-04	2.622619999999999803e-06	-6.040250000000000105e-07	-5.937209999999999601e-09	1.058602589999999964e+03	1.530000000000000027e+00
1.655082635080963612e+09	3.238340000000000034e-04	2.682220000000000046e-06	-6.040250000000000105e-07	-5.995419999999999961e-09	1.058557569999999942e+03	1.530000000000000027e+00
1.655082636692726851e+09	3.237150000000000270e-04	2.682220000000000046e-06	-6.040250000000000105e-07	-5.995419999999999961e-09	1.058538510000000088e+03	1.530000000000000027e+00
1.655082638307404757e+09	3.235359999999999733e-04	2.622619999999999803e-06	-6.040250000000000105e-07	-5.995419999999999961e-09	1.058513329999999996e+03	1.530000000000000027e+00
1.655082639922037363e+09	3.234760000000000044e-04	2.682220000000000046e-06	-6.040250000000000105e-07	-5.937209999999999601e-09	1.058456879999999956e+03	1.530000000000000027e+00
1.655082641529962301e+09	3.234169999999999970e-04	2.622619999999999803e-06	-6.040250000000000105e-07	-6.053630000000000322e-09	1.058438509999999951e+03	1.530000000000000027e+00
1.655082648150966883e+09	3.229400000000000217e-04	2.563010000000000131e-06	-6.040250000000000105e-07	-5.995419999999999961e-09	1.058298690000000079e+03	1.540000000000000036e+00
1.655082649762204409e+09	3.228209999999999912e-04	2.563010000000000131e-06	-6.039659999999999701e-07	-5.937209999999999601e-09	1.058288369999999986e+03	1.540000000000000036e+00
1.655082651376037121e+09	3.227610000000000223e-04	2.563010000000000131e-06	-6.039659999999999701e-07	-5.995419999999999961e-09	1.058260330000000067e+03	1.540000000000000036e+00
1.655082652979839563e+09	3.226419999999999917e-04	2.622619999999999803e-06	-6.039659999999999701e-07	-5.937209999999999601e-09	1.058199219999999968e+03	1.540000000000000036e+00
1.655082654597101212e+09	3.225230000000000154e-04	2.622619999999999803e-06	-6.040250000000000105e-07	-5.995419999999999961e-09	1.058173160000000053e+03	1.540000000000000036e+00
1.655082656220186472e+09	3.224030000000000233e-04	2.622619999999999803e-06	-6.040250000000000105e-07	-5.995419999999999961e-09	1.058154719999999998e+03	1.540000000000000036e+00
1.655082657838962078e+09	3.223440000000000159e-04	2.622619999999999803e-06	-6.039659999999999701e-07	-5.995419999999999961e-09	1.058129930000000058e+03	1.540000000000000036e+00
1.655082659442989588e+09	3.221650000000000165e-04	2.622619999999999803e-06	-6.039659999999999701e-07	-5.937209999999999601e-09	1.058092360000000099e+03	1.540000000000000036e+00
1.655082661050963640e+09	3.221650000000000165e-04	2.622619999999999803e-06	-6.040250000000000105e-07	-5.995419999999999961e-09	1.058067029999999932e+03	1.540000000000000036e+00
1.655082662654195547e+09	3.219860000000000170e-04	2.622619999999999803e-06	-6.039659999999999701e-07	-5.937209999999999601e-09	1.058043910000000096e+03	1.540000000000000036e+00
1.655082669275402069e+09	3.215089999999999875e-04	2.682220000000000046e-06	-6.039659999999999701e-07	-5.995419999999999961e-09	1.057899259999999913e+03	1.550000000000000044e+00
1.655082670878944159e+09	3.213900000000000112e-04	2.563010000000000131e-06	-6.039659999999999701e-07	-5.995419999999999961e-09	1.057868130000000065e+03	1.550000000000000044e+00
1.655082672487972498e+09	3.213310000000000038e-04	2.622619999999999803e-06	-6.040250000000000105e-07	-5.995419999999999961e-09	1.057828729999999950e+03	1.550000000000000044e+00
1.655082674104020119e+09	3.212110000000000117e-04	2.622619999999999803e-06	-6.040250000000000105e-07	-5.937209999999999601e-09	1.057817250000000058e+03	1.550000000000000044e+00
1.655082675708963394e+09	3.210320000000000122e-04	2.622619999999999803e-06	-6.040250000000000105e-07	-5.995419999999999961e-09	1.057780850000000100e+03	1.550000000000000044e+00
1.655082677317089558e+09	3.209730000000000048e-04	2.563010000000000131e-06	-6.040250000000000105e-07	-5.937209999999999601e-09	1.057763459999999895e+03	1.550000000000000044e+00
1.655082678924361467e+09	3.209129999999999817e-04	2.563010000000000131e-06	-6.040250000000000105e-07	-5.937209999999999601e-09	1.057714609999999993e+03	1.550000000000000044e+00
1.655082680536590576e+09	3.207940000000000054e-04	2.563010000000000131e-06	-6.040250000000000105e-07	-5.937209999999999601e-09	1.057701250000000073e+03	1.550000000000000044e+00
1.655082682150201797e+09	3.207339999999999822e-04	2.563010000000000131e-06	-6.040250000000000105e-07	-5.995419999999999961e-09	1.057666390000000092e+03	1.550000000000000044e+00
1.655082683758234739e+09	3.205559999999999985e-04	2.503409999999999889e-06	-6.039659999999999701e-07	-5.995419999999999961e-09	1.057634009999999989e+03	1.550000000000000044e+00
1.655082690396379232e+09	3.201379999999999764e-04	2.563010000000000131e-06	-6.039659999999999701e-07	-5.937209999999999601e-09	1.057501680000000079e+03	1.560000000000000053e+00
1.655082692013313532e+09	3.200790000000000232e-04	2.563010000000000131e-06	-6.039659999999999701e-07	-5.937209999999999601e-09	1.057476409999999987e+03	1.560000000000000053e+00
1.655082693619962931e+09	3.199599999999999927e-04	2.563010000000000131e-06	-6.040250000000000105e-07	-5.995419999999999961e-09	1.057422800000000052e+03	1.560000000000000053e+00
1.655082695221173286e+09	3.198400000000000006e-04	2.622619999999999803e-06	-6.039659999999999701e-07	-5.995419999999999961e-09	1.057409550000000081e+03	1.560000000000000053e+00
1.655082696826948166e+09	3.197210000000000243e-04	2.563010000000000131e-06	-6.039659999999999701e-07	-6.053630000000000322e-09	1.057398310000000038e+03	1.560000000000000053e+00
1.655082698439835548e+09	3.196019999999999937e-04	2.563010000000000131e-06	-6.039659999999999701e-07	-5.995419999999999961e-09	1.057367189999999937e+03	1.560000000000000053e+00
1.655082700058736324e+09	3.194830000000000174e-04	2.563010000000000131e-06	-6.039659999999999701e-07	-5.995419999999999961e-09	1.057331879999999956e+03	1.560000000000000053e+00
1.655082701668963432e+09	3.193639999999999869e-04	2.622619999999999803e-06	-6.039659999999999701e-07	-5.995419999999999961e-09	1.057283329999999978e+03	1.560000000000000053e+00
1.655082703283080101e+09	3.193639999999999869e-04	2.563010000000000131e-06	-6.040250000000000105e-07	-6.053630000000000322e-09	1.057272159999999985e+03	1.560000000000000053e+00
1.655082704897667170e+09	3.191849999999999874e-04	2.622619999999999803e-06	-6.039659999999999701e-07	-5.995419999999999961e-09	1.057242369999999937e+03	1.560000000000000053e+00
1.655082711516414642e+09	3.187679999999999811e-04	2.563010000000000131e-06	-6.039659999999999701e-07	-5.995419999999999961e-09	1.057114019999999982e+03	1.570000000000000062e+00
1.655082713118962288e+09	3.186479999999999890e-04	2.563010000000000131e-06	-6.039659999999999701e-07	-5.995419999999999961e-09	1.057083309999999983e+03	1.570000000000000062e+00
1.655082714731361628e+09	3.185290000000000126e-04	2.563010000000000131e-06	-6.039659999999999701e-07	-5.937209999999999601e-09	1.057065110000000004e+03	1.570000000000000062e+00
1.655082716339004993e+09	3.184099999999999821e-04	2.503409999999999889e-06	-6.039659999999999701e-07	-5.937209999999999601e-09	1.057015879999999925e+03	1.570000000000000062e+00
1.655082717947983980e+09	3.182910000000000058e-04	2.563010000000000131e-06	-6.039659999999999701e-07	-5.937209999999999601e-09	1.056991029999999910e+03	1.570000000000000062e+00
1.655082719557012558e+09	3.182309999999999826e-04	2.622619999999999803e-06	-6.040250000000000105e-07	-5.995419999999999961e-09	1.056966949999999997e+03	1.570000000000000062e+00
1.655082721163919687e+09	3.181710000000000137e-04	2.563010000000000131e-06	-6.039659999999999701e-07	-5.995419999999999961e-09	1.056930879999999888e+03	1.570000000000000062e+00
1.655082722770853519e+09	3.181120000000000063e-04	2.563010000000000131e-06	-6.039659999999999701e-07	-6.053630000000000322e-09	1.056914870000000064e+03	1.570000000000000062e+00
1.655082724387973547e+09	3.179330000000000068e-04	2.563010000000000131e-06	-6.039659999999999701e-07	-5.995419999999999961e-09	1.056870359999999891e+03	1.570000000000000062e+00
1.655082726000963211e+09	3.178729999999999837e-04	2.622619999999999803e-06	-6.040250000000000105e-07	-5.995419999999999961e-09	1.056853969999999890e+03	1.570000000000000062e+00
1.655082732617522717e+09	3.173970000000000242e-04	2.622619999999999803e-06	-6.039659999999999701e-07	-5.995419999999999961e-09	1.056736789999999928e+03	1.580000000000000071e+00
1.655082734221944571e+09	3.173370000000000010e-04	2.622619999999999803e-06	-6.039659999999999701e-07	-5.995419999999999961e-09	1.056685760000000073e+03	1.580000000000000071e+00
1.655082735825981140e+09	3.170989999999999942e-04	2.443799999999999794e-06	-6.039659999999999701e-07	-5.995419999999999961e-09	1.056654860000000099e+03	1.580000000000000071e+00
1.655082737436321497e+09	3.170390000000000252e-04	2.443799999999999794e-06	-6.039659999999999701e-07	-5.937209999999999601e-09	1.056620110000000068e+03	1.580000000000000071e+00
1.655082739056010008e+09	3.169790000000000021e-04	2.503409999999999889e-06	-6.040250000000000105e-07	-5.995419999999999961e-09	1.056600550000000112e+03	1.580000000000000071e+00
1.655082740663079739e+09	3.168010000000000184e-04	2.563010000000000131e-06	-6.040250000000000105e-07	-5.995419999999999961e-09	1.056572629999999890e+03	1.580000000000000071e+00
1.655082742272011042e+09	3.167409999999999952e-04	2.503409999999999889e-06	-6.039659999999999701e-07	-6.053630000000000322e-09	1.056536890000000085e+03	1.580000000000000071e+00
1.655082743887724400e+09	3.166220000000000189e-04	2.563010000000000131e-06	-6.039659999999999701e-07	-5.995419999999999961e-09	1.056520780000000059e+03	1.580000000000000071e+00
1.655082745500003338e+09	3.165619999999999957e-04	2.563010000000000131e-06	-6.040250000000000105e-07	-5.995419999999999961e-09	1.056491850000000113e+03	1.580000000000000071e+00
1.655082747110374212e+09	3.164430000000000194e-04	2.563010000000000131e-06	-6.040250000000000105e-07	-6.053630000000000322e-09	1.056463819999999942e+03	1.580000000000000071e+00
1.655082753730971575e+09	3.160260000000000131e-04	2.503409999999999889e-06	-6.040250000000000105e-07	-5.937209999999999601e-09	1.056345540000000028e+03	1.590000000000000080e+00
1.655082755350962877e+09	3.159659999999999899e-04	2.563010000000000131e-06	-6.039659999999999701e-07	-5.995419999999999961e-09	1.056312269999999899e+03	1.590000000000000080e+00
1.655082756956981897e+09	3.158470000000000136e-04	2.503409999999999889e-06	-6.040250000000000105e-07	-5.995419999999999961e-09	1.056259469999999965e+03	1.590000000000000080e+00
1.655082758571455479e+09	3.156680000000000141e-04	2.563010000000000131e-06	-6.039659999999999701e-07	-5.995419999999999961e-09	1.056244660000000067e+03	1.590000000000000080e+00
1.655082760178236485e+09	3.156079999999999910e-04	2.563010000000000131e-06	-6.040250000000000105e-07	-5.995419999999999961e-09	1.056211759999999913e+03	1.590000000000000080e+00
1.655082761793784380e+09	3.154890000000000146e-04	2.503409999999999889e-06	-6.039659999999999701e-07	-5.995419999999999961e-09	1.056170429999999897e+03	1.590000000000000080e+00
1.655082763400005817e+09	3.154300000000000073e-04	2.563010000000000131e-06	-6.039659999999999701e-07	-5.995419999999999961e-09	1.056152720000000045e+03	1.590000000000000080e+00
1.655082765008963108e+09	3.153100000000000152e-04	2.503409999999999889e-06	-6.040250000000000105e-07	-5.995419999999999961e-09	1.056131489999999985e+03	1.590000000000000080e+00
1.655082766614050150e+09	3.151909999999999846e-04	2.563010000000000131e-06	-6.039659999999999701e-07	-5.995419999999999961e-09	1.056093000000000075e+03	1.590000000000000080e+00
1.655082768235194683e+09	3.151319999999999772e-04	2.622619999999999803e-06	-6.040250000000000105e-07	-5.937209999999999601e-09	1.056069369999999935e+03	1.590000000000000080e+00
1.655082774863013744e+09	3.147140000000000094e-04	2.503409999999999889e-06	-6.040250000000000105e-07	-5.995419999999999961e-09	1.055934909999999945e+03	1.600000000000000089e+00
1.655082776467020512e+09	3.145949999999999788e-04	2.503409999999999889e-06	-6.040250000000000105e-07	-5.995419999999999961e-09	1.055924330000000054e+03	1.600000000000000089e+00
1.655082778080822468e+09	3.144760000000000025e-04	2.503409999999999889e-06	-6.040250000000000105e-07	-5.995419999999999961e-09	1.055880239999999958e+03	1.600000000000000089e+00
1.655082779700962782e+09	3.142970000000000030e-04	2.563010000000000131e-06	-6.040250000000000105e-07	-5.937209999999999601e-09	1.055870599999999968e+03	1.600000000000000089e+00
1.655082781317289591e+09	3.142970000000000030e-04	2.563010000000000131e-06	-6.040250000000000105e-07	-6.053630000000000322e-09	1.055832270000000108e+03	1.600000000000000089e+00
1.655082782921396494e+09	3.142379999999999956e-04	2.443799999999999794e-06	-6.039659999999999701e-07	-5.937209999999999601e-09	1.055788829999999962e+03	1.600000000000000089e+00
1.655082784533405781e+09	3.141180000000000035e-04	2.563010000000000131e-06	-6.040250000000000105e-07	-5.995419999999999961e-09	1.055777399999999943e+03	1.600000000000000089e+00
1.655082786142636776e+09	3.139400000000000198e-04	2.503409999999999889e-06	-6.039659999999999701e-07	-5.937209999999999601e-09	1.055744760000000042e+03	1.600000000000000089e+00
1.655082787755410671e+09	3.138799999999999967e-04	2.563010000000000131e-06	-6.040250000000000105e-07	-5.995419999999999961e-09	1.055712279999999964e+03	1.600000000000000089e+00
1.655082789362025738e+09	3.137610000000000204e-04	2.563010000000000131e-06	-6.040250000000000105e-07	-6.053630000000000322e-09	1.055703929999999900e+03	1.600000000000000089e+00
1.655082795997212887e+09	3.133429999999999983e-04	2.563010000000000131e-06	-6.040250000000000105e-07	-5.937209999999999601e-09	1.055562190000000101e+03	1.610000000000000098e+00
1.655082797601460457e+09	3.132240000000000219e-04	2.563010000000000131e-06	-6.040250000000000105e-07	-5.995419999999999961e-09	1.055532110000000102e+03	1.610000000000000098e+00
1.655082799209900856e+09	3.131049999999999914e-04	2.503409999999999889e-06	-6.040250000000000105e-07	-5.995419999999999961e-09	1.055500690000000077e+03	1.610000000000000098e+00
1.655082800826585770e+09	3.130450000000000225e-04	2.503409999999999889e-06	-6.039659999999999701e-07	-5.995419999999999961e-09	1.055475830000000087e+03	1.610000000000000098e+00
1.655082802429943562e+09	3.128669999999999845e-04	2.503409999999999889e-06	-6.040250000000000105e-07	-5.937209999999999601e-09	1.055442109999999957e+03	1.610000000000000098e+00
1.655082804043015480e+09	3.128070000000000156e-04	2.503409999999999889e-06	-6.040250000000000105e-07	-5.937209999999999601e-09	1.055418359999999893e+03	1.610000000000000098e+00
1.655082805660963297e+09	3.126879999999999851e-04	2.443799999999999794e-06	-6.040250000000000105e-07	-5.937209999999999601e-09	1.055381930000000011e+03	1.610000000000000098e+00
1.655082807272443295e+09	3.126879999999999851e-04	2.503409999999999889e-06	-6.040250000000000105e-07	-5.995419999999999961e-09	1.055358500000000049e+03	1.610000000000000098e+00
1.655082808886722088e+09	3.125089999999999856e-04	2.563010000000000131e-06	-6.039659999999999701e-07	-6.053630000000000322e-09	1.055345430000000079e+03	1.610000000000000098e+00
1.655082810500252724e+09	3.123900000000000093e-04	2.443799999999999794e-06	-6.040250000000000105e-07	-6.053630000000000322e-09	1.055312230000000000e+03	1.610000000000000098e+00
1.655082817125827074e+09	3.120320000000000103e-04	2.503409999999999889e-06	-6.040250000000000105e-07	-5.995419999999999961e-09	1.055182970000000068e+03	1.620000000000000107e+00
1.655082818737618923e+09	3.119129999999999798e-04	2.563010000000000131e-06	-6.040250000000000105e-07	-5.995419999999999961e-09	1.055157920000000104e+03	1.620000000000000107e+00
1.655082820349962711e+09	3.117940000000000034e-04	2.503409999999999889e-06	-6.039659999999999701e-07	-5.995419999999999961e-09	1.055134749999999940e+03	1.620000000000000107e+00
1.655082821967741251e+09	3.116749999999999729e-04	2.563010000000000131e-06	-6.040250000000000105e-07	-5.937209999999999601e-09	1.055102499999999964e+03	1.620000000000000107e+00
1.655082823573457956e+09	3.116150000000000040e-04	2.443799999999999794e-06	-6.040250000000000105e-07	-5.937209999999999601e-09	1.055062370000000101e+03	1.620000000000000107e+00
1.655082825191030979e+09	3.114360000000000045e-04	2.443799999999999794e-06	-6.039659999999999701e-07	-5.995419999999999961e-09	1.055038050000000112e+03	1.620000000000000107e+00
1.655082826810947418e+09	3.113769999999999971e-04	2.443799999999999794e-06	-6.040250000000000105e-07	-5.995419999999999961e-09	1.055017489999999952e+03	1.620000000000000107e+00
1.655082828428963184e+09	3.112570000000000050e-04	2.503409999999999889e-06	-6.039659999999999701e-07	-5.937209999999999601e-09	1.054983500000000049e+03	1.620000000000000107e+00
1.655082830046118498e+09	3.111979999999999976e-04	2.503409999999999889e-06	-6.040250000000000105e-07	-5.937209999999999601e-09	1.054959849999999960e+03	1.620000000000000107e+00
1.655082831652616978e+09	3.110790000000000213e-04	2.443799999999999794e-06	-6.040250000000000105e-07	-5.995419999999999961e-09	1.054918359999999893e+03	1.620000000000000107e+00
1.655082838296625853e+09	3.106609999999999992e-04	2.503409999999999889e-06	-6.039659999999999701e-07	-5.995419999999999961e-09	1.054802820000000111e+03	1.630000000000000115e+00
1.655082839904240131e+09	3.106019999999999918e-04	2.563010000000000131e-06	-6.039659999999999701e-07	-5.995419999999999961e-09	1.054778450000000021e+03	1.630000000000000115e+00
1.655082841516044140e+09	3.104819999999999997e-04	2.503409999999999889e-06	-6.039659999999999701e-07	-5.995419999999999961e-09	1.054743040000000065e+03	1.630000000000000115e+00
1.655082843119962931e+09	3.103630000000000234e-04	2.503409999999999889e-06	-6.039659999999999701e-07	-5.937209999999999601e-09	1.054709689999999910e+03	1.630000000000000115e+00
1.655082844733683348e+09	3.103040000000000160e-04	2.443799999999999794e-06	-6.040250000000000105e-07	-5.995419999999999961e-09	1.054695110000000113e+03	1.630000000000000115e+00
1.655082846350960016e+09	3.101250000000000165e-04	2.384199999999999975e-06	-6.040250000000000105e-07	-5.937209999999999601e-09	1.054662870000000112e+03	1.630000000000000115e+00
1.655082847974920273e+09	3.100649999999999934e-04	2.443799999999999794e-06	-6.039659999999999701e-07	-5.995419999999999961e-09	1.054644759999999906e+03	1.630000000000000115e+00
1.655082849589155674e+09	3.100059999999999860e-04	2.503409999999999889e-06	-6.040250000000000105e-07	-5.937209999999999601e-09	1.054623029999999972e+03	1.630000000000000115e+00
1.655082851188300848e+09	3.098269999999999865e-04	2.443799999999999794e-06	-6.040250000000000105e-07	-5.937209999999999601e-09	1.054583190000000059e+03	1.630000000000000115e+00
1.655082852805932283e+09	3.097080000000000102e-04	2.443799999999999794e-06	-6.039659999999999701e-07	-5.995419999999999961e-09	1.054572249999999940e+03	1.630000000000000115e+00
1.655082859419056654e+09	3.094099999999999802e-04	2.503409999999999889e-06	-6.040250000000000105e-07	-5.995419999999999961e-09	1.054437349999999924e+03	1.640000000000000124e+00
1.655082861028962374e+09	3.092309999999999807e-04	2.563010000000000131e-06	-6.040250000000000105e-07	-5.995419999999999961e-09	1.054396500000000060e+03	1.640000000000000124e+00
1.655082862646142960e+09	3.091120000000000044e-04	2.443799999999999794e-06	-6.040250000000000105e-07	-5.995419999999999961e-09	1.054367580000000089e+03	1.640000000000000124e+00
1.655082864257126331e+09	3.089920000000000123e-04	2.503409999999999889e-06	-6.040250000000000105e-07	-5.937209999999999601e-09	1.054356489999999894e+03	1.640000000000000124e+00
1.655082865864291906e+09	3.089920000000000123e-04	2.443799999999999794e-06	-6.040250000000000105e-07	-6.053630000000000322e-09	1.054331120000000055e+03	1.640000000000000124e+00
1.655082867477367878e+09	3.088729999999999818e-04	2.503409999999999889e-06	-6.040250000000000105e-07	-5.995419999999999961e-09	1.054304159999999911e+03	1.640000000000000124e+00
1.655082869075440884e+09	3.087540000000000054e-04	2.443799999999999794e-06	-6.040250000000000105e-07	-5.995419999999999961e-09	1.054261279999999942e+03	1.640000000000000124e+00
1.655082870692272902e+09	3.086349999999999749e-04	2.503409999999999889e-06	-6.039659999999999701e-07	-6.053630000000000322e-09	1.054253870000000006e+03	1.640000000000000124e+00
1.655082872303269386e+09	3.085750000000000060e-04	2.384199999999999975e-06	-6.039659999999999701e-07	-5.995419999999999961e-09	1.054216210000000046e+03	1.640000000000000124e+00
1.655082873915412903e+09	3.084559999999999754e-04	2.443799999999999794e-06	-6.040250000000000105e-07	-5.937209999999999601e-09	1.054193040000000110e+03	1.640000000000000124e+00
1.655082880552151918e+09	3.080979999999999765e-04	2.503409999999999889e-06	-6.039659999999999701e-07	-5.995419999999999961e-09	1.054074509999999918e+03	1.650000000000000133e+00
1.655082882156061649e+09	3.079790000000000002e-04	2.443799999999999794e-06	-6.039659999999999701e-07	-5.937209999999999601e-09	1.054039939999999888e+03	1.650000000000000133e+00
1.655082883770267487e+09	3.078600000000000238e-04	2.503409999999999889e-06	-6.040250000000000105e-07	-5.937209999999999601e-09	1.054028649999999971e+03	1.650000000000000133e+00
1.655082885377125263e+09	3.077409999999999933e-04	2.503409999999999889e-06	-6.039659999999999701e-07	-5.995419999999999961e-09	1.053982130000000097e+03	1.650000000000000133e+00
1.655082886984694719e+09	3.076210000000000012e-04	2.443799999999999794e-06	-6.039659999999999701e-07	-5.937209999999999601e-09	1.053954169999999976e+03	1.650000000000000133e+00
1.655082888594813585e+09	3.075619999999999938e-04	2.443799999999999794e-06	-6.040250000000000105e-07	-5.995419999999999961e-09	1.053924500000000080e+03	1.650000000000000133e+00
1.655082890203181982e+09	3.074430000000000175e-04	2.443799999999999794e-06	-6.039659999999999701e-07	-5.995419999999999961e-09	1.053922800000000052e+03	1.650000000000000133e+00
1.655082891815780878e+09	3.073230000000000254e-04	2.443799999999999794e-06	-6.040250000000000105e-07	-5.995419999999999961e-09	1.053880979999999909e+03	1.650000000000000133e+00
1.655082893429846764e+09	3.072640000000000180e-04	2.443799999999999794e-06	-6.039659999999999701e-07	-5.995419999999999961e-09	1.053841210000000046e+03	1.650000000000000133e+00
1.655082895052390337e+09	3.072039999999999949e-04	2.503409999999999889e-06	-6.039659999999999701e-07	-5.995419999999999961e-09	1.053820500000000038e+03	1.650000000000000133e+00
1.655082901683521509e+09	3.068470000000000117e-04	2.443799999999999794e-06	-6.040250000000000105e-07	-5.937209999999999601e-09	1.053707280000000083e+03	1.660000000000000142e+00
1.655082903300653934e+09	3.066680000000000122e-04	2.443799999999999794e-06	-6.039659999999999701e-07	-5.995419999999999961e-09	1.053661599999999908e+03	1.660000000000000142e+00
1.655082904912035465e+09	3.066079999999999891e-04	2.443799999999999794e-06	-6.040250000000000105e-07	-5.995419999999999961e-09	1.053656289999999899e+03	1.660000000000000142e+00
1.655082906531432390e+09	3.064890000000000127e-04	2.443799999999999794e-06	-6.039659999999999701e-07	-5.995419999999999961e-09	1.053615569999999934e+03	1.660000000000000142e+00
1.655082908140186787e+09	3.063699999999999822e-04	2.443799999999999794e-06	-6.039659999999999701e-07	-5.995419999999999961e-09	1.053579390000000103e+03	1.660000000000000142e+00
1.655082909753431320e+09	3.062510000000000059e-04	2.443799999999999794e-06	-6.039659999999999701e-07	-5.995419999999999961e-09	1.053566530000000057e+03	1.660000000000000142e+00
1.655082911368322611e+09	3.061310000000000138e-04	2.384199999999999975e-06	-6.039659999999999701e-07	-5.995419999999999961e-09	1.053543529999999919e+03	1.660000000000000142e+00
1.655082912980287552e+09	3.060720000000000064e-04	2.443799999999999794e-06	-6.039659999999999701e-07	-5.937209999999999601e-09	1.053502490000000080e+03	1.660000000000000142e+00
1.655082914592563868e+09	3.060119999999999832e-04	2.443799999999999794e-06	-6.040250000000000105e-07	-5.995419999999999961e-09	1.053473549999999932e+03	1.660000000000000142e+00
1.655082916197373152e+09	3.058930000000000069e-04	2.443799999999999794e-06	-6.039659999999999701e-07	-6.053630000000000322e-09	1.053449969999999894e+03	1.660000000000000142e+00
1.655082922839191198e+09	3.055350000000000080e-04	2.443799999999999794e-06	-6.040250000000000105e-07	-5.995419999999999961e-09	1.053349989999999934e+03	1.669999999999999929e+00
1.655082924451811314e+09	3.053560000000000085e-04	2.443799999999999794e-06	-6.040250000000000105e-07	-5.995419999999999961e-09	1.053309060000000045e+03	1.669999999999999929e+00
1.655082926066195965e+09	3.053560000000000085e-04	2.443799999999999794e-06	-6.040250000000000105e-07	-5.995419999999999961e-09	1.053290230000000065e+03	1.669999999999999929e+00
1.655082927676157475e+09	3.052369999999999780e-04	2.443799999999999794e-06	-6.040250000000000105e-07	-6.053630000000000322e-09	1.053264040000000023e+03	1.669999999999999929e+00
1.655082929284039021e+09	3.051780000000000248e-04	2.384199999999999975e-06	-6.039659999999999701e-07	-5.995419999999999961e-09	1.053228069999999889e+03	1.669999999999999929e+00
1.655082930904471397e+09	3.049990000000000253e-04	2.443799999999999794e-06	-6.040250000000000105e-07	-5.995419999999999961e-09	1.053194510000000037e+03	1.669999999999999929e+00
1.655082932512877226e+09	3.048799999999999948e-04	2.443799999999999794e-06	-6.040250000000000105e-07	-5.995419999999999961e-09	1.053182409999999891e+03	1.669999999999999929e+00
1.655082934121944904e+09	3.048200000000000258e-04	2.443799999999999794e-06	-6.040250000000000105e-07	-5.995419999999999961e-09	1.053147780000000012e+03	1.669999999999999929e+00
1.655082935730963469e+09	3.047600000000000027e-04	2.384199999999999975e-06	-6.040250000000000105e-07	-5.995419999999999961e-09	1.053133409999999913e+03	1.669999999999999929e+00
1.655082937337072611e+09	3.046410000000000264e-04	2.443799999999999794e-06	-6.039659999999999701e-07	-5.995419999999999961e-09	1.053099500000000035e+03	1.669999999999999929e+00
1.655082943965882301e+09	3.042839999999999889e-04	2.384199999999999975e-06	-6.040250000000000105e-07	-5.937209999999999601e-09	1.052985689999999977e+03	1.679999999999999938e+00
1.655082945577155113e+09	3.041639999999999969e-04	2.384199999999999975e-06	-6.040250000000000105e-07	-5.937209999999999601e-09	1.052954739999999902e+03	1.679999999999999938e+00
1.655082947180955648e+09	3.040450000000000205e-04	2.384199999999999975e-06	-6.039659999999999701e-07	-5.937209999999999601e-09	1.052914909999999963e+03	1.679999999999999938e+00
1.655082948800391674e+09	3.039259999999999900e-04	2.443799999999999794e-06	-6.040250000000000105e-07	-5.995419999999999961e-09	1.052912119999999959e+03	1.679999999999999938e+00
1.655082950410962582e+09	3.039259999999999900e-04	2.503409999999999889e-06	-6.040250000000000105e-07	-6.053630000000000322e-09	1.052869770000000017e+03	1.679999999999999938e+00
1.655082952023366928e+09	3.037469999999999905e-04	2.443799999999999794e-06	-6.039659999999999701e-07	-5.937209999999999601e-09	1.052848840000000109e+03	1.679999999999999938e+00
1.655082953635824919e+09	3.036280000000000142e-04	2.443799999999999794e-06	-6.040250000000000105e-07	-5.937209999999999601e-09	1.052832640000000083e+03	1.679999999999999938e+00
1.655082955240963221e+09	3.035679999999999911e-04	2.443799999999999794e-06	-6.039659999999999701e-07	-5.995419999999999961e-09	1.052783490000000029e+03	1.679999999999999938e+00
1.655082956846003056e+09	3.034490000000000147e-04	2.384199999999999975e-06	-6.039659999999999701e-07	-5.937209999999999601e-09	1.052760320000000092e+03	1.679999999999999938e+00
1.655082958457017422e+09	3.033900000000000073e-04	2.384199999999999975e-06	-6.039659999999999701e-07	-5.937209999999999601e-09	1.052737509999999929e+03	1.679999999999999938e+00
1.655082965086654663e+09	3.030320000000000084e-04	2.384199999999999975e-06	-6.039659999999999701e-07	-5.937209999999999601e-09	1.052613820000000032e+03	1.689999999999999947e+00
1.655082966702034473e+09	3.029129999999999778e-04	2.384199999999999975e-06	-6.040250000000000105e-07	-5.937209999999999601e-09	1.052602939999999990e+03	1.689999999999999947e+00
1.655082968318060398e+09	3.027339999999999784e-04	2.443799999999999794e-06	-6.040250000000000105e-07	-5.995419999999999961e-09	1.052555869999999913e+03	1.689999999999999947e+00
1.655082969930007219e+09	3.026740000000000094e-04	2.443799999999999794e-06	-6.040250000000000105e-07	-5.995419999999999961e-09	1.052539680000000089e+03	1.689999999999999947e+00
1.655082971540354729e+09	3.025549999999999789e-04	2.384199999999999975e-06	-6.040250000000000105e-07	-5.937209999999999601e-09	1.052524640000000090e+03	1.689999999999999947e+00
1.655082973153654814e+09	3.024950000000000100e-04	2.384199999999999975e-06	-6.040250000000000105e-07	-5.995419999999999961e-09	1.052482629999999972e+03	1.689999999999999947e+00
1.655082974764102697e+09	3.023759999999999794e-04	2.384199999999999975e-06	-6.040250000000000105e-07	-5.937209999999999601e-09	1.052460109999999986e+03	1.689999999999999947e+00
1.655082976375422478e+09	3.023170000000000262e-04	2.384199999999999975e-06	-6.039659999999999701e-07	-5.995419999999999961e-09	1.052443890000000010e+03	1.689999999999999947e+00
1.655082977993323088e+09	3.021969999999999800e-04	2.443799999999999794e-06	-6.040250000000000105e-07	-5.995419999999999961e-09	1.052435829999999896e+03	1.689999999999999947e+00
1.655082979607487440e+09	3.021380000000000268e-04	2.384199999999999975e-06	-6.039659999999999701e-07	-5.995419999999999961e-09	1.052368879999999990e+03	1.689999999999999947e+00
1.655082986241467476e+09	3.017210000000000204e-04	2.384199999999999975e-06	-6.040250000000000105e-07	-5.995419999999999961e-09	1.052257879999999886e+03	1.699999999999999956e+00
1.655082987848963499e+09	3.016609999999999973e-04	2.384199999999999975e-06	-6.039659999999999701e-07	-5.995419999999999961e-09	1.052252430000000004e+03	1.699999999999999956e+00
1.655082989460862160e+09	3.015420000000000210e-04	2.384199999999999975e-06	-6.040250000000000105e-07	-5.995419999999999961e-09	1.052210209999999961e+03	1.699999999999999956e+00
1.655082991080963850e+09	3.014819999999999978e-04	2.384199999999999975e-06	-6.040250000000000105e-07	-5.995419999999999961e-09	1.052187480000000050e+03	1.699999999999999956e+00
1.655082992696977615e+09	3.013630000000000215e-04	2.324600000000000156e-06	-6.040250000000000105e-07	-5.995419999999999961e-09	1.052162309999999934e+03	1.699999999999999956e+00
1.655082994309849501e+09	3.011250000000000146e-04	2.384199999999999975e-06	-6.040250000000000105e-07	-5.995419999999999961e-09	1.052124469999999974e+03	1.699999999999999956e+00
1.655082995922069073e+09	3.011250000000000146e-04	2.443799999999999794e-06	-6.040250000000000105e-07	-5.995419999999999961e-09	1.052109989999999925e+03	1.699999999999999956e+00
1.655082997531455755e+09	3.010649999999999915e-04	2.384199999999999975e-06	-6.040250000000000105e-07	-5.995419999999999961e-09	1.052077659999999923e+03	1.699999999999999956e+00
1.655082999137482643e+09	3.010050000000000225e-04	2.384199999999999975e-06	-6.040250000000000105e-07	-5.995419999999999961e-09	1.052046409999999923e+03	1.699999999999999956e+00
1.655083000749313831e+09	3.009460000000000151e-04	2.324600000000000156e-06	-6.039659999999999701e-07	-5.995419999999999961e-09	1.052038459999999986e+03	1.699999999999999956e+00
1.655083007376327515e+09	3.004090000000000167e-04	2.384199999999999975e-06	-6.040250000000000105e-07	-6.053630000000000322e-09	1.051925179999999955e+03	1.709999999999999964e+00
1.655083008983037233e+09	3.004090000000000167e-04	2.443799999999999794e-06	-6.040250000000000105e-07	-5.995419999999999961e-09	1.051896870000000035e+03	1.709999999999999964e+00
1.655083010590254307e+09	3.002300000000000173e-04	2.384199999999999975e-06	-6.040250000000000105e-07	-6.053630000000000322e-09	1.051874009999999998e+03	1.709999999999999964e+00
1.655083012205714226e+09	3.001710000000000099e-04	2.384199999999999975e-06	-6.040250000000000105e-07	-5.995419999999999961e-09	1.051824209999999994e+03	1.709999999999999964e+00
1.655083013813090801e+09	3.001710000000000099e-04	2.384199999999999975e-06	-6.040250000000000105e-07	-6.053630000000000322e-09	1.051820819999999912e+03	1.709999999999999964e+00
1.655083015416489124e+09	2.999920000000000104e-04	2.384199999999999975e-06	-6.040250000000000105e-07	-5.995419999999999961e-09	1.051772130000000061e+03	1.709999999999999964e+00
1.655083017023382425e+09	2.999319999999999872e-04	2.384199999999999975e-06	-6.040250000000000105e-07	-5.995419999999999961e-09	1.051744470000000092e+03	1.709999999999999964e+00
1.655083018630151749e+09	2.998130000000000109e-04	2.384199999999999975e-06	-6.040250000000000105e-07	-5.995419999999999961e-09	1.051726010000000088e+03	1.709999999999999964e+00
1.655083020256181002e+09	2.996939999999999804e-04	2.384199999999999975e-06	-6.040250000000000105e-07	-5.937209999999999601e-09	1.051708249999999907e+03	1.709999999999999964e+00
1.655083021862016201e+09	2.996340000000000114e-04	2.384199999999999975e-06	-6.040250000000000105e-07	-5.995419999999999961e-09	1.051684140000000070e+03	1.709999999999999964e+00
1.655083028480401993e+09	2.992769999999999740e-04	2.324600000000000156e-06	-6.040250000000000105e-07	-5.995419999999999961e-09	1.051579220000000078e+03	1.719999999999999973e+00
1.655083030095413923e+09	2.991579999999999977e-04	2.384199999999999975e-06	-6.040250000000000105e-07	-5.937209999999999601e-09	1.051547080000000051e+03	1.719999999999999973e+00
1.655083031702645063e+09	2.990979999999999746e-04	2.443799999999999794e-06	-6.040250000000000105e-07	-5.995419999999999961e-09	1.051519129999999905e+03	1.719999999999999973e+00
1.655083033305457354e+09	2.989789999999999982e-04	2.384199999999999975e-06	-6.040250000000000105e-07	-5.995419999999999961e-09	1.051491299999999910e+03	1.719999999999999973e+00
1.655083034913652420e+09	2.988600000000000219e-04	2.443799999999999794e-06	-6.040250000000000105e-07	-5.995419999999999961e-09	1.051464919999999893e+03	1.719999999999999973e+00
1.655083036524236917e+09	2.987399999999999756e-04	2.384199999999999975e-06	-6.040250000000000105e-07	-5.995419999999999961e-09	1.051447650000000067e+03	1.719999999999999973e+00
1.655083038132193804e+09	2.986810000000000224e-04	2.443799999999999794e-06	-6.040250000000000105e-07	-5.937209999999999601e-09	1.051412379999999985e+03	1.719999999999999973e+00
1.655083039737809181e+09	2.985619999999999919e-04	2.384199999999999975e-06	-6.040250000000000105e-07	-5.937209999999999601e-09	1.051393559999999979e+03	1.719999999999999973e+00
1.655083041348392487e+09	2.985020000000000230e-04	2.384199999999999975e-06	-6.040250000000000105e-07	-5.995419999999999961e-09	1.051377690000000030e+03	1.719999999999999973e+00
1.655083042961511612e+09	2.984419999999999998e-04	2.384199999999999975e-06	-6.040250000000000105e-07	-5.995419999999999961e-09	1.051340809999999919e+03	1.719999999999999973e+00
1.655083049598310947e+09	2.980249999999999935e-04	2.384199999999999975e-06	-6.040250000000000105e-07	-5.995419999999999961e-09	1.051214019999999891e+03	1.729999999999999982e+00
1.655083051212175608e+09	2.979060000000000171e-04	2.384199999999999975e-06	-6.040250000000000105e-07	-6.053630000000000322e-09	1.051204880000000003e+03	1.729999999999999982e+00
1.655083052817438364e+09	2.977869999999999866e-04	2.384199999999999975e-06	-6.040250000000000105e-07	-5.937209999999999601e-09	1.051169339999999920e+03	1.729999999999999982e+00
1.655083054426980972e+09	2.977869999999999866e-04	2.443799999999999794e-06	-6.040250000000000105e-07	-5.995419999999999961e-09	1.051151470000000018e+03	1.729999999999999982e+00
1.655083056028261662e+09	2.976669999999999945e-04	2.384199999999999975e-06	-6.040250000000000105e-07	-5.995419999999999961e-09	1.051120220000000018e+03	1.729999999999999982e+00
1.655083057638290405e+09	2.975480000000000182e-04	2.384199999999999975e-06	-6.040250000000000105e-07	-5.995419999999999961e-09	1.051095700000000079e+03	1.729999999999999982e+00
1.655083059248963356e+09	2.974289999999999877e-04	2.384199999999999975e-06	-6.040250000000000105e-07	-5.995419999999999961e-09	1.051064419999999927e+03	1.729999999999999982e+00
1.655083060851337910e+09	2.973690000000000187e-04	2.384199999999999975e-06	-6.040250000000000105e-07	-5.937209999999999601e-09	1.051045990000000074e+03	1.729999999999999982e+00
1.655083062457952499e+09	2.972499999999999882e-04	2.384199999999999975e-06	-6.040250000000000105e-07	-5.937209999999999601e-09	1.051014789999999948e+03	1.729999999999999982e+00
1.655083064074395895e+09	2.971310000000000119e-04	2.384199999999999975e-06	-6.040250000000000105e-07	-5.995419999999999961e-09	1.050980479999999943e+03	1.729999999999999982e+00
1.655083070706424475e+09	2.968329999999999818e-04	2.384199999999999975e-06	-6.040250000000000105e-07	-6.053630000000000322e-09	1.050878719999999930e+03	1.739999999999999991e+00
1.655083072317953110e+09	2.967140000000000055e-04	2.384199999999999975e-06	-6.040250000000000105e-07	-5.995419999999999961e-09	1.050851889999999912e+03	1.739999999999999991e+00
1.655083073921623230e+09	2.966539999999999824e-04	2.384199999999999975e-06	-6.040250000000000105e-07	-5.995419999999999961e-09	1.050829899999999952e+03	1.739999999999999991e+00
1.655083075535246611e+09	2.965350000000000060e-04	2.384199999999999975e-06	-6.040250000000000105e-07	-5.937209999999999601e-09	1.050787769999999909e+03	1.739999999999999991e+00
1.655083077151558638e+09	2.964159999999999755e-04	2.384199999999999975e-06	-6.040250000000000105e-07	-5.995419999999999961e-09	1.050772690000000011e+03	1.739999999999999991e+00
1.655083078767768860e+09	2.963560000000000066e-04	2.384199999999999975e-06	-6.040250000000000105e-07	-5.995419999999999961e-09	1.050745259999999917e+03	1.739999999999999991e+00
1.655083080375298023e+09	2.962369999999999760e-04	2.384199999999999975e-06	-6.040250000000000105e-07	-5.995419999999999961e-09	1.050721090000000004e+03	1.739999999999999991e+00
1.655083081982034683e+09	2.961770000000000071e-04	2.324600000000000156e-06	-6.040250000000000105e-07	-6.053630000000000322e-09	1.050690180000000055e+03	1.739999999999999991e+00
1.655083083597951889e+09	2.960579999999999766e-04	2.324600000000000156e-06	-6.040250000000000105e-07	-5.937209999999999601e-09	1.050676200000000108e+03	1.739999999999999991e+00
1.655083085207952499e+09	2.959390000000000002e-04	2.384199999999999975e-06	-6.040250000000000105e-07	-5.937209999999999601e-09	1.050643440000000055e+03	1.739999999999999991e+00
1.655083091834325552e+09	2.956410000000000244e-04	2.324600000000000156e-06	-6.040250000000000105e-07	-6.053630000000000322e-09	1.050540950000000066e+03	1.750000000000000000e+00
1.655083093445010185e+09	2.954620000000000250e-04	2.384199999999999975e-06	-6.040250000000000105e-07	-5.995419999999999961e-09	1.050512009999999918e+03	1.750000000000000000e+00
1.655083095053422451e+09	2.954020000000000018e-04	2.384199999999999975e-06	-6.040250000000000105e-07	-5.937209999999999601e-09	1.050484400000000051e+03	1.750000000000000000e+00
1.655083096680375576e+09	2.952240000000000181e-04	2.324600000000000156e-06	-6.040250000000000105e-07	-5.995419999999999961e-09	1.050449650000000020e+03	1.750000000000000000e+00
1.655083098295566559e+09	2.951639999999999949e-04	2.324600000000000156e-06	-6.040250000000000105e-07	-5.995419999999999961e-09	1.050442880000000059e+03	1.750000000000000000e+00
1.655083099905989885e+09	2.951040000000000260e-04	2.324600000000000156e-06	-6.040250000000000105e-07	-5.937209999999999601e-09	1.050424209999999903e+03	1.750000000000000000e+00
1.655083101515000105e+09	2.951040000000000260e-04	2.324600000000000156e-06	-6.040250000000000105e-07	-5.937209999999999601e-09	1.050383839999999964e+03	1.750000000000000000e+00
1.655083103119956732e+09	2.949259999999999881e-04	2.324600000000000156e-06	-6.040250000000000105e-07	-5.995419999999999961e-09	1.050366760000000113e+03	1.750000000000000000e+00
1.655083104737036943e+09	2.948660000000000191e-04	2.324600000000000156e-06	-6.040250000000000105e-07	-5.937209999999999601e-09	1.050338220000000092e+03	1.750000000000000000e+00
1.655083106348131418e+09	2.948059999999999960e-04	2.384199999999999975e-06	-6.040250000000000105e-07	-5.995419999999999961e-09	1.050322030000000041e+03	1.750000000000000000e+00
1.655083112985050678e+09	2.944490000000000128e-04	2.324600000000000156e-06	-6.040250000000000105e-07	-5.995419999999999961e-09	1.050202759999999898e+03	1.760000000000000009e+00
1.655083114605977058e+09	2.943299999999999823e-04	2.324600000000000156e-06	-6.040250000000000105e-07	-5.937209999999999601e-09	1.050162420000000111e+03	1.760000000000000009e+00
1.655083116231288433e+09	2.942700000000000133e-04	2.324600000000000156e-06	-6.040250000000000105e-07	-5.995419999999999961e-09	1.050146979999999985e+03	1.760000000000000009e+00
1.655083117836979628e+09	2.940910000000000139e-04	2.384199999999999975e-06	-6.040250000000000105e-07	-6.053630000000000322e-09	1.050129089999999906e+03	1.760000000000000009e+00
1.655083119446984529e+09	2.940910000000000139e-04	2.384199999999999975e-06	-6.040250000000000105e-07	-6.053630000000000322e-09	1.050112820000000056e+03	1.760000000000000009e+00
1.655083121057039022e+09	2.939120000000000144e-04	2.324600000000000156e-06	-6.040250000000000105e-07	-5.995419999999999961e-09	1.050081329999999980e+03	1.760000000000000009e+00
1.655083122665259123e+09	2.939120000000000144e-04	2.384199999999999975e-06	-6.040250000000000105e-07	-5.995419999999999961e-09	1.050054939999999988e+03	1.760000000000000009e+00
1.655083124274267197e+09	2.937929999999999838e-04	2.384199999999999975e-06	-6.040250000000000105e-07	-5.995419999999999961e-09	1.050023709999999937e+03	1.760000000000000009e+00
1.655083125880310059e+09	2.936740000000000075e-04	2.324600000000000156e-06	-6.040250000000000105e-07	-5.995419999999999961e-09	1.049991119999999910e+03	1.760000000000000009e+00
1.655083127488156319e+09	2.934950000000000080e-04	2.324600000000000156e-06	-6.039659999999999701e-07	-5.995419999999999961e-09	1.049981809999999996e+03	1.760000000000000009e+00
1.655083134115906239e+09	2.931969999999999780e-04	2.384199999999999975e-06	-6.040250000000000105e-07	-5.995419999999999961e-09	1.049864100000000008e+03	1.770000000000000018e+00
1.655083135731954575e+09	2.931380000000000248e-04	2.384199999999999975e-06	-6.040250000000000105e-07	-6.053630000000000322e-09	1.049840120000000070e+03	1.770000000000000018e+00
1.655083137334172010e+09	2.930780000000000017e-04	2.384199999999999975e-06	-6.040250000000000105e-07	-5.937209999999999601e-09	1.049823480000000018e+03	1.770000000000000018e+00
1.655083138937952280e+09	2.928990000000000022e-04	2.384199999999999975e-06	-6.040250000000000105e-07	-5.995419999999999961e-09	1.049798369999999977e+03	1.770000000000000018e+00
1.655083140550164223e+09	2.928389999999999791e-04	2.324600000000000156e-06	-6.040250000000000105e-07	-6.053630000000000322e-09	1.049769590000000107e+03	1.770000000000000018e+00
1.655083142161206961e+09	2.927800000000000259e-04	2.324600000000000156e-06	-6.040250000000000105e-07	-5.937209999999999601e-09	1.049735640000000103e+03	1.770000000000000018e+00
1.655083143780244112e+09	2.926609999999999954e-04	2.324600000000000156e-06	-6.040250000000000105e-07	-5.937209999999999601e-09	1.049727509999999938e+03	1.770000000000000018e+00
1.655083145390963316e+09	2.925410000000000033e-04	2.384199999999999975e-06	-6.040250000000000105e-07	-5.937209999999999601e-09	1.049688370000000077e+03	1.770000000000000018e+00
1.655083147003177166e+09	2.924819999999999959e-04	2.384199999999999975e-06	-6.040250000000000105e-07	-5.937209999999999601e-09	1.049663919999999962e+03	1.770000000000000018e+00
1.655083148606946707e+09	2.924220000000000270e-04	2.384199999999999975e-06	-6.040250000000000105e-07	-5.995419999999999961e-09	1.049636649999999918e+03	1.770000000000000018e+00
1.655083155234324455e+09	2.920050000000000206e-04	2.324600000000000156e-06	-6.040250000000000105e-07	-5.995419999999999961e-09	1.049540299999999888e+03	1.780000000000000027e+00
1.655083156838515759e+09	2.920050000000000206e-04	2.324600000000000156e-06	-6.040250000000000105e-07	-6.053630000000000322e-09	1.049513459999999895e+03	1.780000000000000027e+00
1.655083158456035614e+09	2.918260000000000211e-04	2.324600000000000156e-06	-6.040250000000000105e-07	-5.995419999999999961e-09	1.049489450000000033e+03	1.780000000000000027e+00
1.655083160074709177e+09	2.918260000000000211e-04	2.324600000000000156e-06	-6.040250000000000105e-07	-6.053630000000000322e-09	1.049461759999999913e+03	1.780000000000000027e+00
1.655083161681354046e+09	2.917069999999999906e-04	2.324600000000000156e-06	-6.040250000000000105e-07	-5.995419999999999961e-09	1.049423700000000053e+03	1.780000000000000027e+00
1.655083163287341595e+09	2.915279999999999911e-04	2.324600000000000156e-06	-6.040250000000000105e-07	-5.995419999999999961e-09	1.049425220000000081e+03	1.780000000000000027e+00
1.655083164891517878e+09	2.914689999999999837e-04	2.324600000000000156e-06	-6.040250000000000105e-07	-5.995419999999999961e-09	1.049378639999999905e+03	1.780000000000000027e+00
1.655083166512215376e+09	2.913489999999999917e-04	2.324600000000000156e-06	-6.040250000000000105e-07	-5.995419999999999961e-09	1.049353309999999965e+03	1.780000000000000027e+00
1.655083168121681929e+09	2.913489999999999917e-04	2.324600000000000156e-06	-6.040250000000000105e-07	-5.995419999999999961e-09	1.049329909999999927e+03	1.780000000000000027e+00
1.655083169726226330e+09	2.912300000000000153e-04	2.324600000000000156e-06	-6.040250000000000105e-07	-5.995419999999999961e-09	1.049304440000000113e+03	1.780000000000000027e+00
1.655083176355474472e+09	2.908729999999999779e-04	2.324600000000000156e-06	-6.040250000000000105e-07	-5.937209999999999601e-09	1.049193420000000060e+03	1.790000000000000036e+00
1.655083177967156410e+09	2.908130000000000090e-04	2.324600000000000156e-06	-6.040250000000000105e-07	-5.937209999999999601e-09	1.049181499999999915e+03	1.790000000000000036e+00
1.655083179572976351e+09	2.906340000000000095e-04	2.324600000000000156e-06	-6.040250000000000105e-07	-5.995419999999999961e-09	1.049166639999999916e+03	1.790000000000000036e+00
1.655083181182279348e+09	2.905750000000000021e-04	2.384199999999999975e-06	-6.040250000000000105e-07	-5.995419999999999961e-09	1.049129680000000008e+03	1.790000000000000036e+00
1.655083182795584917e+09	2.905149999999999790e-04	2.324600000000000156e-06	-6.040250000000000105e-07	-5.995419999999999961e-09	1.049111339999999927e+03	1.790000000000000036e+00
1.655083184410962582e+09	2.904550000000000100e-04	2.324600000000000156e-06	-6.040250000000000105e-07	-6.053630000000000322e-09	1.049068130000000110e+03	1.790000000000000036e+00
1.655083186018385887e+09	2.903359999999999795e-04	2.324600000000000156e-06	-6.040250000000000105e-07	-5.937209999999999601e-09	1.049045380000000023e+03	1.790000000000000036e+00
1.655083187626966953e+09	2.902760000000000106e-04	2.324600000000000156e-06	-6.040250000000000105e-07	-5.995419999999999961e-09	1.049034529999999904e+03	1.790000000000000036e+00
1.655083189233290434e+09	2.900980000000000269e-04	2.324600000000000156e-06	-6.040250000000000105e-07	-5.995419999999999961e-09	1.048999759999999924e+03	1.790000000000000036e+00
1.655083190852458239e+09	2.900380000000000037e-04	2.324600000000000156e-06	-6.040250000000000105e-07	-5.995419999999999961e-09	1.048976380000000063e+03	1.790000000000000036e+00
1.655083197492820740e+09	2.896800000000000048e-04	2.324600000000000156e-06	-6.040250000000000105e-07	-5.995419999999999961e-09	1.048872769999999946e+03	1.800000000000000044e+00
1.655083199105107307e+09	2.896209999999999974e-04	2.324600000000000156e-06	-6.040250000000000105e-07	-5.937209999999999601e-09	1.048837170000000015e+03	1.800000000000000044e+00
1.655083200711241007e+09	2.895020000000000210e-04	2.384199999999999975e-06	-6.040250000000000105e-07	-6.053630000000000322e-09	1.048829289999999901e+03	1.800000000000000044e+00
1.655083202309943438e+09	2.893819999999999748e-04	2.324600000000000156e-06	-6.040250000000000105e-07	-6.053630000000000322e-09	1.048808999999999969e+03	1.800000000000000044e+00
1.655083203920990705e+09	2.892629999999999984e-04	2.264990000000000061e-06	-6.040250000000000105e-07	-5.995419999999999961e-09	1.048768790000000081e+03	1.800000000000000044e+00
1.655083205539963484e+09	2.892039999999999910e-04	2.264990000000000061e-06	-6.040250000000000105e-07	-5.937209999999999601e-09	1.048745229999999992e+03	1.800000000000000044e+00
1.655083207155913830e+09	2.891440000000000221e-04	2.324600000000000156e-06	-6.040250000000000105e-07	-6.053630000000000322e-09	1.048720800000000054e+03	1.800000000000000044e+00
1.655083208769962549e+09	2.890249999999999916e-04	2.324600000000000156e-06	-6.040250000000000105e-07	-5.995419999999999961e-09	1.048712999999999965e+03	1.800000000000000044e+00
1.655083210377994299e+09	2.889650000000000226e-04	2.324600000000000156e-06	-6.040250000000000105e-07	-5.995419999999999961e-09	1.048673150000000078e+03	1.800000000000000044e+00
1.655083211983286619e+09	2.889060000000000152e-04	2.324600000000000156e-06	-6.040250000000000105e-07	-6.053630000000000322e-09	1.048651399999999967e+03	1.800000000000000044e+00
1.655083218612871885e+09	2.885480000000000163e-04	2.324600000000000156e-06	-6.040250000000000105e-07	-5.995419999999999961e-09	1.048559529999999995e+03	1.810000000000000053e+00
1.655083220226270199e+09	2.884289999999999857e-04	2.324600000000000156e-06	-6.040250000000000105e-07	-5.937209999999999601e-09	1.048527149999999892e+03	1.810000000000000053e+00
1.655083221839843988e+09	2.883690000000000168e-04	2.264990000000000061e-06	-6.040250000000000105e-07	-5.995419999999999961e-09	1.048495949999999993e+03	1.810000000000000053e+00
1.655083223445507288e+09	2.883100000000000094e-04	2.324600000000000156e-06	-6.040250000000000105e-07	-5.995419999999999961e-09	1.048474930000000086e+03	1.810000000000000053e+00
1.655083225060168505e+09	2.881310000000000099e-04	2.384199999999999975e-06	-6.040250000000000105e-07	-5.995419999999999961e-09	1.048457130000000006e+03	1.810000000000000053e+00
1.655083226672181129e+09	2.881310000000000099e-04	2.324600000000000156e-06	-6.040250000000000105e-07	-5.937209999999999601e-09	1.048435130000000072e+03	1.810000000000000053e+00
1.655083228276025534e+09	2.880119999999999794e-04	2.324600000000000156e-06	-6.040250000000000105e-07	-6.053630000000000322e-09	1.048402810000000045e+03	1.810000000000000053e+00
1.655083229886295080e+09	2.878919999999999873e-04	2.264990000000000061e-06	-6.040250000000000105e-07	-5.995419999999999961e-09	1.048384019999999964e+03	1.810000000000000053e+00
1.655083231498962164e+09	2.878329999999999799e-04	2.324600000000000156e-06	-6.040250000000000105e-07	-5.995419999999999961e-09	1.048354610000000093e+03	1.810000000000000053e+00
1.655083233103041172e+09	2.877730000000000110e-04	2.324600000000000156e-06	-6.040250000000000105e-07	-5.937209999999999601e-09	1.048343239999999923e+03	1.810000000000000053e+00
1.655083239731999397e+09	2.873560000000000047e-04	2.264990000000000061e-06	-6.039659999999999701e-07	-5.995419999999999961e-09	1.048227529999999888e+03	1.820000000000000062e+00
1.655083241340002537e+09	2.872959999999999815e-04	2.264990000000000061e-06	-6.040250000000000105e-07	-5.995419999999999961e-09	1.048209970000000112e+03	1.820000000000000062e+00
1.655083242950482845e+09	2.872369999999999741e-04	2.264990000000000061e-06	-6.040250000000000105e-07	-5.937209999999999601e-09	1.048164070000000038e+03	1.820000000000000062e+00
1.655083244570181131e+09	2.870579999999999746e-04	2.324600000000000156e-06	-6.040250000000000105e-07	-5.995419999999999961e-09	1.048137279999999919e+03	1.820000000000000062e+00
1.655083246187630415e+09	2.869389999999999983e-04	2.324600000000000156e-06	-6.040250000000000105e-07	-5.995419999999999961e-09	1.048126659999999902e+03	1.820000000000000062e+00
1.655083247803262711e+09	2.868789999999999752e-04	2.324600000000000156e-06	-6.039659999999999701e-07	-6.053630000000000322e-09	1.048090400000000045e+03	1.820000000000000062e+00
1.655083249420002460e+09	2.868190000000000062e-04	2.384199999999999975e-06	-6.040250000000000105e-07	-5.995419999999999961e-09	1.048069009999999935e+03	1.820000000000000062e+00
1.655083251026291609e+09	2.867599999999999988e-04	2.264990000000000061e-06	-6.040250000000000105e-07	-5.995419999999999961e-09	1.048051870000000008e+03	1.820000000000000062e+00
1.655083252651962996e+09	2.866999999999999757e-04	2.264990000000000061e-06	-6.039659999999999701e-07	-5.995419999999999961e-09	1.048040520000000015e+03	1.820000000000000062e+00
1.655083254261543751e+09	2.866410000000000225e-04	2.324600000000000156e-06	-6.040250000000000105e-07	-5.937209999999999601e-09	1.047984670000000051e+03	1.820000000000000062e+00
1.655083260897951841e+09	2.862830000000000236e-04	2.264990000000000061e-06	-6.040250000000000105e-07	-5.995419999999999961e-09	1.047921610000000101e+03	1.830000000000000071e+00
1.655083262510963202e+09	2.861639999999999930e-04	2.264990000000000061e-06	-6.040250000000000105e-07	-5.995419999999999961e-09	1.047881530000000112e+03	1.830000000000000071e+00
1.655083264125175714e+09	2.860450000000000167e-04	2.264990000000000061e-06	-6.040250000000000105e-07	-5.995419999999999961e-09	1.047849240000000009e+03	1.830000000000000071e+00
1.655083265733747721e+09	2.859250000000000246e-04	2.324600000000000156e-06	-6.040250000000000105e-07	-5.995419999999999961e-09	1.047836170000000038e+03	1.830000000000000071e+00
1.655083267337982178e+09	2.858660000000000172e-04	2.324600000000000156e-06	-6.040250000000000105e-07	-5.937209999999999601e-09	1.047810539999999946e+03	1.830000000000000071e+00
1.655083268952025652e+09	2.857469999999999867e-04	2.264990000000000061e-06	-6.040250000000000105e-07	-6.053630000000000322e-09	1.047773210000000063e+03	1.830000000000000071e+00
1.655083270566428423e+09	2.857469999999999867e-04	2.264990000000000061e-06	-6.040250000000000105e-07	-5.995419999999999961e-09	1.047749749999999949e+03	1.830000000000000071e+00
1.655083272187938929e+09	2.856269999999999946e-04	2.264990000000000061e-06	-6.040250000000000105e-07	-5.995419999999999961e-09	1.047726899999999887e+03	1.830000000000000071e+00
1.655083273803294182e+09	2.855679999999999872e-04	2.264990000000000061e-06	-6.040250000000000105e-07	-5.995419999999999961e-09	1.047704340000000002e+03	1.830000000000000071e+00
1.655083275414300680e+09	2.855080000000000183e-04	2.324600000000000156e-06	-6.040250000000000105e-07	-6.053630000000000322e-09	1.047683230000000094e+03	1.830000000000000071e+00
1.655083282051515341e+09	2.850910000000000119e-04	2.264990000000000061e-06	-6.040250000000000105e-07	-5.995419999999999961e-09	1.047576080000000047e+03	1.840000000000000080e+00
1.655083283657057047e+09	2.849719999999999814e-04	2.324600000000000156e-06	-6.040250000000000105e-07	-5.995419999999999961e-09	1.047557980000000043e+03	1.840000000000000080e+00
1.655083285273629665e+09	2.849120000000000125e-04	2.264990000000000061e-06	-6.040250000000000105e-07	-6.053630000000000322e-09	1.047535260000000108e+03	1.840000000000000080e+00
1.655083286883121014e+09	2.847929999999999819e-04	2.264990000000000061e-06	-6.040250000000000105e-07	-5.937209999999999601e-09	1.047507110000000011e+03	1.840000000000000080e+00
1.655083288496197462e+09	2.847929999999999819e-04	2.264990000000000061e-06	-6.040250000000000105e-07	-6.053630000000000322e-09	1.047478579999999965e+03	1.840000000000000080e+00
1.655083290111021996e+09	2.846139999999999825e-04	2.205389999999999818e-06	-6.040250000000000105e-07	-5.995419999999999961e-09	1.047471129999999903e+03	1.840000000000000080e+00
1.655083291729839087e+09	2.846139999999999825e-04	2.324600000000000156e-06	-6.040250000000000105e-07	-5.995419999999999961e-09	1.047444790000000012e+03	1.840000000000000080e+00
1.655083293350964069e+09	2.844950000000000061e-04	2.324600000000000156e-06	-6.040250000000000105e-07	-5.995419999999999961e-09	1.047410360000000082e+03	1.840000000000000080e+00
1.655083294957523823e+09	2.844349999999999830e-04	2.264990000000000061e-06	-6.040250000000000105e-07	-6.053630000000000322e-09	1.047390799999999899e+03	1.840000000000000080e+00
1.655083296563078880e+09	2.843160000000000067e-04	2.264990000000000061e-06	-6.040250000000000105e-07	-6.053630000000000322e-09	1.047373759999999947e+03	1.840000000000000080e+00
1.655083303178113699e+09	2.839580000000000077e-04	2.264990000000000061e-06	-6.039659999999999701e-07	-5.937209999999999601e-09	1.047271070000000009e+03	1.850000000000000089e+00
1.655083304791963816e+09	2.839580000000000077e-04	2.264990000000000061e-06	-6.040250000000000105e-07	-6.053630000000000322e-09	1.047230250000000069e+03	1.850000000000000089e+00
1.655083306403874397e+09	2.838389999999999772e-04	2.264990000000000061e-06	-6.040250000000000105e-07	-5.937209999999999601e-09	1.047217669999999998e+03	1.850000000000000089e+00
1.655083308009179831e+09	2.837800000000000240e-04	2.264990000000000061e-06	-6.040250000000000105e-07	-5.995419999999999961e-09	1.047192109999999957e+03	1.850000000000000089e+00
1.655083309614475012e+09	2.837200000000000008e-04	2.324600000000000156e-06	-6.040250000000000105e-07	-5.995419999999999961e-09	1.047171070000000100e+03	1.850000000000000089e+00
1.655083311218962669e+09	2.835410000000000014e-04	2.264990000000000061e-06	-6.040250000000000105e-07	-5.995419999999999961e-09	1.047133499999999913e+03	1.850000000000000089e+00
1.655083312827394485e+09	2.834819999999999940e-04	2.264990000000000061e-06	-6.040250000000000105e-07	-5.995419999999999961e-09	1.047137789999999995e+03	1.850000000000000089e+00
1.655083314439076662e+09	2.833620000000000019e-04	2.324600000000000156e-06	-6.040250000000000105e-07	-5.995419999999999961e-09	1.047101200000000063e+03	1.850000000000000089e+00
1.655083316047001362e+09	2.833029999999999945e-04	2.264990000000000061e-06	-6.040250000000000105e-07	-5.995419999999999961e-09	1.047081120000000055e+03	1.850000000000000089e+00
1.655083317655315161e+09	2.832430000000000256e-04	2.264990000000000061e-06	-6.040250000000000105e-07	-5.995419999999999961e-09	1.047054120000000012e+03	1.850000000000000089e+00
1.655083324292189837e+09	2.828260000000000192e-04	2.205389999999999818e-06	-6.040250000000000105e-07	-5.995419999999999961e-09	1.046961909999999989e+03	1.860000000000000098e+00
1.655083325900962830e+09	2.827659999999999961e-04	2.264990000000000061e-06	-6.040250000000000105e-07	-5.995419999999999961e-09	1.046921139999999923e+03	1.860000000000000098e+00
1.655083327518963814e+09	2.826470000000000198e-04	2.264990000000000061e-06	-6.040250000000000105e-07	-5.937209999999999601e-09	1.046887130000000070e+03	1.860000000000000098e+00
1.655083329131513357e+09	2.826470000000000198e-04	2.205389999999999818e-06	-6.040250000000000105e-07	-5.937209999999999601e-09	1.046878079999999954e+03	1.860000000000000098e+00
1.655083330745287418e+09	2.825279999999999892e-04	2.264990000000000061e-06	-6.040250000000000105e-07	-5.995419999999999961e-09	1.046866500000000087e+03	1.860000000000000098e+00
1.655083332352048159e+09	2.824090000000000129e-04	2.264990000000000061e-06	-6.039659999999999701e-07	-5.937209999999999601e-09	1.046821850000000040e+03	1.860000000000000098e+00
1.655083333961966991e+09	2.823489999999999897e-04	2.324600000000000156e-06	-6.040250000000000105e-07	-5.937209999999999601e-09	1.046815939999999955e+03	1.860000000000000098e+00
1.655083335579464436e+09	2.822300000000000134e-04	2.324600000000000156e-06	-6.040250000000000105e-07	-6.053630000000000322e-09	1.046792779999999993e+03	1.860000000000000098e+00
1.655083337196964979e+09	2.821699999999999903e-04	2.264990000000000061e-06	-6.040250000000000105e-07	-6.053630000000000322e-09	1.046753459999999905e+03	1.860000000000000098e+00
1.655083338805819035e+09	2.821109999999999829e-04	2.324600000000000156e-06	-6.040250000000000105e-07	-5.995419999999999961e-09	1.046738470000000007e+03	1.860000000000000098e+00
1.655083345431964636e+09	2.816930000000000150e-04	2.324600000000000156e-06	-6.040250000000000105e-07	-5.995419999999999961e-09	1.046662229999999909e+03	1.870000000000000107e+00
1.655083347037005901e+09	2.816340000000000076e-04	2.264990000000000061e-06	-6.040250000000000105e-07	-5.937209999999999601e-09	1.046616980000000012e+03	1.870000000000000107e+00
1.655083348645367861e+09	2.815739999999999845e-04	2.264990000000000061e-06	-6.040250000000000105e-07	-5.937209999999999601e-09	1.046586530000000039e+03	1.870000000000000107e+00
1.655083350249963284e+09	2.815149999999999771e-04	2.264990000000000061e-06	-6.040250000000000105e-07	-5.995419999999999961e-09	1.046581539999999904e+03	1.870000000000000107e+00
1.655083351857481956e+09	2.813949999999999850e-04	2.264990000000000061e-06	-6.040250000000000105e-07	-5.937209999999999601e-09	1.046548270000000002e+03	1.870000000000000107e+00
1.655083353478390932e+09	2.812760000000000087e-04	2.205389999999999818e-06	-6.040250000000000105e-07	-5.995419999999999961e-09	1.046518579999999929e+03	1.870000000000000107e+00
1.655083355087002993e+09	2.812170000000000013e-04	2.264990000000000061e-06	-6.040250000000000105e-07	-6.053630000000000322e-09	1.046486390000000029e+03	1.870000000000000107e+00
1.655083356700962782e+09	2.812170000000000013e-04	2.264990000000000061e-06	-6.040250000000000105e-07	-5.937209999999999601e-09	1.046486820000000080e+03	1.870000000000000107e+00
1.655083358321479082e+09	2.810380000000000018e-04	2.324600000000000156e-06	-6.040250000000000105e-07	-5.995419999999999961e-09	1.046455009999999902e+03	1.870000000000000107e+00
1.655083359927426338e+09	2.809779999999999786e-04	2.264990000000000061e-06	-6.040250000000000105e-07	-5.995419999999999961e-09	1.046441550000000007e+03	1.870000000000000107e+00
1.655083366544362068e+09	2.806209999999999954e-04	2.264990000000000061e-06	-6.040250000000000105e-07	-5.995419999999999961e-09	1.046343399999999974e+03	1.880000000000000115e+00
1.655083368151967049e+09	2.805610000000000265e-04	2.324600000000000156e-06	-6.040250000000000105e-07	-5.995419999999999961e-09	1.046320469999999887e+03	1.880000000000000115e+00
1.655083369770963907e+09	2.805010000000000034e-04	2.264990000000000061e-06	-6.040250000000000105e-07	-5.995419999999999961e-09	1.046274220000000014e+03	1.880000000000000115e+00
1.655083371378962278e+09	2.803820000000000270e-04	2.264990000000000061e-06	-6.040250000000000105e-07	-5.995419999999999961e-09	1.046266489999999976e+03	1.880000000000000115e+00
1.655083372981444120e+09	2.802629999999999965e-04	2.264990000000000061e-06	-6.040250000000000105e-07	-5.995419999999999961e-09	1.046250890000000027e+03	1.880000000000000115e+00
1.655083374595124006e+09	2.802029999999999734e-04	2.264990000000000061e-06	-6.040250000000000105e-07	-5.995419999999999961e-09	1.046220870000000104e+03	1.880000000000000115e+00
1.655083376202034235e+09	2.801440000000000202e-04	2.264990000000000061e-06	-6.040250000000000105e-07	-5.937209999999999601e-09	1.046191450000000032e+03	1.880000000000000115e+00
1.655083377810179234e+09	2.800239999999999739e-04	2.264990000000000061e-06	-6.039659999999999701e-07	-5.995419999999999961e-09	1.046181139999999914e+03	1.880000000000000115e+00
1.655083379426976204e+09	2.799650000000000207e-04	2.264990000000000061e-06	-6.040250000000000105e-07	-5.995419999999999961e-09	1.046145009999999957e+03	1.880000000000000115e+00
1.655083381033038139e+09	2.799049999999999976e-04	2.264990000000000061e-06	-6.040250000000000105e-07	-5.995419999999999961e-09	1.046125320000000102e+03	1.880000000000000115e+00
1.655083387649907351e+09	2.795480000000000144e-04	2.264990000000000061e-06	-6.040250000000000105e-07	-5.995419999999999961e-09	1.046039770000000090e+03	1.890000000000000124e+00
1.655083389262423277e+09	2.793690000000000149e-04	2.205389999999999818e-06	-6.040250000000000105e-07	-5.995419999999999961e-09	1.046005229999999983e+03	1.890000000000000124e+00
1.655083390872338295e+09	2.793690000000000149e-04	2.264990000000000061e-06	-6.040250000000000105e-07	-5.995419999999999961e-09	1.045990320000000111e+03	1.890000000000000124e+00
1.655083392495625496e+09	2.793089999999999917e-04	2.205389999999999818e-06	-6.040250000000000105e-07	-5.995419999999999961e-09	1.045959630000000061e+03	1.890000000000000124e+00
1.655083394109848261e+09	2.791900000000000154e-04	2.264990000000000061e-06	-6.040250000000000105e-07	-5.995419999999999961e-09	1.045938010000000077e+03	1.890000000000000124e+00
1.655083395715532541e+09	2.791299999999999923e-04	2.264990000000000061e-06	-6.040250000000000105e-07	-6.053630000000000322e-09	1.045898940000000039e+03	1.890000000000000124e+00
1.655083397322053194e+09	2.790110000000000159e-04	2.264990000000000061e-06	-6.040250000000000105e-07	-5.995419999999999961e-09	1.045883360000000039e+03	1.890000000000000124e+00
1.655083398934423923e+09	2.789520000000000085e-04	2.264990000000000061e-06	-6.040250000000000105e-07	-5.937209999999999601e-09	1.045865000000000009e+03	1.890000000000000124e+00
1.655083400536988735e+09	2.788919999999999854e-04	2.264990000000000061e-06	-6.040250000000000105e-07	-5.937209999999999601e-09	1.045827719999999999e+03	1.890000000000000124e+00
1.655083402144354343e+09	2.787730000000000091e-04	2.205389999999999818e-06	-6.040250000000000105e-07	-5.937209999999999601e-09	1.045819150000000036e+03	1.890000000000000124e+00
1.655083408787276268e+09	2.784749999999999791e-04	2.264990000000000061e-06	-6.040250000000000105e-07	-5.995419999999999961e-09	1.045722649999999931e+03	1.900000000000000133e+00
1.655083410397952080e+09	2.783560000000000027e-04	2.264990000000000061e-06	-6.040250000000000105e-07	-5.937209999999999601e-09	1.045692720000000008e+03	1.900000000000000133e+00
1.655083412002038002e+09	2.782959999999999796e-04	2.264990000000000061e-06	-6.040250000000000105e-07	-5.995419999999999961e-09	1.045664050000000088e+03	1.900000000000000133e+00
1.655083413606722355e+09	2.781770000000000033e-04	2.205389999999999818e-06	-6.040250000000000105e-07	-5.937209999999999601e-09	1.045646529999999984e+03	1.900000000000000133e+00
1.655083415207113028e+09	2.781770000000000033e-04	2.264990000000000061e-06	-6.040250000000000105e-07	-5.937209999999999601e-09	1.045637529999999970e+03	1.900000000000000133e+00
1.655083416829871178e+09	2.780580000000000269e-04	2.145780000000000147e-06	-6.040250000000000105e-07	-6.053630000000000322e-09	1.045617639999999938e+03	1.900000000000000133e+00
1.655083418433131218e+09	2.779379999999999806e-04	2.205389999999999818e-06	-6.040250000000000105e-07	-5.995419999999999961e-09	1.045589330000000018e+03	1.900000000000000133e+00
1.655083420037952185e+09	2.778789999999999732e-04	2.264990000000000061e-06	-6.040250000000000105e-07	-5.995419999999999961e-09	1.045573349999999891e+03	1.900000000000000133e+00
1.655083421652811050e+09	2.778789999999999732e-04	2.264990000000000061e-06	-6.040250000000000105e-07	-5.995419999999999961e-09	1.045544849999999997e+03	1.900000000000000133e+00
1.655083423265552044e+09	2.777599999999999969e-04	2.264990000000000061e-06	-6.040250000000000105e-07	-5.995419999999999961e-09	1.045517910000000029e+03	1.900000000000000133e+00
1.655083429897053003e+09	2.773419999999999748e-04	2.264990000000000061e-06	-6.040250000000000105e-07	-5.995419999999999961e-09	1.045412569999999960e+03	1.910000000000000142e+00
1.655083431519838095e+09	2.773419999999999748e-04	2.205389999999999818e-06	-6.040250000000000105e-07	-6.053630000000000322e-09	1.045398470000000088e+03	1.910000000000000142e+00
1.655083433132129908e+09	2.772229999999999985e-04	2.264990000000000061e-06	-6.040250000000000105e-07	-5.995419999999999961e-09	1.045383270000000039e+03	1.910000000000000142e+00
1.655083434738963604e+09	2.771040000000000222e-04	2.264990000000000061e-06	-6.040250000000000105e-07	-6.053630000000000322e-09	1.045353339999999889e+03	1.910000000000000142e+00
1.655083436354485512e+09	2.771040000000000222e-04	2.264990000000000061e-06	-6.040250000000000105e-07	-5.937209999999999601e-09	1.045328569999999900e+03	1.910000000000000142e+00
1.655083437962185383e+09	2.769849999999999916e-04	2.205389999999999818e-06	-6.040250000000000105e-07	-5.995419999999999961e-09	1.045314730000000054e+03	1.910000000000000142e+00
1.655083439579842567e+09	2.769250000000000227e-04	2.145780000000000147e-06	-6.040250000000000105e-07	-5.937209999999999601e-09	1.045284049999999979e+03	1.910000000000000142e+00
1.655083441198947430e+09	2.767460000000000232e-04	2.145780000000000147e-06	-6.040250000000000105e-07	-5.995419999999999961e-09	1.045266190000000051e+03	1.910000000000000142e+00
1.655083442803963661e+09	2.766870000000000158e-04	2.264990000000000061e-06	-6.040250000000000105e-07	-5.995419999999999961e-09	1.045234429999999975e+03	1.910000000000000142e+00
1.655083444407684565e+09	2.765670000000000238e-04	2.145780000000000147e-06	-6.040250000000000105e-07	-5.995419999999999961e-09	1.045199239999999918e+03	1.910000000000000142e+00
1.655083451019777775e+09	2.762689999999999937e-04	2.205389999999999818e-06	-6.040250000000000105e-07	-5.995419999999999961e-09	1.045131519999999909e+03	1.919999999999999929e+00
1.655083452640963316e+09	2.762099999999999863e-04	2.264990000000000061e-06	-6.040250000000000105e-07	-5.937209999999999601e-09	1.045098539999999957e+03	1.919999999999999929e+00
1.655083454246410608e+09	2.761500000000000174e-04	2.205389999999999818e-06	-6.040250000000000105e-07	-5.995419999999999961e-09	1.045088899999999967e+03	1.919999999999999929e+00
1.655083455860963106e+09	2.759710000000000179e-04	2.145780000000000147e-06	-6.040250000000000105e-07	-5.995419999999999961e-09	1.045062290000000075e+03	1.919999999999999929e+00
1.655083457472119808e+09	2.759710000000000179e-04	2.205389999999999818e-06	-6.040250000000000105e-07	-5.937209999999999601e-09	1.045028119999999944e+03	1.919999999999999929e+00
1.655083459085638762e+09	2.758519999999999874e-04	2.205389999999999818e-06	-6.040250000000000105e-07	-6.053630000000000322e-09	1.044999630000000025e+03	1.919999999999999929e+00
1.655083460696319580e+09	2.757929999999999800e-04	2.145780000000000147e-06	-6.040250000000000105e-07	-5.995419999999999961e-09	1.044978980000000092e+03	1.919999999999999929e+00
1.655083462314300299e+09	2.757330000000000111e-04	2.205389999999999818e-06	-6.040250000000000105e-07	-5.995419999999999961e-09	1.044959039999999959e+03	1.919999999999999929e+00
1.655083463920963049e+09	2.756139999999999805e-04	2.205389999999999818e-06	-6.040250000000000105e-07	-5.995419999999999961e-09	1.044944449999999961e+03	1.919999999999999929e+00
1.655083465525187492e+09	2.755540000000000116e-04	2.264990000000000061e-06	-6.040250000000000105e-07	-5.995419999999999961e-09	1.044919129999999996e+03	1.919999999999999929e+00
1.655083472160867929e+09	2.751969999999999742e-04	2.264990000000000061e-06	-6.040250000000000105e-07	-5.937209999999999601e-09	1.044811560000000100e+03	1.929999999999999938e+00
1.655083473773336649e+09	2.751370000000000053e-04	2.205389999999999818e-06	-6.040250000000000105e-07	-5.995419999999999961e-09	1.044793300000000045e+03	1.929999999999999938e+00
1.655083475393387556e+09	2.750179999999999747e-04	2.205389999999999818e-06	-6.040250000000000105e-07	-5.937209999999999601e-09	1.044770310000000109e+03	1.929999999999999938e+00
1.655083476998728752e+09	2.749580000000000058e-04	2.205389999999999818e-06	-6.040250000000000105e-07	-5.937209999999999601e-09	1.044764329999999973e+03	1.929999999999999938e+00
1.655083478608303785e+09	2.748979999999999826e-04	2.264990000000000061e-06	-6.040250000000000105e-07	-5.995419999999999961e-09	1.044730549999999994e+03	1.929999999999999938e+00
1.655083480220824242e+09	2.748389999999999752e-04	2.264990000000000061e-06	-6.040250000000000105e-07	-5.995419999999999961e-09	1.044712929999999915e+03	1.929999999999999938e+00
1.655083481842054129e+09	2.747199999999999989e-04	2.205389999999999818e-06	-6.040250000000000105e-07	-5.937209999999999601e-09	1.044688480000000027e+03	1.929999999999999938e+00
1.655083483454817533e+09	2.746000000000000068e-04	2.264990000000000061e-06	-6.040250000000000105e-07	-5.995419999999999961e-09	1.044669740000000047e+03	1.929999999999999938e+00
1.655083485069958687e+09	2.745409999999999994e-04	2.205389999999999818e-06	-6.040250000000000105e-07	-5.995419999999999961e-09	1.044655549999999948e+03	1.929999999999999938e+00
1.655083486690230131e+09	2.744809999999999763e-04	2.264990000000000061e-06	-6.040250000000000105e-07	-5.937209999999999601e-09	1.044617760000000089e+03	1.929999999999999938e+00
1.655083493303139925e+09	2.741830000000000005e-04	2.205389999999999818e-06	-6.040250000000000105e-07	-5.995419999999999961e-09	1.044526409999999942e+03	1.939999999999999947e+00
1.655083494903785944e+09	2.740040000000000010e-04	2.205389999999999818e-06	-6.040250000000000105e-07	-5.995419999999999961e-09	1.044503380000000107e+03	1.939999999999999947e+00
1.655083496512976408e+09	2.740040000000000010e-04	2.145780000000000147e-06	-6.040250000000000105e-07	-5.995419999999999961e-09	1.044475349999999935e+03	1.939999999999999947e+00
1.655083498117831945e+09	2.738850000000000247e-04	2.264990000000000061e-06	-6.040250000000000105e-07	-6.053630000000000322e-09	1.044448399999999992e+03	1.939999999999999947e+00
1.655083499735877037e+09	2.738260000000000173e-04	2.145780000000000147e-06	-6.040250000000000105e-07	-5.995419999999999961e-09	1.044443580000000111e+03	1.939999999999999947e+00
1.655083501357998371e+09	2.737659999999999942e-04	2.145780000000000147e-06	-6.040250000000000105e-07	-5.995419999999999961e-09	1.044408550000000105e+03	1.939999999999999947e+00
1.655083502957663774e+09	2.737060000000000252e-04	2.145780000000000147e-06	-6.040250000000000105e-07	-5.995419999999999961e-09	1.044387230000000045e+03	1.939999999999999947e+00
1.655083504574354649e+09	2.735869999999999947e-04	2.264990000000000061e-06	-6.040250000000000105e-07	-5.937209999999999601e-09	1.044359510000000000e+03	1.939999999999999947e+00
1.655083506174406767e+09	2.734680000000000184e-04	2.145780000000000147e-06	-6.040250000000000105e-07	-6.053630000000000322e-09	1.044361670000000004e+03	1.939999999999999947e+00
1.655083507789781332e+09	2.734680000000000184e-04	2.145780000000000147e-06	-6.040250000000000105e-07	-5.995419999999999961e-09	1.044303000000000111e+03	1.939999999999999947e+00
1.655083514425196648e+09	2.731100000000000194e-04	2.264990000000000061e-06	-6.040250000000000105e-07	-5.995419999999999961e-09	1.044236660000000029e+03	1.949999999999999956e+00
1.655083516045461655e+09	2.730510000000000120e-04	2.145780000000000147e-06	-6.040250000000000105e-07	-5.995419999999999961e-09	1.044207020000000057e+03	1.949999999999999956e+00
1.655083517658962727e+09	2.729909999999999889e-04	2.205389999999999818e-06	-6.040250000000000105e-07	-5.995419999999999961e-09	1.044191939999999931e+03	1.949999999999999956e+00
1.655083519271322727e+09	2.728119999999999894e-04	2.205389999999999818e-06	-6.040250000000000105e-07	-5.995419999999999961e-09	1.044158339999999953e+03	1.949999999999999956e+00
1.655083520880962849e+09	2.726930000000000131e-04	2.264990000000000061e-06	-6.040250000000000105e-07	-5.995419999999999961e-09	1.044131609999999910e+03	1.949999999999999956e+00
1.655083522483387947e+09	2.726340000000000057e-04	2.205389999999999818e-06	-6.040250000000000105e-07	-5.995419999999999961e-09	1.044127120000000104e+03	1.949999999999999956e+00
1.655083524093813419e+09	2.725739999999999825e-04	2.205389999999999818e-06	-6.040250000000000105e-07	-5.937209999999999601e-09	1.044096209999999928e+03	1.949999999999999956e+00
1.655083525698962927e+09	2.725739999999999825e-04	2.145780000000000147e-06	-6.040250000000000105e-07	-5.995419999999999961e-09	1.044089420000000018e+03	1.949999999999999956e+00
1.655083527303462982e+09	2.725140000000000136e-04	2.264990000000000061e-06	-6.040250000000000105e-07	-5.937209999999999601e-09	1.044056669999999940e+03	1.949999999999999956e+00
1.655083528910147429e+09	2.723350000000000141e-04	2.264990000000000061e-06	-6.040250000000000105e-07	-5.995419999999999961e-09	1.044036170000000084e+03	1.949999999999999956e+00
1.655083535545977354e+09	2.720970000000000073e-04	2.145780000000000147e-06	-6.040250000000000105e-07	-5.937209999999999601e-09	1.043942360000000008e+03	1.959999999999999964e+00
1.655083537150962114e+09	2.719180000000000078e-04	2.145780000000000147e-06	-6.039659999999999701e-07	-5.995419999999999961e-09	1.043909180000000106e+03	1.959999999999999964e+00
1.655083538759840965e+09	2.718590000000000004e-04	2.145780000000000147e-06	-6.040250000000000105e-07	-5.995419999999999961e-09	1.043887249999999995e+03	1.959999999999999964e+00
1.655083540366516113e+09	2.717989999999999772e-04	2.205389999999999818e-06	-6.040250000000000105e-07	-5.995419999999999961e-09	1.043862300000000005e+03	1.959999999999999964e+00
1.655083541980963230e+09	2.717390000000000083e-04	2.264990000000000061e-06	-6.040250000000000105e-07	-6.053630000000000322e-09	1.043860539999999901e+03	1.959999999999999964e+00
1.655083543595322371e+09	2.715610000000000246e-04	2.205389999999999818e-06	-6.040250000000000105e-07	-5.995419999999999961e-09	1.043824249999999893e+03	1.959999999999999964e+00
1.655083545205047369e+09	2.715610000000000246e-04	2.205389999999999818e-06	-6.040250000000000105e-07	-5.937209999999999601e-09	1.043815679999999929e+03	1.959999999999999964e+00
1.655083546824035406e+09	2.714409999999999783e-04	2.264990000000000061e-06	-6.040250000000000105e-07	-5.995419999999999961e-09	1.043782650000000103e+03	1.959999999999999964e+00
1.655083548428963661e+09	2.714409999999999783e-04	2.264990000000000061e-06	-6.040250000000000105e-07	-5.995419999999999961e-09	1.043751739999999927e+03	1.959999999999999964e+00
1.655083550035446644e+09	2.713820000000000251e-04	2.205389999999999818e-06	-6.040250000000000105e-07	-5.937209999999999601e-09	1.043738290000000006e+03	1.959999999999999964e+00
1.655083556664829254e+09	2.709650000000000188e-04	2.205389999999999818e-06	-6.040250000000000105e-07	-5.995419999999999961e-09	1.043636140000000069e+03	1.969999999999999973e+00
1.655083558269850254e+09	2.709650000000000188e-04	2.205389999999999818e-06	-6.040250000000000105e-07	-5.937209999999999601e-09	1.043615350000000035e+03	1.969999999999999973e+00
1.655083559884185314e+09	2.708450000000000267e-04	2.205389999999999818e-06	-6.040250000000000105e-07	-5.995419999999999961e-09	1.043605009999999993e+03	1.969999999999999973e+00
1.655083561497663021e+09	2.707860000000000193e-04	2.205389999999999818e-06	-6.040250000000000105e-07	-5.995419999999999961e-09	1.043593599999999924e+03	1.969999999999999973e+00
1.655083563107974291e+09	2.706669999999999888e-04	2.145780000000000147e-06	-6.040250000000000105e-07	-5.995419999999999961e-09	1.043551449999999932e+03	1.969999999999999973e+00
1.655083564722977638e+09	2.706070000000000198e-04	2.205389999999999818e-06	-6.040250000000000105e-07	-5.937209999999999601e-09	1.043537910000000011e+03	1.969999999999999973e+00
1.655083566338962317e+09	2.704879999999999893e-04	2.145780000000000147e-06	-6.040250000000000105e-07	-5.995419999999999961e-09	1.043507020000000011e+03	1.969999999999999973e+00
1.655083567952051401e+09	2.704280000000000204e-04	2.205389999999999818e-06	-6.040250000000000105e-07	-5.995419999999999961e-09	1.043514490000000023e+03	1.969999999999999973e+00
1.655083569558962345e+09	2.703089999999999898e-04	2.145780000000000147e-06	-6.040250000000000105e-07	-6.053630000000000322e-09	1.043463770000000068e+03	1.969999999999999973e+00
1.655083571168123245e+09	2.703089999999999898e-04	2.145780000000000147e-06	-6.040250000000000105e-07	-5.937209999999999601e-09	1.043461229999999887e+03	1.969999999999999973e+00
1.655083577803354979e+09	2.700110000000000140e-04	2.205389999999999818e-06	-6.040250000000000105e-07	-5.995419999999999961e-09	1.043367130000000088e+03	1.979999999999999982e+00
1.655083579414349318e+09	2.698919999999999835e-04	2.264990000000000061e-06	-6.040250000000000105e-07	-5.995419999999999961e-09	1.043335990000000038e+03	1.979999999999999982e+00
1.655083581026250601e+09	2.697719999999999914e-04	2.205389999999999818e-06	-6.040250000000000105e-07	-5.995419999999999961e-09	1.043305689999999913e+03	1.979999999999999982e+00
1.655083582637952328e+09	2.695940000000000077e-04	2.145780000000000147e-06	-6.040250000000000105e-07	-5.995419999999999961e-09	1.043296769999999924e+03	1.979999999999999982e+00
1.655083584245425463e+09	2.696530000000000151e-04	2.145780000000000147e-06	-6.040250000000000105e-07	-5.995419999999999961e-09	1.043274509999999964e+03	1.979999999999999982e+00
1.655083585857842445e+09	2.695339999999999845e-04	2.145780000000000147e-06	-6.040250000000000105e-07	-5.995419999999999961e-09	1.043264269999999897e+03	1.979999999999999982e+00
1.655083587469004393e+09	2.695339999999999845e-04	2.145780000000000147e-06	-6.040250000000000105e-07	-6.053630000000000322e-09	1.043252189999999928e+03	1.979999999999999982e+00
1.655083589091182709e+09	2.694150000000000082e-04	2.145780000000000147e-06	-6.040250000000000105e-07	-5.995419999999999961e-09	1.043203780000000052e+03	1.979999999999999982e+00
1.655083590706594706e+09	2.692360000000000087e-04	2.205389999999999818e-06	-6.040250000000000105e-07	-5.995419999999999961e-09	1.043191340000000082e+03	1.979999999999999982e+00
1.655083592310962677e+09	2.692959999999999777e-04	2.145780000000000147e-06	-6.040250000000000105e-07	-5.995419999999999961e-09	1.043159789999999930e+03	1.979999999999999982e+00
1.655083598938087702e+09	2.688780000000000098e-04	2.145780000000000147e-06	-6.040250000000000105e-07	-6.053630000000000322e-09	1.043078510000000051e+03	1.989999999999999991e+00
1.655083600563348532e+09	2.687589999999999793e-04	2.145780000000000147e-06	-6.040250000000000105e-07	-6.053630000000000322e-09	1.043072049999999990e+03	1.989999999999999991e+00
1.655083602170988321e+09	2.687589999999999793e-04	2.145780000000000147e-06	-6.040250000000000105e-07	-5.995419999999999961e-09	1.043037049999999908e+03	1.989999999999999991e+00
1.655083603789004803e+09	2.687000000000000261e-04	2.205389999999999818e-06	-6.040250000000000105e-07	-5.995419999999999961e-09	1.043017710000000079e+03	1.989999999999999991e+00
1.655083605394055128e+09	2.686400000000000029e-04	2.145780000000000147e-06	-6.040250000000000105e-07	-5.937209999999999601e-09	1.042983539999999948e+03	1.989999999999999991e+00
1.655083606997195721e+09	2.684610000000000034e-04	2.145780000000000147e-06	-6.040250000000000105e-07	-5.937209999999999601e-09	1.042961479999999938e+03	1.989999999999999991e+00
1.655083608600963354e+09	2.684019999999999961e-04	2.145780000000000147e-06	-6.040250000000000105e-07	-5.937209999999999601e-09	1.042939890000000105e+03	1.989999999999999991e+00
1.655083610218476295e+09	2.683419999999999729e-04	2.205389999999999818e-06	-6.040250000000000105e-07	-6.053630000000000322e-09	1.042920679999999948e+03	1.989999999999999991e+00
1.655083611827952385e+09	2.682820000000000040e-04	2.086179999999999904e-06	-6.040250000000000105e-07	-5.995419999999999961e-09	1.042881419999999935e+03	1.989999999999999991e+00
1.655083613433194160e+09	2.682820000000000040e-04	2.145780000000000147e-06	-6.040250000000000105e-07	-5.995419999999999961e-09	1.042873880000000099e+03	1.989999999999999991e+00
1.655083620054864407e+09	2.678649999999999976e-04	2.145780000000000147e-06	-6.040250000000000105e-07	-5.937209999999999601e-09	1.042789610000000039e+03	2.000000000000000000e+00
1.655083621659963369e+09	2.678059999999999902e-04	2.145780000000000147e-06	-6.040250000000000105e-07	-5.995419999999999961e-09	1.042774930000000040e+03	2.000000000000000000e+00
1.655083623271454096e+09	2.677460000000000213e-04	2.145780000000000147e-06	-6.040250000000000105e-07	-5.995419999999999961e-09	1.042748190000000022e+03	2.000000000000000000e+00
1.655083624887425900e+09	2.676269999999999908e-04	2.145780000000000147e-06	-6.040250000000000105e-07	-5.995419999999999961e-09	1.042720510000000104e+03	2.000000000000000000e+00
1.655083626497017145e+09	2.676269999999999908e-04	2.086179999999999904e-06	-6.040250000000000105e-07	-5.995419999999999961e-09	1.042694989999999962e+03	2.000000000000000000e+00
1.655083628104331255e+09	2.675080000000000144e-04	2.145780000000000147e-06	-6.040250000000000105e-07	-5.995419999999999961e-09	1.042693909999999960e+03	2.000000000000000000e+00
1.655083629715792894e+09	2.673290000000000150e-04	2.086179999999999904e-06	-6.040250000000000105e-07	-5.995419999999999961e-09	1.042655250000000024e+03	2.000000000000000000e+00
1.655083631328454733e+09	2.673290000000000150e-04	2.086179999999999904e-06	-6.040250000000000105e-07	-5.937209999999999601e-09	1.042638979999999947e+03	2.000000000000000000e+00
1.655083632938494682e+09	2.672689999999999918e-04	2.145780000000000147e-06	-6.040250000000000105e-07	-5.937209999999999601e-09	1.042618559999999889e+03	2.000000000000000000e+00
1.655083634564078093e+09	2.672090000000000229e-04	2.145780000000000147e-06	-6.040250000000000105e-07	-5.995419999999999961e-09	1.042606140000000096e+03	2.000000000000000000e+00
1.655083641188395977e+09	2.669109999999999929e-04	2.086179999999999904e-06	-6.040250000000000105e-07	-5.937209999999999601e-09	1.042504809999999907e+03	2.010000000000000231e+00
1.655083642804765940e+09	2.667920000000000165e-04	2.086179999999999904e-06	-6.040250000000000105e-07	-5.995419999999999961e-09	1.042492179999999962e+03	2.010000000000000231e+00
1.655083644422442436e+09	2.667330000000000092e-04	2.026569999999999809e-06	-6.040250000000000105e-07	-5.937209999999999601e-09	1.042473889999999983e+03	2.010000000000000231e+00
1.655083646029007196e+09	2.666130000000000171e-04	2.086179999999999904e-06	-6.040250000000000105e-07	-5.995419999999999961e-09	1.042443559999999934e+03	2.010000000000000231e+00
1.655083647635673046e+09	2.664939999999999865e-04	2.086179999999999904e-06	-6.040250000000000105e-07	-5.937209999999999601e-09	1.042422980000000052e+03	2.010000000000000231e+00
1.655083649252510548e+09	2.664349999999999791e-04	2.145780000000000147e-06	-6.040250000000000105e-07	-5.937209999999999601e-09	1.042389089999999896e+03	2.010000000000000231e+00
1.655083650875204086e+09	2.663750000000000102e-04	2.145780000000000147e-06	-6.040250000000000105e-07	-6.053630000000000322e-09	1.042385849999999891e+03	2.010000000000000231e+00
1.655083652488962650e+09	2.662559999999999797e-04	2.145780000000000147e-06	-6.040250000000000105e-07	-5.995419999999999961e-09	1.042350400000000036e+03	2.010000000000000231e+00
1.655083654096306801e+09	2.662559999999999797e-04	2.145780000000000147e-06	-6.040250000000000105e-07	-5.937209999999999601e-09	1.042322730000000092e+03	2.010000000000000231e+00
1.655083655705686808e+09	2.661960000000000107e-04	2.145780000000000147e-06	-6.040250000000000105e-07	-5.995419999999999961e-09	1.042315409999999929e+03	2.010000000000000231e+00
1.655083662346274614e+09	2.658389999999999733e-04	2.086179999999999904e-06	-6.040250000000000105e-07	-5.995419999999999961e-09	1.042227079999999887e+03	2.020000000000000018e+00
1.655083663965534449e+09	2.657790000000000044e-04	2.145780000000000147e-06	-6.040250000000000105e-07	-5.995419999999999961e-09	1.042222410000000082e+03	2.020000000000000018e+00
1.655083665584631205e+09	2.656599999999999739e-04	2.086179999999999904e-06	-6.040250000000000105e-07	-5.995419999999999961e-09	1.042174690000000055e+03	2.020000000000000018e+00
1.655083667203896523e+09	2.654809999999999744e-04	2.086179999999999904e-06	-6.040250000000000105e-07	-5.995419999999999961e-09	1.042165250000000015e+03	2.020000000000000018e+00
1.655083668817031384e+09	2.654809999999999744e-04	2.086179999999999904e-06	-6.040250000000000105e-07	-5.995419999999999961e-09	1.042136770000000070e+03	2.020000000000000018e+00
1.655083670429158926e+09	2.654210000000000054e-04	2.145780000000000147e-06	-6.040250000000000105e-07	-6.053630000000000322e-09	1.042119500000000016e+03	2.020000000000000018e+00
1.655083672035216093e+09	2.653619999999999981e-04	2.026569999999999809e-06	-6.040250000000000105e-07	-5.995419999999999961e-09	1.042100130000000036e+03	2.020000000000000018e+00
1.655083673642407656e+09	2.653019999999999749e-04	2.086179999999999904e-06	-6.040250000000000105e-07	-5.995419999999999961e-09	1.042068289999999934e+03	2.020000000000000018e+00
1.655083675253004551e+09	2.652430000000000217e-04	2.145780000000000147e-06	-6.040250000000000105e-07	-5.937209999999999601e-09	1.042062110000000075e+03	2.020000000000000018e+00
1.655083676865045547e+09	2.651229999999999754e-04	2.086179999999999904e-06	-6.040250000000000105e-07	-5.995419999999999961e-09	1.042055589999999938e+03	2.020000000000000018e+00
1.655083683486128092e+09	2.648249999999999996e-04	2.086179999999999904e-06	-6.040250000000000105e-07	-5.995419999999999961e-09	1.041957640000000083e+03	2.030000000000000249e+00
1.655083685103014946e+09	2.647659999999999922e-04	2.086179999999999904e-06	-6.040250000000000105e-07	-5.995419999999999961e-09	1.041932469999999967e+03	2.030000000000000249e+00
1.655083686720825911e+09	2.646460000000000002e-04	2.086179999999999904e-06	-6.040250000000000105e-07	-5.995419999999999961e-09	1.041898699999999963e+03	2.030000000000000249e+00
1.655083688328050137e+09	2.646460000000000002e-04	2.086179999999999904e-06	-6.040250000000000105e-07	-5.995419999999999961e-09	1.041883010000000013e+03	2.030000000000000249e+00
1.655083689949002981e+09	2.645270000000000238e-04	2.145780000000000147e-06	-6.040250000000000105e-07	-5.995419999999999961e-09	1.041871879999999919e+03	2.030000000000000249e+00
1.655083691557164431e+09	2.644680000000000164e-04	2.145780000000000147e-06	-6.040250000000000105e-07	-5.995419999999999961e-09	1.041841859999999997e+03	2.030000000000000249e+00
1.655083693169962406e+09	2.644079999999999933e-04	2.205389999999999818e-06	-6.040250000000000105e-07	-5.995419999999999961e-09	1.041804799999999886e+03	2.030000000000000249e+00
1.655083694779835224e+09	2.642890000000000170e-04	2.086179999999999904e-06	-6.040250000000000105e-07	-5.995419999999999961e-09	1.041805339999999887e+03	2.030000000000000249e+00
1.655083696398396969e+09	2.642289999999999938e-04	2.145780000000000147e-06	-6.040250000000000105e-07	-5.995419999999999961e-09	1.041786589999999933e+03	2.030000000000000249e+00
1.655083698004408360e+09	2.641699999999999864e-04	2.086179999999999904e-06	-6.040250000000000105e-07	-6.053630000000000322e-09	1.041759279999999990e+03	2.030000000000000249e+00
1.655083704623525858e+09	2.638119999999999875e-04	2.086179999999999904e-06	-6.040250000000000105e-07	-5.995419999999999961e-09	1.041669930000000022e+03	2.040000000000000036e+00
1.655083706237261295e+09	2.636930000000000112e-04	2.145780000000000147e-06	-6.040830000000000234e-07	-5.995419999999999961e-09	1.041653469999999970e+03	2.040000000000000036e+00
1.655083707837951899e+09	2.636930000000000112e-04	2.086179999999999904e-06	-6.040250000000000105e-07	-5.995419999999999961e-09	1.041624839999999949e+03	2.040000000000000036e+00
1.655083709457411289e+09	2.635739999999999806e-04	2.086179999999999904e-06	-6.040250000000000105e-07	-6.053630000000000322e-09	1.041602969999999914e+03	2.040000000000000036e+00
1.655083711069962978e+09	2.635140000000000117e-04	2.145780000000000147e-06	-6.040250000000000105e-07	-5.995419999999999961e-09	1.041582699999999932e+03	2.040000000000000036e+00
1.655083712673266649e+09	2.635140000000000117e-04	2.086179999999999904e-06	-6.040250000000000105e-07	-5.995419999999999961e-09	1.041552509999999984e+03	2.040000000000000036e+00
1.655083714298962593e+09	2.633350000000000122e-04	2.026569999999999809e-06	-6.040250000000000105e-07	-5.995419999999999961e-09	1.041533730000000105e+03	2.040000000000000036e+00
1.655083715907247305e+09	2.633350000000000122e-04	2.026569999999999809e-06	-6.040250000000000105e-07	-5.995419999999999961e-09	1.041528170000000046e+03	2.040000000000000036e+00
1.655083717527058840e+09	2.632159999999999817e-04	2.086179999999999904e-06	-6.040250000000000105e-07	-5.995419999999999961e-09	1.041507640000000038e+03	2.040000000000000036e+00
1.655083719150963306e+09	2.630970000000000053e-04	2.086179999999999904e-06	-6.040250000000000105e-07	-6.053630000000000322e-09	1.041474050000000034e+03	2.040000000000000036e+00
1.655083725781779051e+09	2.628579999999999827e-04	2.026569999999999809e-06	-6.040250000000000105e-07	-5.995419999999999961e-09	1.041401599999999917e+03	2.049999999999999822e+00
1.655083727398413897e+09	2.627390000000000064e-04	2.086179999999999904e-06	-6.040830000000000234e-07	-5.995419999999999961e-09	1.041374389999999948e+03	2.049999999999999822e+00
1.655083729007071972e+09	2.626199999999999759e-04	2.026569999999999809e-06	-6.040250000000000105e-07	-5.937209999999999601e-09	1.041359310000000050e+03	2.049999999999999822e+00
1.655083730622175455e+09	2.625600000000000069e-04	2.026569999999999809e-06	-6.040250000000000105e-07	-5.995419999999999961e-09	1.041336849999999913e+03	2.049999999999999822e+00
1.655083732224455833e+09	2.625009999999999995e-04	2.145780000000000147e-06	-6.040250000000000105e-07	-6.053630000000000322e-09	1.041304799999999886e+03	2.049999999999999822e+00
1.655083733841018438e+09	2.624409999999999764e-04	2.086179999999999904e-06	-6.040250000000000105e-07	-5.995419999999999961e-09	1.041287880000000087e+03	2.049999999999999822e+00
1.655083735450963259e+09	2.624409999999999764e-04	2.086179999999999904e-06	-6.040830000000000234e-07	-5.995419999999999961e-09	1.041256669999999986e+03	2.049999999999999822e+00
1.655083737058963299e+09	2.622619999999999769e-04	2.086179999999999904e-06	-6.040250000000000105e-07	-5.995419999999999961e-09	1.041250450000000001e+03	2.049999999999999822e+00
1.655083738673079252e+09	2.622030000000000237e-04	2.145780000000000147e-06	-6.040250000000000105e-07	-6.053630000000000322e-09	1.041224459999999908e+03	2.049999999999999822e+00
1.655083740284043312e+09	2.621430000000000006e-04	2.086179999999999904e-06	-6.040250000000000105e-07	-5.937209999999999601e-09	1.041211849999999913e+03	2.049999999999999822e+00
1.655083746926464558e+09	2.617850000000000016e-04	2.086179999999999904e-06	-6.040250000000000105e-07	-5.995419999999999961e-09	1.041107580000000098e+03	2.060000000000000053e+00
1.655083748543048620e+09	2.617259999999999942e-04	2.145780000000000147e-06	-6.040250000000000105e-07	-5.995419999999999961e-09	1.041084190000000035e+03	2.060000000000000053e+00
1.655083750148090601e+09	2.616660000000000253e-04	2.026569999999999809e-06	-6.040250000000000105e-07	-5.937209999999999601e-09	1.041073390000000018e+03	2.060000000000000053e+00
1.655083751758962154e+09	2.616070000000000179e-04	2.086179999999999904e-06	-6.040250000000000105e-07	-5.995419999999999961e-09	1.041060549999999921e+03	2.060000000000000053e+00
1.655083753374290705e+09	2.615469999999999948e-04	2.086179999999999904e-06	-6.040250000000000105e-07	-5.995419999999999961e-09	1.041042490000000043e+03	2.060000000000000053e+00
1.655083754980963469e+09	2.614280000000000184e-04	2.086179999999999904e-06	-6.040250000000000105e-07	-6.053630000000000322e-09	1.041024799999999914e+03	2.060000000000000053e+00
1.655083756590987444e+09	2.614280000000000184e-04	2.086179999999999904e-06	-6.040830000000000234e-07	-5.995419999999999961e-09	1.040992359999999962e+03	2.060000000000000053e+00
1.655083758209963322e+09	2.613089999999999879e-04	2.086179999999999904e-06	-6.040830000000000234e-07	-6.053630000000000322e-09	1.040998550000000023e+03	2.060000000000000053e+00
1.655083759820963383e+09	2.613089999999999879e-04	2.145780000000000147e-06	-6.040830000000000234e-07	-5.995419999999999961e-09	1.040957789999999932e+03	2.060000000000000053e+00
1.655083761428964615e+09	2.611299999999999884e-04	2.086179999999999904e-06	-6.040250000000000105e-07	-5.995419999999999961e-09	1.040933829999999944e+03	2.060000000000000053e+00
1.655083768056754589e+09	2.608320000000000126e-04	2.086179999999999904e-06	-6.040250000000000105e-07	-5.937209999999999601e-09	1.040850320000000011e+03	2.069999999999999840e+00
1.655083769664254189e+09	2.607719999999999895e-04	2.086179999999999904e-06	-6.040250000000000105e-07	-6.053630000000000322e-09	1.040830140000000029e+03	2.069999999999999840e+00
1.655083771272167444e+09	2.605929999999999900e-04	2.086179999999999904e-06	-6.040250000000000105e-07	-5.937209999999999601e-09	1.040796900000000051e+03	2.069999999999999840e+00
1.655083772888114452e+09	2.605929999999999900e-04	2.086179999999999904e-06	-6.040250000000000105e-07	-5.995419999999999961e-09	1.040771300000000110e+03	2.069999999999999840e+00
1.655083774500841379e+09	2.605339999999999826e-04	2.086179999999999904e-06	-6.040250000000000105e-07	-5.995419999999999961e-09	1.040759980000000041e+03	2.069999999999999840e+00
1.655083776117171288e+09	2.605339999999999826e-04	2.086179999999999904e-06	-6.040250000000000105e-07	-5.995419999999999961e-09	1.040735789999999952e+03	2.069999999999999840e+00
1.655083777725452900e+09	2.603549999999999831e-04	2.086179999999999904e-06	-6.040250000000000105e-07	-5.995419999999999961e-09	1.040730389999999943e+03	2.069999999999999840e+00
1.655083779339962959e+09	2.602950000000000142e-04	1.966969999999999990e-06	-6.040250000000000105e-07	-5.937209999999999601e-09	1.040713389999999890e+03	2.069999999999999840e+00
1.655083780957131147e+09	2.602950000000000142e-04	2.086179999999999904e-06	-6.040250000000000105e-07	-5.937209999999999601e-09	1.040689750000000004e+03	2.069999999999999840e+00
1.655083782564008951e+09	2.601759999999999837e-04	2.086179999999999904e-06	-6.040250000000000105e-07	-5.995419999999999961e-09	1.040674839999999904e+03	2.069999999999999840e+00
1.655083789183274031e+09	2.598780000000000079e-04	2.086179999999999904e-06	-6.040250000000000105e-07	-5.937209999999999601e-09	1.040583779999999933e+03	2.080000000000000071e+00
1.655083790800858974e+09	2.597589999999999773e-04	2.026569999999999809e-06	-6.040250000000000105e-07	-5.995419999999999961e-09	1.040569739999999911e+03	2.080000000000000071e+00
1.655083792420963526e+09	2.596990000000000084e-04	2.086179999999999904e-06	-6.040250000000000105e-07	-6.053630000000000322e-09	1.040526100000000042e+03	2.080000000000000071e+00
1.655083794038526773e+09	2.596400000000000010e-04	2.026569999999999809e-06	-6.040250000000000105e-07	-5.995419999999999961e-09	1.040512150000000020e+03	2.080000000000000071e+00
1.655083795651987314e+09	2.596400000000000010e-04	2.086179999999999904e-06	-6.040250000000000105e-07	-5.995419999999999961e-09	1.040497689999999920e+03	2.080000000000000071e+00
1.655083797258458376e+09	2.594610000000000015e-04	2.086179999999999904e-06	-6.040250000000000105e-07	-5.995419999999999961e-09	1.040470360000000028e+03	2.080000000000000071e+00
1.655083798885503054e+09	2.594009999999999784e-04	2.086179999999999904e-06	-6.040250000000000105e-07	-5.995419999999999961e-09	1.040450980000000072e+03	2.080000000000000071e+00
1.655083800497083187e+09	2.593420000000000252e-04	2.026569999999999809e-06	-6.040250000000000105e-07	-5.995419999999999961e-09	1.040426140000000032e+03	2.080000000000000071e+00
1.655083802115078688e+09	2.592820000000000021e-04	2.086179999999999904e-06	-6.040250000000000105e-07	-5.995419999999999961e-09	1.040429589999999962e+03	2.080000000000000071e+00
1.655083803732446194e+09	2.592219999999999789e-04	2.145780000000000147e-06	-6.040250000000000105e-07	-5.995419999999999961e-09	1.040392110000000002e+03	2.080000000000000071e+00
1.655083810376419783e+09	2.588050000000000268e-04	2.026569999999999809e-06	-6.040250000000000105e-07	-5.995419999999999961e-09	1.040321500000000015e+03	2.089999999999999858e+00
1.655083811983194828e+09	2.588050000000000268e-04	2.086179999999999904e-06	-6.040250000000000105e-07	-5.937209999999999601e-09	1.040304440000000113e+03	2.089999999999999858e+00
1.655083813587369919e+09	2.587460000000000194e-04	2.026569999999999809e-06	-6.040250000000000105e-07	-5.995419999999999961e-09	1.040253040000000055e+03	2.089999999999999858e+00
1.655083815199843168e+09	2.586859999999999962e-04	2.086179999999999904e-06	-6.040250000000000105e-07	-6.053630000000000322e-09	1.040236049999999977e+03	2.089999999999999858e+00
1.655083816821964264e+09	2.585069999999999968e-04	2.026569999999999809e-06	-6.040250000000000105e-07	-5.995419999999999961e-09	1.040236940000000004e+03	2.089999999999999858e+00
1.655083818429830313e+09	2.585069999999999968e-04	2.086179999999999904e-06	-6.040250000000000105e-07	-5.937209999999999601e-09	1.040200900000000047e+03	2.089999999999999858e+00
1.655083820035386562e+09	2.584479999999999894e-04	2.026569999999999809e-06	-6.040250000000000105e-07	-5.995419999999999961e-09	1.040203629999999976e+03	2.089999999999999858e+00
1.655083821643280745e+09	2.583279999999999973e-04	2.086179999999999904e-06	-6.040250000000000105e-07	-5.995419999999999961e-09	1.040163900000000012e+03	2.089999999999999858e+00
1.655083823253342628e+09	2.582689999999999899e-04	2.026569999999999809e-06	-6.040250000000000105e-07	-5.995419999999999961e-09	1.040144279999999981e+03	2.089999999999999858e+00
1.655083824863665819e+09	2.582090000000000210e-04	2.026569999999999809e-06	-6.040250000000000105e-07	-5.995419999999999961e-09	1.040114029999999957e+03	2.089999999999999858e+00
1.655083831472460508e+09	2.578519999999999836e-04	1.907359999999999895e-06	-6.040250000000000105e-07	-5.937209999999999601e-09	1.040036080000000084e+03	2.100000000000000089e+00
1.655083833081919193e+09	2.578519999999999836e-04	2.026569999999999809e-06	-6.040250000000000105e-07	-5.995419999999999961e-09	1.040026319999999942e+03	2.100000000000000089e+00
1.655083834694527388e+09	2.577319999999999915e-04	2.086179999999999904e-06	-6.040250000000000105e-07	-6.053630000000000322e-09	1.039998649999999998e+03	2.100000000000000089e+00
1.655083836307951212e+09	2.577319999999999915e-04	2.026569999999999809e-06	-6.040250000000000105e-07	-5.995419999999999961e-09	1.039976989999999887e+03	2.100000000000000089e+00
1.655083837910963297e+09	2.575540000000000078e-04	2.026569999999999809e-06	-6.040250000000000105e-07	-5.937209999999999601e-09	1.039966280000000097e+03	2.100000000000000089e+00
1.655083839516264439e+09	2.574939999999999846e-04	2.086179999999999904e-06	-6.040250000000000105e-07	-5.995419999999999961e-09	1.039936390000000074e+03	2.100000000000000089e+00
1.655083841123192787e+09	2.574939999999999846e-04	2.026569999999999809e-06	-6.040250000000000105e-07	-5.995419999999999961e-09	1.039920869999999923e+03	2.100000000000000089e+00
1.655083842736416340e+09	2.574340000000000157e-04	2.086179999999999904e-06	-6.040250000000000105e-07	-5.995419999999999961e-09	1.039907760000000053e+03	2.100000000000000089e+00
1.655083844353308678e+09	2.573750000000000083e-04	2.086179999999999904e-06	-6.040250000000000105e-07	-5.937209999999999601e-09	1.039890090000000100e+03	2.100000000000000089e+00
1.655083845975511312e+09	2.571960000000000088e-04	2.026569999999999809e-06	-6.040250000000000105e-07	-5.995419999999999961e-09	1.039866040000000112e+03	2.100000000000000089e+00
1.655083852599834442e+09	2.568979999999999788e-04	2.026569999999999809e-06	-6.040250000000000105e-07	-5.995419999999999961e-09	1.039777929999999969e+03	2.109999999999999876e+00
1.655083854207952738e+09	2.568380000000000099e-04	2.026569999999999809e-06	-6.040250000000000105e-07	-5.937209999999999601e-09	1.039751890000000003e+03	2.109999999999999876e+00
1.655083855817997932e+09	2.567790000000000025e-04	2.026569999999999809e-06	-6.040250000000000105e-07	-5.937209999999999601e-09	1.039742490000000089e+03	2.109999999999999876e+00
1.655083857434438467e+09	2.567790000000000025e-04	2.026569999999999809e-06	-6.040250000000000105e-07	-5.937209999999999601e-09	1.039708100000000059e+03	2.109999999999999876e+00
1.655083859053410769e+09	2.566000000000000030e-04	2.026569999999999809e-06	-6.040250000000000105e-07	-6.053630000000000322e-09	1.039695799999999963e+03	2.109999999999999876e+00
1.655083860665035725e+09	2.566000000000000030e-04	2.026569999999999809e-06	-6.040250000000000105e-07	-5.937209999999999601e-09	1.039685580000000073e+03	2.109999999999999876e+00
1.655083862274712086e+09	2.565399999999999799e-04	2.026569999999999809e-06	-6.040830000000000234e-07	-5.995419999999999961e-09	1.039651579999999967e+03	2.109999999999999876e+00
1.655083863881077528e+09	2.563609999999999804e-04	2.026569999999999809e-06	-6.040250000000000105e-07	-5.937209999999999601e-09	1.039629050000000007e+03	2.109999999999999876e+00
1.655083865486591578e+09	2.563609999999999804e-04	2.026569999999999809e-06	-6.040250000000000105e-07	-5.995419999999999961e-09	1.039619509999999991e+03	2.109999999999999876e+00
1.655083867093635082e+09	2.563019999999999730e-04	2.026569999999999809e-06	-6.040250000000000105e-07	-5.995419999999999961e-09	1.039607809999999972e+03	2.109999999999999876e+00
1.655083873729841232e+09	2.559439999999999740e-04	2.026569999999999809e-06	-6.040250000000000105e-07	-5.995419999999999961e-09	1.039524239999999963e+03	2.120000000000000107e+00
1.655083875352575302e+09	2.559439999999999740e-04	2.026569999999999809e-06	-6.040250000000000105e-07	-5.995419999999999961e-09	1.039494380000000092e+03	2.120000000000000107e+00
1.655083876962183714e+09	2.558249999999999977e-04	2.026569999999999809e-06	-6.040250000000000105e-07	-5.995419999999999961e-09	1.039484740000000102e+03	2.120000000000000107e+00
1.655083878574206352e+09	2.557649999999999746e-04	2.026569999999999809e-06	-6.040250000000000105e-07	-6.053630000000000322e-09	1.039449620000000095e+03	2.120000000000000107e+00
1.655083880192249060e+09	2.556459999999999982e-04	2.086179999999999904e-06	-6.040250000000000105e-07	-5.995419999999999961e-09	1.039441180000000031e+03	2.120000000000000107e+00
1.655083881795191288e+09	2.556459999999999982e-04	2.026569999999999809e-06	-6.040250000000000105e-07	-5.937209999999999601e-09	1.039411350000000084e+03	2.120000000000000107e+00
1.655083883409281731e+09	2.555270000000000219e-04	2.026569999999999809e-06	-6.040250000000000105e-07	-5.995419999999999961e-09	1.039404500000000098e+03	2.120000000000000107e+00
1.655083885022987366e+09	2.554669999999999988e-04	2.026569999999999809e-06	-6.040250000000000105e-07	-5.995419999999999961e-09	1.039367880000000014e+03	2.120000000000000107e+00
1.655083886633018017e+09	2.554079999999999914e-04	2.026569999999999809e-06	-6.040250000000000105e-07	-5.995419999999999961e-09	1.039347240000000056e+03	2.120000000000000107e+00
1.655083888236976862e+09	2.553480000000000224e-04	2.026569999999999809e-06	-6.040250000000000105e-07	-5.995419999999999961e-09	1.039344100000000026e+03	2.120000000000000107e+00
1.655083894863385677e+09	2.549909999999999850e-04	2.086179999999999904e-06	-6.040250000000000105e-07	-5.937209999999999601e-09	1.039245419999999967e+03	2.129999999999999893e+00
1.655083896473225117e+09	2.550499999999999924e-04	2.026569999999999809e-06	-6.040250000000000105e-07	-5.995419999999999961e-09	1.039230319999999892e+03	2.129999999999999893e+00
1.655083898076123953e+09	2.548709999999999930e-04	2.086179999999999904e-06	-6.040250000000000105e-07	-5.995419999999999961e-09	1.039216089999999895e+03	2.129999999999999893e+00
1.655083899690182209e+09	2.548119999999999856e-04	2.026569999999999809e-06	-6.040250000000000105e-07	-5.995419999999999961e-09	1.039203440000000001e+03	2.129999999999999893e+00
1.655083901296127081e+09	2.546930000000000092e-04	1.966969999999999990e-06	-6.040250000000000105e-07	-6.053630000000000322e-09	1.039172530000000052e+03	2.129999999999999893e+00
1.655083902903048515e+09	2.546329999999999861e-04	2.026569999999999809e-06	-6.040250000000000105e-07	-5.937209999999999601e-09	1.039172379999999976e+03	2.129999999999999893e+00
1.655083904505460501e+09	2.546329999999999861e-04	2.026569999999999809e-06	-6.040250000000000105e-07	-5.995419999999999961e-09	1.039132039999999961e+03	2.129999999999999893e+00
1.655083906117492914e+09	2.545140000000000098e-04	2.026569999999999809e-06	-6.040250000000000105e-07	-5.995419999999999961e-09	1.039125459999999975e+03	2.129999999999999893e+00
1.655083907729007959e+09	2.544539999999999866e-04	2.026569999999999809e-06	-6.040250000000000105e-07	-5.995419999999999961e-09	1.039089449999999943e+03	2.129999999999999893e+00
1.655083909345181704e+09	2.543350000000000103e-04	1.966969999999999990e-06	-6.040250000000000105e-07	-5.995419999999999961e-09	1.039074280000000044e+03	2.129999999999999893e+00
1.655083915968238831e+09	2.540959999999999877e-04	2.086179999999999904e-06	-6.040250000000000105e-07	-6.053630000000000322e-09	1.039005969999999934e+03	2.140000000000000124e+00
1.655083917590169191e+09	2.540369999999999803e-04	2.026569999999999809e-06	-6.040250000000000105e-07	-5.995419999999999961e-09	1.038956239999999980e+03	2.140000000000000124e+00
1.655083919190307617e+09	2.539770000000000113e-04	1.907359999999999895e-06	-6.040250000000000105e-07	-5.995419999999999961e-09	1.038946470000000090e+03	2.140000000000000124e+00
1.655083920801020145e+09	2.539180000000000039e-04	2.026569999999999809e-06	-6.040250000000000105e-07	-6.053630000000000322e-09	1.038940610000000106e+03	2.140000000000000124e+00
1.655083922407973051e+09	2.537980000000000119e-04	2.026569999999999809e-06	-6.040250000000000105e-07	-6.053630000000000322e-09	1.038916739999999891e+03	2.140000000000000124e+00
1.655083924030989170e+09	2.536789999999999813e-04	1.966969999999999990e-06	-6.040250000000000105e-07	-5.995419999999999961e-09	1.038892869999999903e+03	2.140000000000000124e+00
1.655083925639963627e+09	2.535600000000000050e-04	2.026569999999999809e-06	-6.040250000000000105e-07	-5.995419999999999961e-09	1.038885569999999916e+03	2.140000000000000124e+00
1.655083927260868788e+09	2.535600000000000050e-04	2.026569999999999809e-06	-6.040830000000000234e-07	-5.995419999999999961e-09	1.038846270000000004e+03	2.140000000000000124e+00
1.655083928869962931e+09	2.534999999999999819e-04	2.026569999999999809e-06	-6.040250000000000105e-07	-6.053630000000000322e-09	1.038831609999999955e+03	2.140000000000000124e+00
1.655083930487595081e+09	2.534409999999999745e-04	1.966969999999999990e-06	-6.040250000000000105e-07	-6.053630000000000322e-09	1.038807189999999991e+03	2.140000000000000124e+00
1.655083937102550983e+09	2.531429999999999987e-04	2.026569999999999809e-06	-6.040250000000000105e-07	-5.995419999999999961e-09	1.038732770000000073e+03	2.149999999999999911e+00
1.655083938721977711e+09	2.530829999999999755e-04	2.026569999999999809e-06	-6.040250000000000105e-07	-5.995419999999999961e-09	1.038710090000000037e+03	2.149999999999999911e+00
1.655083940330963135e+09	2.529639999999999992e-04	1.966969999999999990e-06	-6.040250000000000105e-07	-5.995419999999999961e-09	1.038713130000000092e+03	2.149999999999999911e+00
1.655083941940191031e+09	2.529639999999999992e-04	1.966969999999999990e-06	-6.040250000000000105e-07	-6.053630000000000322e-09	1.038669419999999946e+03	2.149999999999999911e+00
1.655083943549221992e+09	2.528450000000000229e-04	2.026569999999999809e-06	-6.040250000000000105e-07	-5.995419999999999961e-09	1.038658100000000104e+03	2.149999999999999911e+00
1.655083945165619135e+09	2.527849999999999997e-04	1.966969999999999990e-06	-6.040250000000000105e-07	-5.937209999999999601e-09	1.038641519999999900e+03	2.149999999999999911e+00
1.655083946771150112e+09	2.526660000000000234e-04	1.966969999999999990e-06	-6.040250000000000105e-07	-5.995419999999999961e-09	1.038619130000000041e+03	2.149999999999999911e+00
1.655083948382963657e+09	2.526060000000000002e-04	1.966969999999999990e-06	-6.040250000000000105e-07	-5.995419999999999961e-09	1.038590869999999995e+03	2.149999999999999911e+00
1.655083950000333786e+09	2.525469999999999928e-04	1.907359999999999895e-06	-6.040250000000000105e-07	-5.937209999999999601e-09	1.038564390000000003e+03	2.149999999999999911e+00
1.655083951616225004e+09	2.524280000000000165e-04	2.026569999999999809e-06	-6.040830000000000234e-07	-5.995419999999999961e-09	1.038568310000000110e+03	2.149999999999999911e+00
1.655083958235180855e+09	2.521889999999999939e-04	1.966969999999999990e-06	-6.040250000000000105e-07	-6.053630000000000322e-09	1.038483259999999973e+03	2.160000000000000142e+00
1.655083959841547489e+09	2.520700000000000176e-04	2.026569999999999809e-06	-6.040250000000000105e-07	-5.995419999999999961e-09	1.038449309999999969e+03	2.160000000000000142e+00
1.655083961461963892e+09	2.520700000000000176e-04	2.026569999999999809e-06	-6.040250000000000105e-07	-5.995419999999999961e-09	1.038421450000000050e+03	2.160000000000000142e+00
1.655083963067343473e+09	2.520099999999999944e-04	1.966969999999999990e-06	-6.040250000000000105e-07	-5.995419999999999961e-09	1.038417380000000094e+03	2.160000000000000142e+00
1.655083964685275316e+09	2.519509999999999870e-04	1.966969999999999990e-06	-6.040250000000000105e-07	-5.995419999999999961e-09	1.038404080000000022e+03	2.160000000000000142e+00
1.655083966298158407e+09	2.517719999999999876e-04	1.966969999999999990e-06	-6.040250000000000105e-07	-5.937209999999999601e-09	1.038376950000000079e+03	2.160000000000000142e+00
1.655083967909893274e+09	2.517719999999999876e-04	2.026569999999999809e-06	-6.040250000000000105e-07	-5.995419999999999961e-09	1.038380699999999933e+03	2.160000000000000142e+00
1.655083969519571543e+09	2.517719999999999876e-04	2.026569999999999809e-06	-6.040250000000000105e-07	-5.995419999999999961e-09	1.038362869999999930e+03	2.160000000000000142e+00
1.655083971123205423e+09	2.515929999999999881e-04	1.966969999999999990e-06	-6.040250000000000105e-07	-6.053630000000000322e-09	1.038314489999999978e+03	2.160000000000000142e+00
1.655083972737158537e+09	2.515929999999999881e-04	1.966969999999999990e-06	-6.040250000000000105e-07	-5.995419999999999961e-09	1.038302650000000085e+03	2.160000000000000142e+00
1.655083979377896547e+09	2.512349999999999891e-04	2.026569999999999809e-06	-6.040250000000000105e-07	-5.995419999999999961e-09	1.038218589999999949e+03	2.169999999999999929e+00
1.655083980990963221e+09	2.511759999999999817e-04	1.966969999999999990e-06	-6.040250000000000105e-07	-5.995419999999999961e-09	1.038208620000000110e+03	2.169999999999999929e+00
1.655083982606141090e+09	2.511759999999999817e-04	2.026569999999999809e-06	-6.040250000000000105e-07	-5.995419999999999961e-09	1.038189849999999979e+03	2.169999999999999929e+00
1.655083984223711252e+09	2.511160000000000128e-04	1.966969999999999990e-06	-6.040250000000000105e-07	-5.995419999999999961e-09	1.038170460000000048e+03	2.169999999999999929e+00
1.655083985830963135e+09	2.509370000000000133e-04	1.966969999999999990e-06	-6.040250000000000105e-07	-5.995419999999999961e-09	1.038138149999999996e+03	2.169999999999999929e+00
1.655083987439055681e+09	2.508780000000000059e-04	1.966969999999999990e-06	-6.040250000000000105e-07	-5.995419999999999961e-09	1.038126649999999927e+03	2.169999999999999929e+00
1.655083989050229073e+09	2.508780000000000059e-04	2.026569999999999809e-06	-6.040250000000000105e-07	-6.053630000000000322e-09	1.038116749999999911e+03	2.169999999999999929e+00
1.655083990655455351e+09	2.506990000000000065e-04	2.026569999999999809e-06	-6.040250000000000105e-07	-5.995419999999999961e-09	1.038101280000000088e+03	2.169999999999999929e+00
1.655083992270986557e+09	2.506389999999999833e-04	1.966969999999999990e-06	-6.040250000000000105e-07	-5.995419999999999961e-09	1.038063830000000053e+03	2.169999999999999929e+00
1.655083993890075684e+09	2.506389999999999833e-04	1.907359999999999895e-06	-6.040250000000000105e-07	-5.937209999999999601e-09	1.038049330000000054e+03	2.169999999999999929e+00
1.655084000519944191e+09	2.503410000000000075e-04	2.026569999999999809e-06	-6.040250000000000105e-07	-5.995419999999999961e-09	1.037974210000000085e+03	2.180000000000000160e+00
1.655084002137952089e+09	2.502219999999999770e-04	2.026569999999999809e-06	-6.040250000000000105e-07	-5.937209999999999601e-09	1.037958530000000110e+03	2.180000000000000160e+00
1.655084003756185055e+09	2.501630000000000238e-04	1.907359999999999895e-06	-6.040250000000000105e-07	-6.053630000000000322e-09	1.037938200000000052e+03	2.180000000000000160e+00
1.655084005365581989e+09	2.501030000000000007e-04	1.966969999999999990e-06	-6.040250000000000105e-07	-5.937209999999999601e-09	1.037906770000000051e+03	2.180000000000000160e+00
1.655084006985507488e+09	2.500429999999999775e-04	1.966969999999999990e-06	-6.040250000000000105e-07	-5.937209999999999601e-09	1.037899660000000040e+03	2.180000000000000160e+00
1.655084008605679274e+09	2.499240000000000012e-04	1.907359999999999895e-06	-6.040250000000000105e-07	-5.995419999999999961e-09	1.037867030000000113e+03	2.180000000000000160e+00
1.655084010214353561e+09	2.498649999999999938e-04	2.026569999999999809e-06	-6.040250000000000105e-07	-5.995419999999999961e-09	1.037862440000000106e+03	2.180000000000000160e+00
1.655084011829963684e+09	2.498649999999999938e-04	2.026569999999999809e-06	-6.040250000000000105e-07	-5.995419999999999961e-09	1.037823399999999992e+03	2.180000000000000160e+00
1.655084013443223476e+09	2.497450000000000017e-04	1.966969999999999990e-06	-6.040250000000000105e-07	-5.995419999999999961e-09	1.037814290000000028e+03	2.180000000000000160e+00
1.655084015056119204e+09	2.496260000000000254e-04	1.907359999999999895e-06	-6.040250000000000105e-07	-5.995419999999999961e-09	1.037795920000000024e+03	2.180000000000000160e+00
1.655084021691514254e+09	2.494470000000000259e-04	2.026569999999999809e-06	-6.040250000000000105e-07	-5.995419999999999961e-09	1.037726239999999962e+03	2.189999999999999947e+00
1.655084023308293343e+09	2.493279999999999954e-04	2.026569999999999809e-06	-6.040250000000000105e-07	-5.995419999999999961e-09	1.037693800000000010e+03	2.189999999999999947e+00
1.655084024933044910e+09	2.492680000000000264e-04	1.907359999999999895e-06	-6.040250000000000105e-07	-5.995419999999999961e-09	1.037678900000000112e+03	2.189999999999999947e+00
1.655084026546009779e+09	2.492090000000000190e-04	1.966969999999999990e-06	-6.040250000000000105e-07	-5.937209999999999601e-09	1.037670499999999947e+03	2.189999999999999947e+00
1.655084028150785446e+09	2.490300000000000196e-04	2.026569999999999809e-06	-6.040250000000000105e-07	-5.995419999999999961e-09	1.037658570000000054e+03	2.189999999999999947e+00
1.655084029749938250e+09	2.489699999999999964e-04	2.026569999999999809e-06	-6.040250000000000105e-07	-5.937209999999999601e-09	1.037619770000000017e+03	2.189999999999999947e+00
1.655084031370705843e+09	2.489699999999999964e-04	1.907359999999999895e-06	-6.040250000000000105e-07	-6.053630000000000322e-09	1.037609330000000000e+03	2.189999999999999947e+00
1.655084032992441654e+09	2.488510000000000201e-04	1.966969999999999990e-06	-6.040250000000000105e-07	-6.053630000000000322e-09	1.037582900000000109e+03	2.189999999999999947e+00
1.655084034609941483e+09	2.488510000000000201e-04	1.907359999999999895e-06	-6.040250000000000105e-07	-5.995419999999999961e-09	1.037570210000000088e+03	2.189999999999999947e+00
1.655084036209165573e+09	2.487319999999999896e-04	2.026569999999999809e-06	-6.040250000000000105e-07	-5.995419999999999961e-09	1.037553720000000112e+03	2.189999999999999947e+00
1.655084042839962959e+09	2.484340000000000138e-04	1.907359999999999895e-06	-6.040250000000000105e-07	-6.053630000000000322e-09	1.037461170000000038e+03	2.200000000000000178e+00
1.655084044443975210e+09	2.483739999999999906e-04	1.966969999999999990e-06	-6.040250000000000105e-07	-5.995419999999999961e-09	1.037444500000000062e+03	2.200000000000000178e+00
1.655084046055193186e+09	2.483149999999999832e-04	1.907359999999999895e-06	-6.040250000000000105e-07	-5.995419999999999961e-09	1.037437339999999949e+03	2.200000000000000178e+00
1.655084047660963297e+09	2.481960000000000069e-04	1.907359999999999895e-06	-6.040250000000000105e-07	-5.995419999999999961e-09	1.037404399999999896e+03	2.200000000000000178e+00
1.655084049277952909e+09	2.481960000000000069e-04	1.907359999999999895e-06	-6.040250000000000105e-07	-5.995419999999999961e-09	1.037389589999999998e+03	2.200000000000000178e+00
1.655084050888916492e+09	2.480760000000000148e-04	1.907359999999999895e-06	-6.040250000000000105e-07	-6.053630000000000322e-09	1.037376600000000053e+03	2.200000000000000178e+00
1.655084052495227337e+09	2.480170000000000074e-04	1.907359999999999895e-06	-6.040250000000000105e-07	-6.053630000000000322e-09	1.037343049999999948e+03	2.200000000000000178e+00
1.655084054113729715e+09	2.479569999999999843e-04	1.907359999999999895e-06	-6.040830000000000234e-07	-5.995419999999999961e-09	1.037332360000000108e+03	2.200000000000000178e+00
1.655084055722308159e+09	2.478979999999999769e-04	1.966969999999999990e-06	-6.040250000000000105e-07	-5.995419999999999961e-09	1.037320249999999987e+03	2.200000000000000178e+00
1.655084057338154078e+09	2.478979999999999769e-04	1.907359999999999895e-06	-6.040250000000000105e-07	-5.995419999999999961e-09	1.037304540000000088e+03	2.200000000000000178e+00
1.655084063962390423e+09	2.475399999999999779e-04	1.907359999999999895e-06	-6.040250000000000105e-07	-5.995419999999999961e-09	1.037224909999999909e+03	2.209999999999999964e+00
1.655084065567430496e+09	2.474800000000000090e-04	1.907359999999999895e-06	-6.040250000000000105e-07	-5.995419999999999961e-09	1.037223690000000033e+03	2.209999999999999964e+00
1.655084067172717333e+09	2.473609999999999785e-04	2.026569999999999809e-06	-6.040830000000000234e-07	-5.995419999999999961e-09	1.037175989999999956e+03	2.209999999999999964e+00
1.655084068777290583e+09	2.473020000000000253e-04	1.966969999999999990e-06	-6.040250000000000105e-07	-5.995419999999999961e-09	1.037161749999999984e+03	2.209999999999999964e+00
1.655084070393630505e+09	2.472420000000000021e-04	2.026569999999999809e-06	-6.040250000000000105e-07	-5.995419999999999961e-09	1.037149529999999913e+03	2.209999999999999964e+00
1.655084072009628773e+09	2.471230000000000258e-04	1.907359999999999895e-06	-6.040250000000000105e-07	-5.937209999999999601e-09	1.037115360000000010e+03	2.209999999999999964e+00
1.655084073624752998e+09	2.471230000000000258e-04	1.907359999999999895e-06	-6.040250000000000105e-07	-5.995419999999999961e-09	1.037110560000000078e+03	2.209999999999999964e+00
1.655084075231964350e+09	2.470630000000000027e-04	1.907359999999999895e-06	-6.040250000000000105e-07	-5.995419999999999961e-09	1.037085730000000012e+03	2.209999999999999964e+00
1.655084076838260651e+09	2.470039999999999953e-04	1.907359999999999895e-06	-6.040250000000000105e-07	-5.937209999999999601e-09	1.037082630000000108e+03	2.209999999999999964e+00
1.655084078449963808e+09	2.469440000000000263e-04	1.907359999999999895e-06	-6.040250000000000105e-07	-6.053630000000000322e-09	1.037062269999999899e+03	2.209999999999999964e+00
1.655084085080848694e+09	2.465859999999999732e-04	2.026569999999999809e-06	-6.040250000000000105e-07	-6.053630000000000322e-09	1.036976709999999912e+03	2.220000000000000195e+00
1.655084086686217785e+09	2.465859999999999732e-04	1.907359999999999895e-06	-6.040250000000000105e-07	-5.995419999999999961e-09	1.036951180000000022e+03	2.220000000000000195e+00
1.655084088293280840e+09	2.464669999999999968e-04	1.907359999999999895e-06	-6.040250000000000105e-07	-6.053630000000000322e-09	1.036942330000000084e+03	2.220000000000000195e+00
1.655084089905246496e+09	2.464669999999999968e-04	1.966969999999999990e-06	-6.040250000000000105e-07	-5.937209999999999601e-09	1.036929489999999987e+03	2.220000000000000195e+00
1.655084091507265329e+09	2.464069999999999737e-04	1.907359999999999895e-06	-6.040250000000000105e-07	-5.937209999999999601e-09	1.036903109999999970e+03	2.220000000000000195e+00
1.655084093112300396e+09	2.463480000000000205e-04	1.907359999999999895e-06	-6.040250000000000105e-07	-5.995419999999999961e-09	1.036880709999999908e+03	2.220000000000000195e+00
1.655084094731014252e+09	2.461690000000000210e-04	1.907359999999999895e-06	-6.040250000000000105e-07	-5.995419999999999961e-09	1.036861920000000055e+03	2.220000000000000195e+00
1.655084096338962317e+09	2.461089999999999979e-04	1.907359999999999895e-06	-6.040250000000000105e-07	-5.937209999999999601e-09	1.036830639999999903e+03	2.220000000000000195e+00
1.655084097942518950e+09	2.461089999999999979e-04	1.907359999999999895e-06	-6.040250000000000105e-07	-5.937209999999999601e-09	1.036816929999999957e+03	2.220000000000000195e+00
1.655084099555511713e+09	2.459900000000000216e-04	1.966969999999999990e-06	-6.040250000000000105e-07	-5.937209999999999601e-09	1.036803110000000061e+03	2.220000000000000195e+00
1.655084106185990810e+09	2.456919999999999916e-04	1.907359999999999895e-06	-6.040250000000000105e-07	-5.995419999999999961e-09	1.036728830000000016e+03	2.229999999999999982e+00
1.655084107793195009e+09	2.456329999999999842e-04	1.907359999999999895e-06	-6.040250000000000105e-07	-5.995419999999999961e-09	1.036716949999999997e+03	2.229999999999999982e+00
1.655084109416012764e+09	2.456329999999999842e-04	1.907359999999999895e-06	-6.040250000000000105e-07	-5.995419999999999961e-09	1.036684670000000096e+03	2.229999999999999982e+00
1.655084111020004511e+09	2.455129999999999921e-04	1.966969999999999990e-06	-6.040830000000000234e-07	-5.995419999999999961e-09	1.036676189999999906e+03	2.229999999999999982e+00
1.655084112628628969e+09	2.453940000000000158e-04	1.907359999999999895e-06	-6.040250000000000105e-07	-5.995419999999999961e-09	1.036655310000000100e+03	2.229999999999999982e+00
1.655084114236035347e+09	2.452749999999999852e-04	1.847750000000000012e-06	-6.040250000000000105e-07	-5.995419999999999961e-09	1.036647200000000112e+03	2.229999999999999982e+00
1.655084115833298445e+09	2.453350000000000084e-04	1.966969999999999990e-06	-6.040250000000000105e-07	-5.995419999999999961e-09	1.036606199999999944e+03	2.229999999999999982e+00
1.655084117450172663e+09	2.452749999999999852e-04	1.966969999999999990e-06	-6.040250000000000105e-07	-5.995419999999999961e-09	1.036599770000000035e+03	2.229999999999999982e+00
1.655084119063015461e+09	2.451560000000000089e-04	1.966969999999999990e-06	-6.040250000000000105e-07	-5.995419999999999961e-09	1.036573000000000093e+03	2.229999999999999982e+00
1.655084120680963039e+09	2.450369999999999784e-04	1.907359999999999895e-06	-6.040250000000000105e-07	-5.995419999999999961e-09	1.036559119999999893e+03	2.229999999999999982e+00
1.655084127297396660e+09	2.449169999999999863e-04	1.907359999999999895e-06	-6.040250000000000105e-07	-5.937209999999999601e-09	1.036483760000000075e+03	2.240000000000000213e+00
1.655084128893975735e+09	2.447980000000000099e-04	1.907359999999999895e-06	-6.040830000000000234e-07	-5.937209999999999601e-09	1.036467190000000073e+03	2.240000000000000213e+00
1.655084130503847122e+09	2.446789999999999794e-04	1.847750000000000012e-06	-6.040250000000000105e-07	-5.937209999999999601e-09	1.036455079999999953e+03	2.240000000000000213e+00
1.655084132119641066e+09	2.446190000000000105e-04	1.907359999999999895e-06	-6.040830000000000234e-07	-5.995419999999999961e-09	1.036426819999999907e+03	2.240000000000000213e+00
1.655084133728390932e+09	2.444999999999999799e-04	1.907359999999999895e-06	-6.040250000000000105e-07	-5.995419999999999961e-09	1.036392139999999927e+03	2.240000000000000213e+00
1.655084135351975441e+09	2.444999999999999799e-04	1.847750000000000012e-06	-6.040250000000000105e-07	-5.995419999999999961e-09	1.036397400000000061e+03	2.240000000000000213e+00
1.655084136955996513e+09	2.444410000000000267e-04	1.847750000000000012e-06	-6.040830000000000234e-07	-5.995419999999999961e-09	1.036376130000000103e+03	2.240000000000000213e+00
1.655084138576368570e+09	2.443810000000000036e-04	1.907359999999999895e-06	-6.040250000000000105e-07	-5.995419999999999961e-09	1.036368870000000015e+03	2.240000000000000213e+00
1.655084140190096378e+09	2.442619999999999731e-04	1.907359999999999895e-06	-6.040250000000000105e-07	-5.995419999999999961e-09	1.036350889999999936e+03	2.240000000000000213e+00
1.655084141805298090e+09	2.442020000000000041e-04	1.966969999999999990e-06	-6.040830000000000234e-07	-5.937209999999999601e-09	1.036321120000000064e+03	2.240000000000000213e+00
1.655084148432798386e+09	2.439030000000000126e-04	1.907359999999999895e-06	-6.040250000000000105e-07	-5.995419999999999961e-09	1.036247380000000021e+03	2.250000000000000000e+00
1.655084150046986580e+09	2.437840000000000092e-04	1.847750000000000012e-06	-6.040250000000000105e-07	-6.053630000000000322e-09	1.036226130000000012e+03	2.250000000000000000e+00
1.655084151654247761e+09	2.436650000000000057e-04	1.907359999999999895e-06	-6.040250000000000105e-07	-5.995419999999999961e-09	1.036203590000000077e+03	2.250000000000000000e+00
1.655084153261515379e+09	2.436650000000000057e-04	1.907359999999999895e-06	-6.040830000000000234e-07	-5.995419999999999961e-09	1.036189170000000104e+03	2.250000000000000000e+00
1.655084154867105484e+09	2.436050000000000097e-04	1.907359999999999895e-06	-6.040830000000000234e-07	-5.995419999999999961e-09	1.036167860000000019e+03	2.250000000000000000e+00
1.655084156487195730e+09	2.435460000000000023e-04	1.966969999999999990e-06	-6.040250000000000105e-07	-5.995419999999999961e-09	1.036155289999999923e+03	2.250000000000000000e+00
1.655084158104232550e+09	2.434860000000000062e-04	1.907359999999999895e-06	-6.040250000000000105e-07	-5.995419999999999961e-09	1.036127040000000079e+03	2.250000000000000000e+00
1.655084159716473579e+09	2.434260000000000102e-04	1.907359999999999895e-06	-6.040250000000000105e-07	-5.995419999999999961e-09	1.036107809999999972e+03	2.250000000000000000e+00
1.655084161320962906e+09	2.433070000000000068e-04	1.907359999999999895e-06	-6.040830000000000234e-07	-5.995419999999999961e-09	1.036088940000000093e+03	2.250000000000000000e+00
1.655084162920850277e+09	2.432470000000000107e-04	1.907359999999999895e-06	-6.040250000000000105e-07	-5.995419999999999961e-09	1.036066910000000007e+03	2.250000000000000000e+00
1.655084169555576563e+09	2.430689999999999999e-04	1.907359999999999895e-06	-6.040250000000000105e-07	-5.995419999999999961e-09	1.036005810000000110e+03	2.260000000000000231e+00
1.655084171176431894e+09	2.430090000000000039e-04	1.907359999999999895e-06	-6.040830000000000234e-07	-6.053630000000000322e-09	1.035984230000000025e+03	2.260000000000000231e+00
1.655084172780962706e+09	2.428300000000000044e-04	1.907359999999999895e-06	-6.040830000000000234e-07	-5.937209999999999601e-09	1.035962260000000015e+03	2.260000000000000231e+00
1.655084174387295961e+09	2.428300000000000044e-04	1.907359999999999895e-06	-6.040250000000000105e-07	-5.995419999999999961e-09	1.035941360000000032e+03	2.260000000000000231e+00
1.655084175999304771e+09	2.427110000000000010e-04	1.847750000000000012e-06	-6.040830000000000234e-07	-5.995419999999999961e-09	1.035913070000000062e+03	2.260000000000000231e+00
1.655084177614092588e+09	2.427110000000000010e-04	1.847750000000000012e-06	-6.040250000000000105e-07	-5.995419999999999961e-09	1.035895549999999957e+03	2.260000000000000231e+00
1.655084179213356495e+09	2.426510000000000049e-04	1.907359999999999895e-06	-6.040830000000000234e-07	-5.937209999999999601e-09	1.035892090000000053e+03	2.260000000000000231e+00
1.655084180825091362e+09	2.425919999999999975e-04	1.847750000000000012e-06	-6.040830000000000234e-07	-5.937209999999999601e-09	1.035873090000000047e+03	2.260000000000000231e+00
1.655084182430087566e+09	2.424129999999999981e-04	1.907359999999999895e-06	-6.040250000000000105e-07	-5.995419999999999961e-09	1.035849480000000085e+03	2.260000000000000231e+00
1.655084184038962841e+09	2.423530000000000020e-04	1.907359999999999895e-06	-6.040250000000000105e-07	-5.995419999999999961e-09	1.035827999999999975e+03	2.260000000000000231e+00
1.655084190674273252e+09	2.421749999999999912e-04	1.907359999999999895e-06	-6.040830000000000234e-07	-6.053630000000000322e-09	1.035761979999999994e+03	2.270000000000000018e+00
1.655084192275279522e+09	2.421149999999999951e-04	1.966969999999999990e-06	-6.040250000000000105e-07	-6.053630000000000322e-09	1.035734279999999899e+03	2.270000000000000018e+00
1.655084193885710001e+09	2.419959999999999917e-04	1.907359999999999895e-06	-6.040250000000000105e-07	-5.995419999999999961e-09	1.035733320000000049e+03	2.270000000000000018e+00
1.655084195497817993e+09	2.418169999999999922e-04	1.847750000000000012e-06	-6.040250000000000105e-07	-5.995419999999999961e-09	1.035700160000000096e+03	2.270000000000000018e+00
1.655084197114151716e+09	2.418169999999999922e-04	1.847750000000000012e-06	-6.040250000000000105e-07	-5.937209999999999601e-09	1.035697519999999940e+03	2.270000000000000018e+00
1.655084198723148108e+09	2.416979999999999888e-04	1.966969999999999990e-06	-6.040830000000000234e-07	-5.995419999999999961e-09	1.035671550000000025e+03	2.270000000000000018e+00
1.655084200334483147e+09	2.416379999999999928e-04	1.907359999999999895e-06	-6.040830000000000234e-07	-5.995419999999999961e-09	1.035635299999999916e+03	2.270000000000000018e+00
1.655084201947304249e+09	2.416379999999999928e-04	1.907359999999999895e-06	-6.040250000000000105e-07	-5.937209999999999601e-09	1.035624530000000050e+03	2.270000000000000018e+00
1.655084203556915283e+09	2.416379999999999928e-04	1.907359999999999895e-06	-6.040830000000000234e-07	-5.995419999999999961e-09	1.035610230000000001e+03	2.270000000000000018e+00
1.655084205168962717e+09	2.414589999999999933e-04	1.847750000000000012e-06	-6.040250000000000105e-07	-5.995419999999999961e-09	1.035604170000000067e+03	2.270000000000000018e+00
1.655084211805592299e+09	2.412810000000000096e-04	1.907359999999999895e-06	-6.040830000000000234e-07	-5.995419999999999961e-09	1.035504239999999982e+03	2.280000000000000249e+00
1.655084213417952538e+09	2.411020000000000101e-04	1.847750000000000012e-06	-6.040830000000000234e-07	-5.995419999999999961e-09	1.035494639999999890e+03	2.280000000000000249e+00
1.655084215019230366e+09	2.411020000000000101e-04	1.907359999999999895e-06	-6.040830000000000234e-07	-6.053630000000000322e-09	1.035486859999999979e+03	2.280000000000000249e+00
1.655084216633815527e+09	2.410419999999999870e-04	1.788149999999999981e-06	-6.040830000000000234e-07	-5.995419999999999961e-09	1.035470070000000078e+03	2.280000000000000249e+00
1.655084218245002985e+09	2.409230000000000106e-04	1.907359999999999895e-06	-6.040830000000000234e-07	-5.995419999999999961e-09	1.035465390000000070e+03	2.280000000000000249e+00
1.655084219858963251e+09	2.408629999999999875e-04	1.907359999999999895e-06	-6.040830000000000234e-07	-5.937209999999999601e-09	1.035430309999999963e+03	2.280000000000000249e+00
1.655084221462180614e+09	2.408040000000000072e-04	1.907359999999999895e-06	-6.040830000000000234e-07	-5.995419999999999961e-09	1.035412440000000061e+03	2.280000000000000249e+00
1.655084223081073046e+09	2.407440000000000112e-04	1.847750000000000012e-06	-6.040830000000000234e-07	-5.937209999999999601e-09	1.035393379999999979e+03	2.280000000000000249e+00
1.655084224695525646e+09	2.407440000000000112e-04	1.907359999999999895e-06	-6.040250000000000105e-07	-5.995419999999999961e-09	1.035365170000000035e+03	2.280000000000000249e+00
1.655084226311341286e+09	2.405650000000000117e-04	1.907359999999999895e-06	-6.040250000000000105e-07	-5.995419999999999961e-09	1.035358150000000023e+03	2.280000000000000249e+00
1.655084232935966969e+09	2.403270000000000048e-04	1.907359999999999895e-06	-6.040830000000000234e-07	-5.995419999999999961e-09	1.035277119999999968e+03	2.290000000000000036e+00
1.655084234562303782e+09	2.402670000000000088e-04	1.907359999999999895e-06	-6.040830000000000234e-07	-5.995419999999999961e-09	1.035263819999999896e+03	2.290000000000000036e+00
1.655084236164980888e+09	2.403270000000000048e-04	1.907359999999999895e-06	-6.040830000000000234e-07	-5.995419999999999961e-09	1.035238730000000032e+03	2.290000000000000036e+00
1.655084237770963669e+09	2.402080000000000014e-04	1.907359999999999895e-06	-6.040830000000000234e-07	-5.995419999999999961e-09	1.035207650000000058e+03	2.290000000000000036e+00
1.655084239381963015e+09	2.400880000000000093e-04	1.847750000000000012e-06	-6.040830000000000234e-07	-5.937209999999999601e-09	1.035204259999999977e+03	2.290000000000000036e+00
1.655084240999860525e+09	2.399690000000000059e-04	1.847750000000000012e-06	-6.040830000000000234e-07	-5.995419999999999961e-09	1.035207419999999956e+03	2.290000000000000036e+00
1.655084242608963013e+09	2.399099999999999985e-04	1.907359999999999895e-06	-6.040830000000000234e-07	-5.995419999999999961e-09	1.035170689999999922e+03	2.290000000000000036e+00
1.655084244222049236e+09	2.398500000000000024e-04	2.026569999999999809e-06	-6.040830000000000234e-07	-5.995419999999999961e-09	1.035153919999999971e+03	2.290000000000000036e+00
1.655084245833195210e+09	2.398500000000000024e-04	1.907359999999999895e-06	-6.040250000000000105e-07	-5.995419999999999961e-09	1.035141540000000077e+03	2.290000000000000036e+00
1.655084247446934223e+09	2.397309999999999990e-04	1.907359999999999895e-06	-6.040830000000000234e-07	-5.995419999999999961e-09	1.035120660000000044e+03	2.290000000000000036e+00
1.655084254082441330e+09	2.394329999999999961e-04	1.907359999999999895e-06	-6.040250000000000105e-07	-5.995419999999999961e-09	1.035052069999999958e+03	2.300000000000000266e+00
1.655084255686240435e+09	2.394329999999999961e-04	1.907359999999999895e-06	-6.040250000000000105e-07	-5.995419999999999961e-09	1.035046640000000025e+03	2.300000000000000266e+00
1.655084257296988726e+09	2.393139999999999927e-04	1.847750000000000012e-06	-6.040250000000000105e-07	-5.937209999999999601e-09	1.035011019999999917e+03	2.300000000000000266e+00
1.655084258907134533e+09	2.392539999999999966e-04	1.907359999999999895e-06	-6.040830000000000234e-07	-5.995419999999999961e-09	1.035010050000000092e+03	2.300000000000000266e+00
1.655084260518962860e+09	2.391940000000000006e-04	1.847750000000000012e-06	-6.040250000000000105e-07	-5.995419999999999961e-09	1.034964979999999969e+03	2.300000000000000266e+00
1.655084262125671625e+09	2.391349999999999932e-04	1.907359999999999895e-06	-6.040830000000000234e-07	-5.937209999999999601e-09	1.034941319999999905e+03	2.300000000000000266e+00
1.655084263736530066e+09	2.390749999999999971e-04	1.907359999999999895e-06	-6.040830000000000234e-07	-5.995419999999999961e-09	1.034950149999999894e+03	2.300000000000000266e+00
1.655084265352173090e+09	2.389559999999999937e-04	1.847750000000000012e-06	-6.040250000000000105e-07	-5.995419999999999961e-09	1.034929390000000012e+03	2.300000000000000266e+00
1.655084266971104622e+09	2.388369999999999903e-04	1.847750000000000012e-06	-6.040250000000000105e-07	-5.995419999999999961e-09	1.034914019999999937e+03	2.300000000000000266e+00
1.655084268575382710e+09	2.388369999999999903e-04	1.847750000000000012e-06	-6.040830000000000234e-07	-5.995419999999999961e-09	1.034885350000000017e+03	2.300000000000000266e+00
1.655084275216995001e+09	2.385389999999999874e-04	1.907359999999999895e-06	-6.040830000000000234e-07	-5.937209999999999601e-09	1.034806610000000092e+03	2.310000000000000053e+00
1.655084276823036671e+09	2.384789999999999913e-04	1.907359999999999895e-06	-6.040830000000000234e-07	-5.995419999999999961e-09	1.034788720000000012e+03	2.310000000000000053e+00
1.655084278430251598e+09	2.384789999999999913e-04	1.907359999999999895e-06	-6.040830000000000234e-07	-5.995419999999999961e-09	1.034781120000000101e+03	2.310000000000000053e+00
1.655084280033902645e+09	2.383599999999999879e-04	1.847750000000000012e-06	-6.040830000000000234e-07	-5.995419999999999961e-09	1.034766200000000026e+03	2.310000000000000053e+00
1.655084281642038584e+09	2.382999999999999919e-04	1.847750000000000012e-06	-6.040830000000000234e-07	-5.995419999999999961e-09	1.034745930000000044e+03	2.310000000000000053e+00
1.655084283247268438e+09	2.382410000000000116e-04	1.847750000000000012e-06	-6.040830000000000234e-07	-5.995419999999999961e-09	1.034710579999999936e+03	2.310000000000000053e+00
1.655084284855545282e+09	2.382410000000000116e-04	1.847750000000000012e-06	-6.040830000000000234e-07	-5.995419999999999961e-09	1.034706239999999980e+03	2.310000000000000053e+00
1.655084286478962898e+09	2.380620000000000121e-04	1.847750000000000012e-06	-6.040830000000000234e-07	-5.995419999999999961e-09	1.034701049999999896e+03	2.310000000000000053e+00
1.655084288084120750e+09	2.380019999999999890e-04	1.847750000000000012e-06	-6.040830000000000234e-07	-5.995419999999999961e-09	1.034668840000000046e+03	2.310000000000000053e+00
1.655084289690559626e+09	2.379430000000000087e-04	1.907359999999999895e-06	-6.040250000000000105e-07	-5.995419999999999961e-09	1.034640120000000024e+03	2.310000000000000053e+00
1.655084296303377628e+09	2.377640000000000092e-04	1.847750000000000012e-06	-6.040830000000000234e-07	-5.995419999999999961e-09	1.034566469999999981e+03	2.319999999999999840e+00
1.655084297913358450e+09	2.376450000000000058e-04	1.907359999999999895e-06	-6.040250000000000105e-07	-5.937209999999999601e-09	1.034544699999999921e+03	2.319999999999999840e+00
1.655084299524103880e+09	2.375850000000000097e-04	1.847750000000000012e-06	-6.040830000000000234e-07	-5.995419999999999961e-09	1.034552740000000085e+03	2.319999999999999840e+00
1.655084301127556324e+09	2.374660000000000063e-04	1.847750000000000012e-06	-6.040830000000000234e-07	-6.053630000000000322e-09	1.034517229999999927e+03	2.319999999999999840e+00
1.655084302743541241e+09	2.374060000000000102e-04	1.907359999999999895e-06	-6.040830000000000234e-07	-5.995419999999999961e-09	1.034506229999999960e+03	2.319999999999999840e+00
1.655084304355172396e+09	2.374060000000000102e-04	1.847750000000000012e-06	-6.040830000000000234e-07	-5.937209999999999601e-09	1.034486059999999952e+03	2.319999999999999840e+00
1.655084305959963083e+09	2.373470000000000029e-04	1.907359999999999895e-06	-6.040830000000000234e-07	-6.053630000000000322e-09	1.034452500000000100e+03	2.319999999999999840e+00
1.655084307567952871e+09	2.372870000000000068e-04	1.847750000000000012e-06	-6.040830000000000234e-07	-5.995419999999999961e-09	1.034454130000000077e+03	2.319999999999999840e+00
1.655084309182307482e+09	2.371680000000000034e-04	1.788149999999999981e-06	-6.040830000000000234e-07	-5.995419999999999961e-09	1.034438699999999926e+03	2.319999999999999840e+00
1.655084310786334276e+09	2.371080000000000073e-04	1.907359999999999895e-06	-6.040830000000000234e-07	-5.995419999999999961e-09	1.034414899999999989e+03	2.319999999999999840e+00
1.655084317423528671e+09	2.368100000000000044e-04	1.847750000000000012e-06	-6.040830000000000234e-07	-5.937209999999999601e-09	1.034345039999999926e+03	2.330000000000000071e+00
1.655084319035962343e+09	2.368700000000000005e-04	1.907359999999999895e-06	-6.040830000000000234e-07	-5.995419999999999961e-09	1.034331879999999956e+03	2.330000000000000071e+00
1.655084320646768093e+09	2.367509999999999970e-04	1.847750000000000012e-06	-6.040830000000000234e-07	-6.053630000000000322e-09	1.034308659999999918e+03	2.330000000000000071e+00
1.655084322254255295e+09	2.366310000000000050e-04	1.847750000000000012e-06	-6.040830000000000234e-07	-5.995419999999999961e-09	1.034299649999999929e+03	2.330000000000000071e+00
1.655084323867952108e+09	2.366310000000000050e-04	1.847750000000000012e-06	-6.040830000000000234e-07	-5.995419999999999961e-09	1.034270459999999957e+03	2.330000000000000071e+00
1.655084325478394032e+09	2.364529999999999941e-04	1.847750000000000012e-06	-6.040830000000000234e-07	-5.937209999999999601e-09	1.034258319999999912e+03	2.330000000000000071e+00
1.655084327095518351e+09	2.364529999999999941e-04	1.907359999999999895e-06	-6.040830000000000234e-07	-5.937209999999999601e-09	1.034239739999999983e+03	2.330000000000000071e+00
1.655084328713879824e+09	2.363929999999999981e-04	1.847750000000000012e-06	-6.040830000000000234e-07	-5.995419999999999961e-09	1.034227480000000014e+03	2.330000000000000071e+00
1.655084330326950550e+09	2.363330000000000021e-04	1.847750000000000012e-06	-6.040830000000000234e-07	-5.995419999999999961e-09	1.034200759999999946e+03	2.330000000000000071e+00
1.655084331934296608e+09	2.362139999999999986e-04	1.907359999999999895e-06	-6.040830000000000234e-07	-5.937209999999999601e-09	1.034191710000000057e+03	2.330000000000000071e+00
1.655084338560004234e+09	2.359759999999999918e-04	1.907359999999999895e-06	-6.040830000000000234e-07	-5.995419999999999961e-09	1.034123689999999897e+03	2.339999999999999858e+00
1.655084340166531563e+09	2.359759999999999918e-04	1.847750000000000012e-06	-6.040830000000000234e-07	-5.995419999999999961e-09	1.034093229999999949e+03	2.339999999999999858e+00
1.655084341783062696e+09	2.359159999999999957e-04	1.907359999999999895e-06	-6.040830000000000234e-07	-5.937209999999999601e-09	1.034089169999999967e+03	2.339999999999999858e+00
1.655084343387080669e+09	2.358569999999999883e-04	1.847750000000000012e-06	-6.040830000000000234e-07	-5.995419999999999961e-09	1.034061950000000024e+03	2.339999999999999858e+00
1.655084344994112015e+09	2.356779999999999888e-04	1.788149999999999981e-06	-6.040830000000000234e-07	-5.937209999999999601e-09	1.034042179999999917e+03	2.339999999999999858e+00
1.655084346604591608e+09	2.356779999999999888e-04	1.847750000000000012e-06	-6.040830000000000234e-07	-5.995419999999999961e-09	1.034036430000000109e+03	2.339999999999999858e+00
1.655084348221485376e+09	2.355579999999999968e-04	1.847750000000000012e-06	-6.040830000000000234e-07	-5.937209999999999601e-09	1.034013140000000021e+03	2.339999999999999858e+00
1.655084349845368385e+09	2.354989999999999894e-04	1.788149999999999981e-06	-6.040830000000000234e-07	-5.995419999999999961e-09	1.033986650000000054e+03	2.339999999999999858e+00
1.655084351467054367e+09	2.354989999999999894e-04	1.847750000000000012e-06	-6.040830000000000234e-07	-5.937209999999999601e-09	1.033965999999999894e+03	2.339999999999999858e+00
1.655084353077381134e+09	2.353800000000000130e-04	1.847750000000000012e-06	-6.040830000000000234e-07	-6.053630000000000322e-09	1.033952399999999898e+03	2.339999999999999858e+00
1.655084359699891806e+09	2.351409999999999904e-04	1.847750000000000012e-06	-6.040830000000000234e-07	-6.053630000000000322e-09	1.033883260000000064e+03	2.350000000000000089e+00
1.655084361305610657e+09	2.351409999999999904e-04	1.788149999999999981e-06	-6.040830000000000234e-07	-5.995419999999999961e-09	1.033875330000000076e+03	2.350000000000000089e+00
1.655084362907496452e+09	2.349619999999999910e-04	1.847750000000000012e-06	-6.040830000000000234e-07	-6.053630000000000322e-09	1.033846320000000105e+03	2.350000000000000089e+00
1.655084364525542498e+09	2.349619999999999910e-04	1.847750000000000012e-06	-6.040830000000000234e-07	-5.995419999999999961e-09	1.033833229999999958e+03	2.350000000000000089e+00
1.655084366137479305e+09	2.348429999999999875e-04	1.847750000000000012e-06	-6.040830000000000234e-07	-6.053630000000000322e-09	1.033816129999999930e+03	2.350000000000000089e+00
1.655084367739963055e+09	2.347840000000000072e-04	1.847750000000000012e-06	-6.040830000000000234e-07	-5.995419999999999961e-09	1.033794769999999971e+03	2.350000000000000089e+00
1.655084369347314835e+09	2.347840000000000072e-04	1.847750000000000012e-06	-6.040830000000000234e-07	-5.937209999999999601e-09	1.033783689999999979e+03	2.350000000000000089e+00
1.655084370957130432e+09	2.346639999999999881e-04	1.847750000000000012e-06	-6.040830000000000234e-07	-6.053630000000000322e-09	1.033754860000000008e+03	2.350000000000000089e+00
1.655084372554061174e+09	2.346050000000000078e-04	1.907359999999999895e-06	-6.040830000000000234e-07	-5.937209999999999601e-09	1.033744069999999965e+03	2.350000000000000089e+00
1.655084374162320852e+09	2.345450000000000117e-04	1.847750000000000012e-06	-6.040830000000000234e-07	-5.995419999999999961e-09	1.033724320000000034e+03	2.350000000000000089e+00
1.655084380792132139e+09	2.343070000000000049e-04	1.847750000000000012e-06	-6.040830000000000234e-07	-5.937209999999999601e-09	1.033665619999999990e+03	2.359999999999999876e+00
1.655084382412048101e+09	2.342470000000000088e-04	1.788149999999999981e-06	-6.040830000000000234e-07	-5.995419999999999961e-09	1.033630360000000110e+03	2.359999999999999876e+00
1.655084384016053915e+09	2.341280000000000054e-04	1.788149999999999981e-06	-6.040830000000000234e-07	-5.995419999999999961e-09	1.033612530000000106e+03	2.359999999999999876e+00
1.655084385620147228e+09	2.340680000000000093e-04	1.788149999999999981e-06	-6.040830000000000234e-07	-5.937209999999999601e-09	1.033606119999999919e+03	2.359999999999999876e+00
1.655084387236321449e+09	2.340680000000000093e-04	1.847750000000000012e-06	-6.040830000000000234e-07	-5.995419999999999961e-09	1.033587700000000041e+03	2.359999999999999876e+00
1.655084388849872828e+09	2.340090000000000019e-04	1.847750000000000012e-06	-6.040830000000000234e-07	-5.995419999999999961e-09	1.033565070000000105e+03	2.359999999999999876e+00
1.655084390471949339e+09	2.339490000000000059e-04	1.788149999999999981e-06	-6.040830000000000234e-07	-5.995419999999999961e-09	1.033550469999999905e+03	2.359999999999999876e+00
1.655084392082377434e+09	2.337700000000000064e-04	1.847750000000000012e-06	-6.040830000000000234e-07	-5.937209999999999601e-09	1.033526350000000093e+03	2.359999999999999876e+00
1.655084393688477039e+09	2.337700000000000064e-04	1.788149999999999981e-06	-6.040830000000000234e-07	-6.053630000000000322e-09	1.033523310000000038e+03	2.359999999999999876e+00
1.655084395303505421e+09	2.337109999999999990e-04	1.847750000000000012e-06	-6.040830000000000234e-07	-5.995419999999999961e-09	1.033503660000000082e+03	2.359999999999999876e+00
1.655084401938390017e+09	2.334129999999999961e-04	1.847750000000000012e-06	-6.040830000000000234e-07	-5.995419999999999961e-09	1.033423209999999926e+03	2.370000000000000107e+00
1.655084403549844027e+09	2.333530000000000001e-04	1.788149999999999981e-06	-6.040830000000000234e-07	-5.995419999999999961e-09	1.033422150000000101e+03	2.370000000000000107e+00
1.655084405171596527e+09	2.332939999999999927e-04	1.847750000000000012e-06	-6.040830000000000234e-07	-6.053630000000000322e-09	1.033391180000000077e+03	2.370000000000000107e+00
1.655084406781331301e+09	2.332939999999999927e-04	1.847750000000000012e-06	-6.040830000000000234e-07	-6.053630000000000322e-09	1.033371939999999995e+03	2.370000000000000107e+00
1.655084408398962975e+09	2.331740000000000006e-04	1.847750000000000012e-06	-6.040830000000000234e-07	-5.995419999999999961e-09	1.033363800000000083e+03	2.370000000000000107e+00
1.655084410009435654e+09	2.331149999999999932e-04	1.847750000000000012e-06	-6.040830000000000234e-07	-5.995419999999999961e-09	1.033345810000000029e+03	2.370000000000000107e+00
1.655084411616694212e+09	2.330549999999999972e-04	1.788149999999999981e-06	-6.040830000000000234e-07	-5.995419999999999961e-09	1.033321799999999939e+03	2.370000000000000107e+00
1.655084413237912655e+09	2.328759999999999977e-04	1.847750000000000012e-06	-6.040830000000000234e-07	-5.995419999999999961e-09	1.033314419999999927e+03	2.370000000000000107e+00
1.655084414848210573e+09	2.328759999999999977e-04	1.847750000000000012e-06	-6.040830000000000234e-07	-5.995419999999999961e-09	1.033277820000000020e+03	2.370000000000000107e+00
1.655084416456128836e+09	2.328169999999999903e-04	1.788149999999999981e-06	-6.040830000000000234e-07	-6.053630000000000322e-09	1.033259270000000015e+03	2.370000000000000107e+00
1.655084423085914850e+09	2.325779999999999948e-04	1.907359999999999895e-06	-6.040830000000000234e-07	-6.053630000000000322e-09	1.033197529999999915e+03	2.379999999999999893e+00
1.655084424707002401e+09	2.323989999999999953e-04	1.847750000000000012e-06	-6.040830000000000234e-07	-6.053630000000000322e-09	1.033190579999999954e+03	2.379999999999999893e+00
1.655084426309058666e+09	2.323989999999999953e-04	1.788149999999999981e-06	-6.040830000000000234e-07	-6.053630000000000322e-09	1.033171599999999899e+03	2.379999999999999893e+00
1.655084427921042442e+09	2.323399999999999879e-04	1.788149999999999981e-06	-6.040830000000000234e-07	-5.995419999999999961e-09	1.033139300000000048e+03	2.379999999999999893e+00
1.655084429521021128e+09	2.323399999999999879e-04	1.847750000000000012e-06	-6.040830000000000234e-07	-5.995419999999999961e-09	1.033131930000000011e+03	2.379999999999999893e+00
1.655084431134977102e+09	2.322210000000000116e-04	1.788149999999999981e-06	-6.040830000000000234e-07	-6.053630000000000322e-09	1.033134350000000040e+03	2.379999999999999893e+00
1.655084432749842644e+09	2.321609999999999885e-04	1.788149999999999981e-06	-6.040830000000000234e-07	-6.053630000000000322e-09	1.033096420000000080e+03	2.379999999999999893e+00
1.655084434362431049e+09	2.321009999999999924e-04	1.847750000000000012e-06	-6.040830000000000234e-07	-5.937209999999999601e-09	1.033076870000000099e+03	2.379999999999999893e+00
1.655084435977437019e+09	2.321009999999999924e-04	1.847750000000000012e-06	-6.040830000000000234e-07	-5.995419999999999961e-09	1.033058610000000044e+03	2.379999999999999893e+00
1.655084437587086678e+09	2.319230000000000087e-04	1.847750000000000012e-06	-6.040830000000000234e-07	-5.937209999999999601e-09	1.033061779999999999e+03	2.379999999999999893e+00
1.655084444204670429e+09	2.317440000000000092e-04	1.847750000000000012e-06	-6.040830000000000234e-07	-5.995419999999999961e-09	1.032981870000000072e+03	2.390000000000000124e+00
1.655084445816292286e+09	2.316840000000000132e-04	1.788149999999999981e-06	-6.040830000000000234e-07	-5.995419999999999961e-09	1.032976270000000113e+03	2.390000000000000124e+00
1.655084447435751438e+09	2.316250000000000058e-04	1.728540000000000098e-06	-6.040830000000000234e-07	-6.053630000000000322e-09	1.032943050000000085e+03	2.390000000000000124e+00
1.655084449040841103e+09	2.315650000000000098e-04	1.788149999999999981e-06	-6.040830000000000234e-07	-5.995419999999999961e-09	1.032921389999999974e+03	2.390000000000000124e+00
1.655084450659963131e+09	2.314460000000000063e-04	1.788149999999999981e-06	-6.040830000000000234e-07	-6.053630000000000322e-09	1.032894270000000006e+03	2.390000000000000124e+00
1.655084452273052692e+09	2.313270000000000029e-04	1.788149999999999981e-06	-6.040830000000000234e-07	-5.995419999999999961e-09	1.032895569999999907e+03	2.390000000000000124e+00
1.655084453884191990e+09	2.312670000000000069e-04	1.847750000000000012e-06	-6.040830000000000234e-07	-6.053630000000000322e-09	1.032891570000000002e+03	2.390000000000000124e+00
1.655084455488961458e+09	2.312670000000000069e-04	1.847750000000000012e-06	-6.040830000000000234e-07	-5.937209999999999601e-09	1.032876530000000002e+03	2.390000000000000124e+00
1.655084457097631693e+09	2.312670000000000069e-04	1.788149999999999981e-06	-6.040830000000000234e-07	-5.937209999999999601e-09	1.032841310000000021e+03	2.390000000000000124e+00
1.655084458710963488e+09	2.311480000000000034e-04	1.847750000000000012e-06	-6.040830000000000234e-07	-6.053630000000000322e-09	1.032813139999999976e+03	2.390000000000000124e+00
1.655084465343469858e+09	2.308500000000000005e-04	1.788149999999999981e-06	-6.040830000000000234e-07	-5.995419999999999961e-09	1.032752870000000030e+03	2.399999999999999911e+00
1.655084466949963808e+09	2.307900000000000045e-04	1.788149999999999981e-06	-6.040830000000000234e-07	-5.937209999999999601e-09	1.032731050000000096e+03	2.399999999999999911e+00
1.655084468556214809e+09	2.307309999999999971e-04	1.788149999999999981e-06	-6.040830000000000234e-07	-5.995419999999999961e-09	1.032719180000000051e+03	2.399999999999999911e+00
1.655084470166996479e+09	2.307309999999999971e-04	1.788149999999999981e-06	-6.040830000000000234e-07	-5.995419999999999961e-09	1.032709350000000086e+03	2.399999999999999911e+00
1.655084471776742935e+09	2.306110000000000050e-04	1.788149999999999981e-06	-6.040830000000000234e-07	-5.995419999999999961e-09	1.032679039999999986e+03	2.399999999999999911e+00
1.655084473381514072e+09	2.305519999999999976e-04	1.788149999999999981e-06	-6.040830000000000234e-07	-6.053630000000000322e-09	1.032675179999999955e+03	2.399999999999999911e+00
1.655084474997778654e+09	2.305519999999999976e-04	1.788149999999999981e-06	-6.040830000000000234e-07	-6.053630000000000322e-09	1.032647529999999961e+03	2.399999999999999911e+00
1.655084476611665726e+09	2.303729999999999981e-04	1.788149999999999981e-06	-6.040830000000000234e-07	-5.995419999999999961e-09	1.032642049999999927e+03	2.399999999999999911e+00
1.655084478230406761e+09	2.303130000000000021e-04	1.847750000000000012e-06	-6.040830000000000234e-07	-5.937209999999999601e-09	1.032612679999999955e+03	2.399999999999999911e+00
1.655084479834225655e+09	2.303130000000000021e-04	1.788149999999999981e-06	-6.040830000000000234e-07	-5.995419999999999961e-09	1.032604479999999967e+03	2.399999999999999911e+00
1.655084486474976301e+09	2.300149999999999992e-04	1.788149999999999981e-06	-6.040830000000000234e-07	-6.053630000000000322e-09	1.032534090000000106e+03	2.410000000000000142e+00
1.655084488079849958e+09	2.300149999999999992e-04	1.847750000000000012e-06	-6.040830000000000234e-07	-6.053630000000000322e-09	1.032519070000000056e+03	2.410000000000000142e+00
1.655084489695265532e+09	2.299559999999999918e-04	1.788149999999999981e-06	-6.040830000000000234e-07	-5.995419999999999961e-09	1.032514239999999972e+03	2.410000000000000142e+00
1.655084491303661346e+09	2.298359999999999997e-04	1.788149999999999981e-06	-6.040830000000000234e-07	-5.995419999999999961e-09	1.032483339999999998e+03	2.410000000000000142e+00
1.655084492909070015e+09	2.297769999999999923e-04	1.847750000000000012e-06	-6.040830000000000234e-07	-6.053630000000000322e-09	1.032475560000000087e+03	2.410000000000000142e+00
1.655084494511046648e+09	2.297169999999999963e-04	1.847750000000000012e-06	-6.040830000000000234e-07	-5.995419999999999961e-09	1.032458440000000110e+03	2.410000000000000142e+00
1.655084496124424696e+09	2.297169999999999963e-04	1.847750000000000012e-06	-6.040830000000000234e-07	-6.053630000000000322e-09	1.032437860000000001e+03	2.410000000000000142e+00
1.655084497741963625e+09	2.295979999999999928e-04	1.847750000000000012e-06	-6.040830000000000234e-07	-5.995419999999999961e-09	1.032431869999999890e+03	2.410000000000000142e+00
1.655084499346053839e+09	2.294789999999999894e-04	1.847750000000000012e-06	-6.040830000000000234e-07	-5.937209999999999601e-09	1.032390509999999949e+03	2.410000000000000142e+00
1.655084500954452276e+09	2.294789999999999894e-04	1.788149999999999981e-06	-6.040830000000000234e-07	-5.995419999999999961e-09	1.032387919999999895e+03	2.410000000000000142e+00
1.655084507594192982e+09	2.292399999999999939e-04	1.788149999999999981e-06	-6.040830000000000234e-07	-5.995419999999999961e-09	1.032308989999999994e+03	2.419999999999999929e+00
1.655084509206069946e+09	2.291209999999999905e-04	1.788149999999999981e-06	-6.040830000000000234e-07	-5.937209999999999601e-09	1.032288600000000088e+03	2.419999999999999929e+00
1.655084510817612648e+09	2.290019999999999870e-04	1.788149999999999981e-06	-6.040830000000000234e-07	-5.995419999999999961e-09	1.032298669999999902e+03	2.419999999999999929e+00
1.655084512436150551e+09	2.290019999999999870e-04	1.788149999999999981e-06	-6.040830000000000234e-07	-5.995419999999999961e-09	1.032260590000000093e+03	2.419999999999999929e+00
1.655084514058962107e+09	2.290019999999999870e-04	1.788149999999999981e-06	-6.040830000000000234e-07	-5.995419999999999961e-09	1.032259540000000015e+03	2.419999999999999929e+00
1.655084515668105841e+09	2.288830000000000107e-04	1.788149999999999981e-06	-6.040830000000000234e-07	-5.937209999999999601e-09	1.032233739999999898e+03	2.419999999999999929e+00
1.655084517275749922e+09	2.288830000000000107e-04	1.788149999999999981e-06	-6.040830000000000234e-07	-5.995419999999999961e-09	1.032214570000000094e+03	2.419999999999999929e+00
1.655084518882300615e+09	2.287040000000000112e-04	1.788149999999999981e-06	-6.040830000000000234e-07	-6.053630000000000322e-09	1.032201540000000023e+03	2.419999999999999929e+00
1.655084520496989727e+09	2.286439999999999881e-04	1.847750000000000012e-06	-6.040830000000000234e-07	-5.995419999999999961e-09	1.032174770000000080e+03	2.419999999999999929e+00
1.655084522105017185e+09	2.286439999999999881e-04	1.788149999999999981e-06	-6.040830000000000234e-07	-5.995419999999999961e-09	1.032157240000000002e+03	2.419999999999999929e+00
1.655084528727116823e+09	2.284060000000000083e-04	1.788149999999999981e-06	-6.040830000000000234e-07	-5.995419999999999961e-09	1.032089109999999891e+03	2.430000000000000160e+00
1.655084530334468126e+09	2.283460000000000123e-04	1.788149999999999981e-06	-6.041410000000000362e-07	-5.937209999999999601e-09	1.032081329999999980e+03	2.430000000000000160e+00
1.655084531960621119e+09	2.282870000000000049e-04	1.788149999999999981e-06	-6.040830000000000234e-07	-6.053630000000000322e-09	1.032073090000000093e+03	2.430000000000000160e+00
1.655084533564316750e+09	2.282270000000000089e-04	1.728540000000000098e-06	-6.040830000000000234e-07	-6.053630000000000322e-09	1.032047849999999926e+03	2.430000000000000160e+00
1.655084535183174610e+09	2.281680000000000015e-04	1.847750000000000012e-06	-6.040830000000000234e-07	-5.937209999999999601e-09	1.032033599999999979e+03	2.430000000000000160e+00
1.655084536798962593e+09	2.280480000000000094e-04	1.788149999999999981e-06	-6.040830000000000234e-07	-6.053630000000000322e-09	1.031996110000000044e+03	2.430000000000000160e+00
1.655084538410158396e+09	2.280480000000000094e-04	1.847750000000000012e-06	-6.040830000000000234e-07	-5.995419999999999961e-09	1.031995949999999993e+03	2.430000000000000160e+00
1.655084540028963327e+09	2.279290000000000059e-04	1.788149999999999981e-06	-6.040830000000000234e-07	-5.995419999999999961e-09	1.031970820000000003e+03	2.430000000000000160e+00
1.655084541642154217e+09	2.278100000000000025e-04	1.847750000000000012e-06	-6.040830000000000234e-07	-5.995419999999999961e-09	1.031957480000000032e+03	2.430000000000000160e+00
1.655084543246885538e+09	2.278100000000000025e-04	1.788149999999999981e-06	-6.040830000000000234e-07	-6.053630000000000322e-09	1.031944259999999986e+03	2.430000000000000160e+00
1.655084549886291265e+09	2.275710000000000070e-04	1.847750000000000012e-06	-6.040830000000000234e-07	-5.995419999999999961e-09	1.031885189999999966e+03	2.439999999999999947e+00
1.655084551502292156e+09	2.275119999999999996e-04	1.728540000000000098e-06	-6.040830000000000234e-07	-5.937209999999999601e-09	1.031856970000000047e+03	2.439999999999999947e+00
1.655084553117655277e+09	2.274520000000000036e-04	1.788149999999999981e-06	-6.040830000000000234e-07	-6.053630000000000322e-09	1.031837970000000041e+03	2.439999999999999947e+00
1.655084554722214460e+09	2.273929999999999962e-04	1.847750000000000012e-06	-6.040830000000000234e-07	-5.995419999999999961e-09	1.031831269999999904e+03	2.439999999999999947e+00
1.655084556336238623e+09	2.272730000000000041e-04	1.788149999999999981e-06	-6.040830000000000234e-07	-5.995419999999999961e-09	1.031811310000000049e+03	2.439999999999999947e+00
1.655084557951835871e+09	2.272139999999999967e-04	1.788149999999999981e-06	-6.040830000000000234e-07	-6.053630000000000322e-09	1.031780829999999924e+03	2.439999999999999947e+00
1.655084559565365076e+09	2.271540000000000007e-04	1.788149999999999981e-06	-6.040830000000000234e-07	-5.995419999999999961e-09	1.031767139999999927e+03	2.439999999999999947e+00
1.655084561172964096e+09	2.270949999999999933e-04	1.788149999999999981e-06	-6.040830000000000234e-07	-5.995419999999999961e-09	1.031750230000000101e+03	2.439999999999999947e+00
1.655084562775821924e+09	2.270349999999999972e-04	1.788149999999999981e-06	-6.040830000000000234e-07	-5.995419999999999961e-09	1.031749409999999898e+03	2.439999999999999947e+00
1.655084564390437603e+09	2.269750000000000012e-04	1.788149999999999981e-06	-6.040830000000000234e-07	-5.995419999999999961e-09	1.031718759999999975e+03	2.439999999999999947e+00
1.655084571023881197e+09	2.267369999999999943e-04	1.788149999999999981e-06	-6.040830000000000234e-07	-5.995419999999999961e-09	1.031660530000000108e+03	2.450000000000000178e+00
1.655084572635414600e+09	2.266179999999999909e-04	1.788149999999999981e-06	-6.040830000000000234e-07	-5.995419999999999961e-09	1.031649030000000039e+03	2.450000000000000178e+00
1.655084574242730141e+09	2.265579999999999948e-04	1.788149999999999981e-06	-6.040830000000000234e-07	-5.937209999999999601e-09	1.031631540000000086e+03	2.450000000000000178e+00
1.655084575856333733e+09	2.266179999999999909e-04	1.847750000000000012e-06	-6.040830000000000234e-07	-5.937209999999999601e-09	1.031609590000000026e+03	2.450000000000000178e+00
1.655084577469963789e+09	2.264989999999999875e-04	1.788149999999999981e-06	-6.040830000000000234e-07	-6.053630000000000322e-09	1.031596039999999903e+03	2.450000000000000178e+00
1.655084579084578276e+09	2.264389999999999914e-04	1.788149999999999981e-06	-6.040830000000000234e-07	-5.995419999999999961e-09	1.031588989999999967e+03	2.450000000000000178e+00
1.655084580699484587e+09	2.263789999999999954e-04	1.728540000000000098e-06	-6.040830000000000234e-07	-5.995419999999999961e-09	1.031558579999999893e+03	2.450000000000000178e+00
1.655084582301514864e+09	2.262599999999999919e-04	1.788149999999999981e-06	-6.040830000000000234e-07	-5.937209999999999601e-09	1.031538240000000087e+03	2.450000000000000178e+00
1.655084583925724745e+09	2.262010000000000117e-04	1.728540000000000098e-06	-6.040830000000000234e-07	-5.995419999999999961e-09	1.031526669999999967e+03	2.450000000000000178e+00
1.655084585542035103e+09	2.261409999999999885e-04	1.728540000000000098e-06	-6.040830000000000234e-07	-5.995419999999999961e-09	1.031538099999999986e+03	2.450000000000000178e+00
1.655084592158389330e+09	2.259619999999999890e-04	1.847750000000000012e-06	-6.040830000000000234e-07	-5.937209999999999601e-09	1.031441910000000007e+03	2.459999999999999964e+00
1.655084593775959253e+09	2.259030000000000087e-04	1.788149999999999981e-06	-6.040830000000000234e-07	-5.995419999999999961e-09	1.031427400000000034e+03	2.459999999999999964e+00
1.655084595398847580e+09	2.257829999999999896e-04	1.788149999999999981e-06	-6.040830000000000234e-07	-5.995419999999999961e-09	1.031416289999999890e+03	2.459999999999999964e+00
1.655084597008460522e+09	2.257240000000000093e-04	1.728540000000000098e-06	-6.040830000000000234e-07	-5.937209999999999601e-09	1.031401820000000043e+03	2.459999999999999964e+00
1.655084598612589598e+09	2.256640000000000132e-04	1.788149999999999981e-06	-6.040830000000000234e-07	-6.053630000000000322e-09	1.031386109999999917e+03	2.459999999999999964e+00
1.655084600224979877e+09	2.256050000000000058e-04	1.788149999999999981e-06	-6.040830000000000234e-07	-5.995419999999999961e-09	1.031358989999999949e+03	2.459999999999999964e+00
1.655084601837177515e+09	2.255450000000000098e-04	1.788149999999999981e-06	-6.040830000000000234e-07	-5.995419999999999961e-09	1.031341049999999996e+03	2.459999999999999964e+00
1.655084603449963570e+09	2.254849999999999867e-04	1.788149999999999981e-06	-6.040830000000000234e-07	-5.995419999999999961e-09	1.031327199999999948e+03	2.459999999999999964e+00
1.655084605062309742e+09	2.254260000000000064e-04	1.788149999999999981e-06	-6.040830000000000234e-07	-6.053630000000000322e-09	1.031303570000000036e+03	2.459999999999999964e+00
1.655084606675555229e+09	2.253059999999999872e-04	1.788149999999999981e-06	-6.040830000000000234e-07	-5.995419999999999961e-09	1.031297769999999900e+03	2.459999999999999964e+00
1.655084613300836086e+09	2.251280000000000035e-04	1.788149999999999981e-06	-6.040830000000000234e-07	-5.995419999999999961e-09	1.031232369999999946e+03	2.470000000000000195e+00
1.655084614916334152e+09	2.250680000000000074e-04	1.788149999999999981e-06	-6.040830000000000234e-07	-6.053630000000000322e-09	1.031204130000000077e+03	2.470000000000000195e+00
1.655084616528436422e+09	2.250080000000000114e-04	1.728540000000000098e-06	-6.040830000000000234e-07	-6.053630000000000322e-09	1.031197760000000017e+03	2.470000000000000195e+00
1.655084618141962528e+09	2.249490000000000040e-04	1.788149999999999981e-06	-6.040830000000000234e-07	-5.995419999999999961e-09	1.031174170000000004e+03	2.470000000000000195e+00
1.655084619757838249e+09	2.247700000000000045e-04	1.728540000000000098e-06	-6.040830000000000234e-07	-5.995419999999999961e-09	1.031159799999999905e+03	2.470000000000000195e+00
1.655084621372688532e+09	2.247100000000000085e-04	1.788149999999999981e-06	-6.040830000000000234e-07	-5.995419999999999961e-09	1.031146320000000060e+03	2.470000000000000195e+00
1.655084622980727196e+09	2.247100000000000085e-04	1.728540000000000098e-06	-6.040830000000000234e-07	-5.995419999999999961e-09	1.031141740000000027e+03	2.470000000000000195e+00
1.655084624587299109e+09	2.246510000000000011e-04	1.728540000000000098e-06	-6.040830000000000234e-07	-5.995419999999999961e-09	1.031114690000000110e+03	2.470000000000000195e+00
1.655084626194548368e+09	2.245910000000000050e-04	1.788149999999999981e-06	-6.040830000000000234e-07	-5.937209999999999601e-09	1.031093890000000101e+03	2.470000000000000195e+00
1.655084627809962988e+09	2.245910000000000050e-04	1.728540000000000098e-06	-6.040830000000000234e-07	-5.995419999999999961e-09	1.031075859999999921e+03	2.470000000000000195e+00
1.655084634439963341e+09	2.242339999999999947e-04	1.788149999999999981e-06	-6.040830000000000234e-07	-5.995419999999999961e-09	1.031031889999999976e+03	2.479999999999999982e+00
1.655084636045394659e+09	2.241739999999999987e-04	1.788149999999999981e-06	-6.040830000000000234e-07	-5.937209999999999601e-09	1.030994410000000016e+03	2.479999999999999982e+00
1.655084637660873175e+09	2.241739999999999987e-04	1.847750000000000012e-06	-6.040830000000000234e-07	-5.995419999999999961e-09	1.030987270000000080e+03	2.479999999999999982e+00
1.655084639279155493e+09	2.241140000000000027e-04	1.728540000000000098e-06	-6.040830000000000234e-07	-5.995419999999999961e-09	1.030968959999999925e+03	2.479999999999999982e+00
1.655084640886976480e+09	2.239949999999999992e-04	1.788149999999999981e-06	-6.040830000000000234e-07	-5.937209999999999601e-09	1.030944950000000063e+03	2.479999999999999982e+00
1.655084642488001108e+09	2.239359999999999918e-04	1.728540000000000098e-06	-6.040830000000000234e-07	-5.995419999999999961e-09	1.030934510000000046e+03	2.479999999999999982e+00
1.655084644088390589e+09	2.239359999999999918e-04	1.788149999999999981e-06	-6.040830000000000234e-07	-6.053630000000000322e-09	1.030913189999999986e+03	2.479999999999999982e+00
1.655084645686506510e+09	2.238759999999999958e-04	1.728540000000000098e-06	-6.040830000000000234e-07	-6.053630000000000322e-09	1.030915079999999989e+03	2.479999999999999982e+00
1.655084647290172338e+09	2.238159999999999998e-04	1.728540000000000098e-06	-6.040830000000000234e-07	-5.995419999999999961e-09	1.030870619999999917e+03	2.479999999999999982e+00
1.655084648896976709e+09	2.238159999999999998e-04	1.788149999999999981e-06	-6.040830000000000234e-07	-6.053630000000000322e-09	1.030882059999999910e+03	2.479999999999999982e+00
1.655084655515931368e+09	2.233989999999999934e-04	1.728540000000000098e-06	-6.040830000000000234e-07	-5.995419999999999961e-09	1.030814540000000079e+03	2.490000000000000213e+00
1.655084657124161482e+09	2.233989999999999934e-04	1.788149999999999981e-06	-6.040830000000000234e-07	-5.995419999999999961e-09	1.030778769999999895e+03	2.490000000000000213e+00
1.655084658743182182e+09	2.233400000000000131e-04	1.728540000000000098e-06	-6.040830000000000234e-07	-5.995419999999999961e-09	1.030765979999999900e+03	2.490000000000000213e+00
1.655084660358963490e+09	2.232799999999999900e-04	1.728540000000000098e-06	-6.040830000000000234e-07	-5.937209999999999601e-09	1.030751780000000053e+03	2.490000000000000213e+00
1.655084661977078438e+09	2.231609999999999865e-04	1.788149999999999981e-06	-6.040830000000000234e-07	-5.995419999999999961e-09	1.030739289999999983e+03	2.490000000000000213e+00
1.655084663583881617e+09	2.231609999999999865e-04	1.728540000000000098e-06	-6.040830000000000234e-07	-5.995419999999999961e-09	1.030718499999999949e+03	2.490000000000000213e+00
1.655084665186976671e+09	2.231609999999999865e-04	1.728540000000000098e-06	-6.040830000000000234e-07	-5.995419999999999961e-09	1.030705200000000104e+03	2.490000000000000213e+00
1.655084666790963411e+09	2.230420000000000102e-04	1.728540000000000098e-06	-6.040830000000000234e-07	-5.995419999999999961e-09	1.030681649999999991e+03	2.490000000000000213e+00
1.655084668397119761e+09	2.229819999999999871e-04	1.788149999999999981e-06	-6.040830000000000234e-07	-5.995419999999999961e-09	1.030667650000000094e+03	2.490000000000000213e+00
1.655084669997185230e+09	2.228630000000000107e-04	1.788149999999999981e-06	-6.040830000000000234e-07	-6.053630000000000322e-09	1.030655240000000049e+03	2.490000000000000213e+00
1.655084676618414402e+09	2.226840000000000113e-04	1.668940000000000067e-06	-6.040830000000000234e-07	-5.995419999999999961e-09	1.030592259999999897e+03	2.500000000000000000e+00
1.655084678235097170e+09	2.225650000000000078e-04	1.788149999999999981e-06	-6.040830000000000234e-07	-5.937209999999999601e-09	1.030571699999999964e+03	2.500000000000000000e+00
1.655084679848063231e+09	2.225050000000000118e-04	1.788149999999999981e-06	-6.040830000000000234e-07	-5.995419999999999961e-09	1.030561239999999998e+03	2.500000000000000000e+00
1.655084681445280790e+09	2.223860000000000084e-04	1.728540000000000098e-06	-6.040830000000000234e-07	-5.937209999999999601e-09	1.030548720000000003e+03	2.500000000000000000e+00
1.655084683056049824e+09	2.223860000000000084e-04	1.788149999999999981e-06	-6.040830000000000234e-07	-6.053630000000000322e-09	1.030532699999999977e+03	2.500000000000000000e+00
1.655084684666453838e+09	2.223860000000000084e-04	1.728540000000000098e-06	-6.040830000000000234e-07	-6.053630000000000322e-09	1.030511960000000045e+03	2.500000000000000000e+00
1.655084686286643744e+09	2.222670000000000049e-04	1.728540000000000098e-06	-6.040830000000000234e-07	-5.995419999999999961e-09	1.030480999999999995e+03	2.500000000000000000e+00
1.655084687897218704e+09	2.222070000000000089e-04	1.788149999999999981e-06	-6.040830000000000234e-07	-5.995419999999999961e-09	1.030484789999999975e+03	2.500000000000000000e+00
1.655084689505310774e+09	2.222070000000000089e-04	1.847750000000000012e-06	-6.040830000000000234e-07	-5.995419999999999961e-09	1.030472690000000057e+03	2.500000000000000000e+00
1.655084691108372927e+09	2.221470000000000129e-04	1.788149999999999981e-06	-6.040830000000000234e-07	-5.995419999999999961e-09	1.030449219999999968e+03	2.500000000000000000e+00
1.655084697731308699e+09	2.219090000000000060e-04	1.728540000000000098e-06	-6.040830000000000234e-07	-5.995419999999999961e-09	1.030377089999999953e+03	2.510000000000000231e+00
1.655084699354288101e+09	2.217900000000000026e-04	1.788149999999999981e-06	-6.040830000000000234e-07	-6.053630000000000322e-09	1.030359989999999925e+03	2.510000000000000231e+00
1.655084700971746206e+09	2.217300000000000065e-04	1.668940000000000067e-06	-6.040830000000000234e-07	-5.995419999999999961e-09	1.030340359999999919e+03	2.510000000000000231e+00
1.655084702583281517e+09	2.217300000000000065e-04	1.728540000000000098e-06	-6.040830000000000234e-07	-5.937209999999999601e-09	1.030330439999999953e+03	2.510000000000000231e+00
1.655084704187047243e+09	2.216110000000000031e-04	1.728540000000000098e-06	-6.040830000000000234e-07	-6.053630000000000322e-09	1.030318500000000085e+03	2.510000000000000231e+00
1.655084705789864779e+09	2.216110000000000031e-04	1.847750000000000012e-06	-6.040830000000000234e-07	-5.995419999999999961e-09	1.030294789999999921e+03	2.510000000000000231e+00
1.655084707418962955e+09	2.214320000000000036e-04	1.788149999999999981e-06	-6.041410000000000362e-07	-5.995419999999999961e-09	1.030289129999999886e+03	2.510000000000000231e+00
1.655084709025607586e+09	2.214320000000000036e-04	1.788149999999999981e-06	-6.040830000000000234e-07	-5.995419999999999961e-09	1.030265990000000102e+03	2.510000000000000231e+00
1.655084710634107590e+09	2.213729999999999962e-04	1.788149999999999981e-06	-6.040830000000000234e-07	-6.053630000000000322e-09	1.030251970000000028e+03	2.510000000000000231e+00
1.655084712245017290e+09	2.212530000000000041e-04	1.788149999999999981e-06	-6.040830000000000234e-07	-5.995419999999999961e-09	1.030238180000000057e+03	2.510000000000000231e+00
1.655084718870847940e+09	2.210749999999999933e-04	1.728540000000000098e-06	-6.040830000000000234e-07	-5.995419999999999961e-09	1.030187259999999924e+03	2.520000000000000018e+00
1.655084720486297607e+09	2.210149999999999973e-04	1.728540000000000098e-06	-6.040830000000000234e-07	-5.937209999999999601e-09	1.030159139999999979e+03	2.520000000000000018e+00
1.655084722097651243e+09	2.209550000000000012e-04	1.788149999999999981e-06	-6.040830000000000234e-07	-6.053630000000000322e-09	1.030152270000000044e+03	2.520000000000000018e+00
1.655084723711513996e+09	2.208959999999999938e-04	1.728540000000000098e-06	-6.040830000000000234e-07	-5.995419999999999961e-09	1.030119179999999915e+03	2.520000000000000018e+00
1.655084725317305088e+09	2.207769999999999904e-04	1.728540000000000098e-06	-6.040830000000000234e-07	-6.053630000000000322e-09	1.030108870000000024e+03	2.520000000000000018e+00
1.655084726931028366e+09	2.207169999999999944e-04	1.728540000000000098e-06	-6.040830000000000234e-07	-6.053630000000000322e-09	1.030088500000000067e+03	2.520000000000000018e+00
1.655084728535851479e+09	2.207169999999999944e-04	1.668940000000000067e-06	-6.040830000000000234e-07	-5.995419999999999961e-09	1.030073650000000043e+03	2.520000000000000018e+00
1.655084730149943829e+09	2.207169999999999944e-04	1.728540000000000098e-06	-6.040830000000000234e-07	-5.995419999999999961e-09	1.030063769999999977e+03	2.520000000000000018e+00
1.655084731752364397e+09	2.204789999999999875e-04	1.728540000000000098e-06	-6.040830000000000234e-07	-6.053630000000000322e-09	1.030031719999999950e+03	2.520000000000000018e+00
1.655084733366014481e+09	2.204789999999999875e-04	1.668940000000000067e-06	-6.040830000000000234e-07	-5.995419999999999961e-09	1.030031989999999951e+03	2.520000000000000018e+00
1.655084739999367952e+09	2.202399999999999920e-04	1.788149999999999981e-06	-6.040830000000000234e-07	-6.053630000000000322e-09	1.029960340000000087e+03	2.530000000000000249e+00
1.655084741619877100e+09	2.201799999999999959e-04	1.788149999999999981e-06	-6.040830000000000234e-07	-5.995419999999999961e-09	1.029948799999999892e+03	2.530000000000000249e+00
1.655084743220963478e+09	2.200609999999999925e-04	1.728540000000000098e-06	-6.040830000000000234e-07	-6.053630000000000322e-09	1.029923129999999901e+03	2.530000000000000249e+00
1.655084744826031685e+09	2.200020000000000122e-04	1.728540000000000098e-06	-6.040830000000000234e-07	-5.995419999999999961e-09	1.029929660000000013e+03	2.530000000000000249e+00
1.655084746437952518e+09	2.200020000000000122e-04	1.728540000000000098e-06	-6.040830000000000234e-07	-5.995419999999999961e-09	1.029910280000000057e+03	2.530000000000000249e+00
1.655084748043056488e+09	2.199419999999999891e-04	1.728540000000000098e-06	-6.040830000000000234e-07	-5.995419999999999961e-09	1.029884479999999940e+03	2.530000000000000249e+00
1.655084749646412849e+09	2.199419999999999891e-04	1.728540000000000098e-06	-6.040830000000000234e-07	-5.995419999999999961e-09	1.029869709999999941e+03	2.530000000000000249e+00
1.655084751252332687e+09	2.198230000000000127e-04	1.728540000000000098e-06	-6.040830000000000234e-07	-5.995419999999999961e-09	1.029854299999999967e+03	2.530000000000000249e+00
1.655084752863556385e+09	2.197629999999999896e-04	1.788149999999999981e-06	-6.040830000000000234e-07	-6.053630000000000322e-09	1.029822840000000042e+03	2.530000000000000249e+00
1.655084754477064610e+09	2.196440000000000133e-04	1.728540000000000098e-06	-6.040830000000000234e-07	-5.995419999999999961e-09	1.029821509999999989e+03	2.530000000000000249e+00
1.655084761095050335e+09	2.194649999999999867e-04	1.728540000000000098e-06	-6.040830000000000234e-07	-5.995419999999999961e-09	1.029752179999999953e+03	2.540000000000000036e+00
1.655084762706911087e+09	2.194060000000000064e-04	1.728540000000000098e-06	-6.040830000000000234e-07	-5.995419999999999961e-09	1.029744819999999891e+03	2.540000000000000036e+00
1.655084764311257839e+09	2.193460000000000104e-04	1.728540000000000098e-06	-6.040830000000000234e-07	-5.995419999999999961e-09	1.029720109999999977e+03	2.540000000000000036e+00
1.655084765917952299e+09	2.192859999999999872e-04	1.728540000000000098e-06	-6.040830000000000234e-07	-5.995419999999999961e-09	1.029699830000000020e+03	2.540000000000000036e+00
1.655084767525072336e+09	2.191670000000000109e-04	1.728540000000000098e-06	-6.040830000000000234e-07	-5.995419999999999961e-09	1.029692540000000008e+03	2.540000000000000036e+00
1.655084769130177021e+09	2.191080000000000035e-04	1.728540000000000098e-06	-6.040830000000000234e-07	-6.053630000000000322e-09	1.029679570000000012e+03	2.540000000000000036e+00
1.655084770744280815e+09	2.191080000000000035e-04	1.788149999999999981e-06	-6.040830000000000234e-07	-6.053630000000000322e-09	1.029671509999999898e+03	2.540000000000000036e+00
1.655084772350633383e+09	2.190480000000000075e-04	1.728540000000000098e-06	-6.040830000000000234e-07	-5.995419999999999961e-09	1.029657879999999977e+03	2.540000000000000036e+00
1.655084773963421583e+09	2.189290000000000040e-04	1.728540000000000098e-06	-6.040830000000000234e-07	-6.053630000000000322e-09	1.029634739999999965e+03	2.540000000000000036e+00
1.655084775573454142e+09	2.189290000000000040e-04	1.728540000000000098e-06	-6.040830000000000234e-07	-5.995419999999999961e-09	1.029615420000000086e+03	2.540000000000000036e+00
1.655084782205081463e+09	2.187500000000000046e-04	1.728540000000000098e-06	-6.040830000000000234e-07	-5.995419999999999961e-09	1.029546869999999899e+03	2.550000000000000266e+00
1.655084783814329147e+09	2.185710000000000051e-04	1.788149999999999981e-06	-6.040830000000000234e-07	-5.995419999999999961e-09	1.029538340000000062e+03	2.550000000000000266e+00
1.655084785433912039e+09	2.185710000000000051e-04	1.788149999999999981e-06	-6.040830000000000234e-07	-6.053630000000000322e-09	1.029534390000000030e+03	2.550000000000000266e+00
1.655084787046347618e+09	2.185119999999999977e-04	1.728540000000000098e-06	-6.040830000000000234e-07	-6.053630000000000322e-09	1.029503429999999980e+03	2.550000000000000266e+00
1.655084788650963783e+09	2.184520000000000016e-04	1.728540000000000098e-06	-6.040830000000000234e-07	-5.995419999999999961e-09	1.029478010000000040e+03	2.550000000000000266e+00
1.655084790269930601e+09	2.183920000000000056e-04	1.788149999999999981e-06	-6.040830000000000234e-07	-5.995419999999999961e-09	1.029480929999999944e+03	2.550000000000000266e+00
1.655084791888529301e+09	2.183920000000000056e-04	1.728540000000000098e-06	-6.040830000000000234e-07	-5.995419999999999961e-09	1.029450170000000071e+03	2.550000000000000266e+00
1.655084793508859396e+09	2.182730000000000022e-04	1.609329999999999972e-06	-6.040830000000000234e-07	-5.995419999999999961e-09	1.029430419999999913e+03	2.550000000000000266e+00
1.655084795122090340e+09	2.182139999999999948e-04	1.728540000000000098e-06	-6.040830000000000234e-07	-6.053630000000000322e-09	1.029409409999999980e+03	2.550000000000000266e+00
1.655084796733009577e+09	2.180940000000000027e-04	1.728540000000000098e-06	-6.040830000000000234e-07	-5.995419999999999961e-09	1.029412929999999960e+03	2.550000000000000266e+00
1.655084803346452236e+09	2.179159999999999919e-04	1.728540000000000098e-06	-6.040830000000000234e-07	-5.995419999999999961e-09	1.029332480000000032e+03	2.560000000000000053e+00
1.655084804970963478e+09	2.178559999999999958e-04	1.728540000000000098e-06	-6.040830000000000234e-07	-5.995419999999999961e-09	1.029330999999999904e+03	2.560000000000000053e+00
1.655084806578963280e+09	2.177959999999999998e-04	1.728540000000000098e-06	-6.040830000000000234e-07	-5.995419999999999961e-09	1.029318330000000060e+03	2.560000000000000053e+00
1.655084808185189009e+09	2.176769999999999964e-04	1.728540000000000098e-06	-6.040830000000000234e-07	-5.995419999999999961e-09	1.029300529999999981e+03	2.560000000000000053e+00
1.655084809798962831e+09	2.176769999999999964e-04	1.728540000000000098e-06	-6.040830000000000234e-07	-5.995419999999999961e-09	1.029279980000000023e+03	2.560000000000000053e+00
1.655084811405434132e+09	2.176170000000000003e-04	1.728540000000000098e-06	-6.040830000000000234e-07	-5.995419999999999961e-09	1.029283300000000054e+03	2.560000000000000053e+00
1.655084813020962000e+09	2.174979999999999969e-04	1.728540000000000098e-06	-6.040830000000000234e-07	-5.995419999999999961e-09	1.029252870000000030e+03	2.560000000000000053e+00
1.655084814629831791e+09	2.174389999999999895e-04	1.728540000000000098e-06	-6.040830000000000234e-07	-5.995419999999999961e-09	1.029226139999999987e+03	2.560000000000000053e+00
1.655084816245448589e+09	2.174389999999999895e-04	1.668940000000000067e-06	-6.040830000000000234e-07	-6.053630000000000322e-09	1.029218170000000100e+03	2.560000000000000053e+00
1.655084817866349220e+09	2.173789999999999935e-04	1.728540000000000098e-06	-6.040830000000000234e-07	-5.995419999999999961e-09	1.029211610000000064e+03	2.560000000000000053e+00
1.655084824497164726e+09	2.170809999999999905e-04	1.728540000000000098e-06	-6.040830000000000234e-07	-5.995419999999999961e-09	1.029140650000000051e+03	2.569999999999999840e+00
1.655084826101514578e+09	2.170809999999999905e-04	1.668940000000000067e-06	-6.040830000000000234e-07	-5.995419999999999961e-09	1.029130390000000034e+03	2.569999999999999840e+00
1.655084827721116066e+09	2.169619999999999871e-04	1.668940000000000067e-06	-6.040830000000000234e-07	-5.995419999999999961e-09	1.029103990000000067e+03	2.569999999999999840e+00
1.655084829338288307e+09	2.169019999999999911e-04	1.728540000000000098e-06	-6.040830000000000234e-07	-5.995419999999999961e-09	1.029090110000000095e+03	2.569999999999999840e+00
1.655084830949793816e+09	2.169019999999999911e-04	1.728540000000000098e-06	-6.040830000000000234e-07	-5.995419999999999961e-09	1.029077099999999973e+03	2.569999999999999840e+00
1.655084832560179234e+09	2.167829999999999876e-04	1.728540000000000098e-06	-6.040830000000000234e-07	-6.053630000000000322e-09	1.029067080000000033e+03	2.569999999999999840e+00
1.655084834166743517e+09	2.167229999999999916e-04	1.728540000000000098e-06	-6.040830000000000234e-07	-5.995419999999999961e-09	1.029040950000000066e+03	2.569999999999999840e+00
1.655084835784976244e+09	2.166640000000000113e-04	1.788149999999999981e-06	-6.040830000000000234e-07	-5.937209999999999601e-09	1.029036650000000009e+03	2.569999999999999840e+00
1.655084837406572342e+09	2.166640000000000113e-04	1.788149999999999981e-06	-6.040830000000000234e-07	-5.995419999999999961e-09	1.029021549999999934e+03	2.569999999999999840e+00
1.655084839028313637e+09	2.166039999999999882e-04	1.728540000000000098e-06	-6.040830000000000234e-07	-6.053630000000000322e-09	1.029009780000000092e+03	2.569999999999999840e+00
1.655084845644382238e+09	2.163660000000000084e-04	1.728540000000000098e-06	-6.040830000000000234e-07	-5.995419999999999961e-09	1.028937269999999899e+03	2.580000000000000071e+00
1.655084847259207726e+09	2.162470000000000050e-04	1.668940000000000067e-06	-6.040830000000000234e-07	-5.995419999999999961e-09	1.028926999999999907e+03	2.580000000000000071e+00
1.655084848867183208e+09	2.161870000000000089e-04	1.728540000000000098e-06	-6.040830000000000234e-07	-5.995419999999999961e-09	1.028904230000000098e+03	2.580000000000000071e+00
1.655084850477091551e+09	2.161270000000000129e-04	1.728540000000000098e-06	-6.040830000000000234e-07	-5.995419999999999961e-09	1.028885399999999890e+03	2.580000000000000071e+00
1.655084852091483116e+09	2.160680000000000055e-04	1.728540000000000098e-06	-6.040830000000000234e-07	-6.053630000000000322e-09	1.028876350000000002e+03	2.580000000000000071e+00
1.655084853708982706e+09	2.160680000000000055e-04	1.668940000000000067e-06	-6.040830000000000234e-07	-5.995419999999999961e-09	1.028864019999999982e+03	2.580000000000000071e+00
1.655084855331518173e+09	2.160080000000000095e-04	1.728540000000000098e-06	-6.040830000000000234e-07	-6.053630000000000322e-09	1.028852789999999914e+03	2.580000000000000071e+00
1.655084856944417477e+09	2.158290000000000100e-04	1.728540000000000098e-06	-6.040830000000000234e-07	-5.995419999999999961e-09	1.028817680000000109e+03	2.580000000000000071e+00
1.655084858550963402e+09	2.158290000000000100e-04	1.728540000000000098e-06	-6.040830000000000234e-07	-6.053630000000000322e-09	1.028810330000000022e+03	2.580000000000000071e+00
1.655084860157659292e+09	2.158290000000000100e-04	1.668940000000000067e-06	-6.040830000000000234e-07	-5.995419999999999961e-09	1.028789890000000014e+03	2.580000000000000071e+00
1.655084866780251503e+09	2.155310000000000071e-04	1.728540000000000098e-06	-6.040830000000000234e-07	-5.995419999999999961e-09	1.028724410000000034e+03	2.589999999999999858e+00
1.655084868386291742e+09	2.155310000000000071e-04	1.668940000000000067e-06	-6.040830000000000234e-07	-6.053630000000000322e-09	1.028707940000000008e+03	2.589999999999999858e+00
1.655084869998387814e+09	2.154719999999999997e-04	1.728540000000000098e-06	-6.040830000000000234e-07	-5.995419999999999961e-09	1.028713189999999940e+03	2.589999999999999858e+00
1.655084871626295090e+09	2.153529999999999963e-04	1.728540000000000098e-06	-6.040830000000000234e-07	-5.995419999999999961e-09	1.028710460000000012e+03	2.589999999999999858e+00
1.655084873246278048e+09	2.152330000000000042e-04	1.728540000000000098e-06	-6.040830000000000234e-07	-6.053630000000000322e-09	1.028675600000000031e+03	2.589999999999999858e+00
1.655084874863626480e+09	2.152330000000000042e-04	1.728540000000000098e-06	-6.040830000000000234e-07	-6.053630000000000322e-09	1.028661010000000033e+03	2.589999999999999858e+00
1.655084876466670036e+09	2.151739999999999968e-04	1.728540000000000098e-06	-6.040830000000000234e-07	-6.053630000000000322e-09	1.028659949999999981e+03	2.589999999999999858e+00
1.655084878076937437e+09	2.151140000000000007e-04	1.668940000000000067e-06	-6.040830000000000234e-07	-6.053630000000000322e-09	1.028633820000000014e+03	2.589999999999999858e+00
1.655084879688944578e+09	2.151140000000000007e-04	1.668940000000000067e-06	-6.040830000000000234e-07	-5.995419999999999961e-09	1.028602730000000065e+03	2.589999999999999858e+00
1.655084881304388762e+09	2.150540000000000047e-04	1.668940000000000067e-06	-6.040830000000000234e-07	-5.995419999999999961e-09	1.028585730000000012e+03	2.589999999999999858e+00
1.655084887934379101e+09	2.147560000000000018e-04	1.728540000000000098e-06	-6.040830000000000234e-07	-5.995419999999999961e-09	1.028540220000000090e+03	2.600000000000000089e+00
1.655084889549840212e+09	2.146969999999999944e-04	1.668940000000000067e-06	-6.040830000000000234e-07	-6.053630000000000322e-09	1.028523879999999963e+03	2.600000000000000089e+00
1.655084891154455900e+09	2.146369999999999984e-04	1.609329999999999972e-06	-6.040830000000000234e-07	-6.053630000000000322e-09	1.028508829999999989e+03	2.600000000000000089e+00
1.655084892765272617e+09	2.145779999999999910e-04	1.728540000000000098e-06	-6.040830000000000234e-07	-5.995419999999999961e-09	1.028494310000000041e+03	2.600000000000000089e+00
1.655084894380947113e+09	2.145179999999999949e-04	1.728540000000000098e-06	-6.040830000000000234e-07	-5.995419999999999961e-09	1.028475730000000112e+03	2.600000000000000089e+00
1.655084895991977215e+09	2.145179999999999949e-04	1.668940000000000067e-06	-6.040830000000000234e-07	-5.937209999999999601e-09	1.028452929999999924e+03	2.600000000000000089e+00
1.655084897599962473e+09	2.143989999999999915e-04	1.668940000000000067e-06	-6.041410000000000362e-07	-5.995419999999999961e-09	1.028438869999999952e+03	2.600000000000000089e+00
1.655084899207038879e+09	2.143389999999999955e-04	1.728540000000000098e-06	-6.040830000000000234e-07	-6.053630000000000322e-09	1.028422820000000002e+03	2.600000000000000089e+00
1.655084900817860842e+09	2.142799999999999881e-04	1.728540000000000098e-06	-6.040830000000000234e-07	-6.053630000000000322e-09	1.028412460000000010e+03	2.600000000000000089e+00
1.655084902428962231e+09	2.142799999999999881e-04	1.728540000000000098e-06	-6.040830000000000234e-07	-5.995419999999999961e-09	1.028410630000000083e+03	2.600000000000000089e+00
1.655084909047472954e+09	2.139820000000000123e-04	1.728540000000000098e-06	-6.040830000000000234e-07	-6.053630000000000322e-09	1.028342169999999896e+03	2.609999999999999876e+00
1.655084910656099319e+09	2.139820000000000123e-04	1.728540000000000098e-06	-6.040830000000000234e-07	-5.995419999999999961e-09	1.028314039999999977e+03	2.609999999999999876e+00
1.655084912266094685e+09	2.138619999999999931e-04	1.668940000000000067e-06	-6.040830000000000234e-07	-6.053630000000000322e-09	1.028318600000000060e+03	2.609999999999999876e+00
1.655084913879962683e+09	2.138030000000000128e-04	1.728540000000000098e-06	-6.040830000000000234e-07	-5.995419999999999961e-09	1.028288759999999911e+03	2.609999999999999876e+00
1.655084915481517553e+09	2.138030000000000128e-04	1.728540000000000098e-06	-6.040830000000000234e-07	-5.995419999999999961e-09	1.028278229999999894e+03	2.609999999999999876e+00
1.655084917107086897e+09	2.137429999999999896e-04	1.728540000000000098e-06	-6.040830000000000234e-07	-5.995419999999999961e-09	1.028265120000000024e+03	2.609999999999999876e+00
1.655084918722964048e+09	2.136840000000000094e-04	1.728540000000000098e-06	-6.040830000000000234e-07	-6.053630000000000322e-09	1.028241739999999936e+03	2.609999999999999876e+00
1.655084920335283279e+09	2.136240000000000133e-04	1.728540000000000098e-06	-6.040830000000000234e-07	-5.995419999999999961e-09	1.028239469999999983e+03	2.609999999999999876e+00
1.655084921947681904e+09	2.135639999999999902e-04	1.668940000000000067e-06	-6.040830000000000234e-07	-5.995419999999999961e-09	1.028223459999999932e+03	2.609999999999999876e+00
1.655084923552865028e+09	2.134449999999999867e-04	1.668940000000000067e-06	-6.040830000000000234e-07	-5.995419999999999961e-09	1.028186860000000024e+03	2.609999999999999876e+00
1.655084930192379951e+09	2.132070000000000070e-04	1.728540000000000098e-06	-6.040830000000000234e-07	-5.995419999999999961e-09	1.028144099999999980e+03	2.620000000000000107e+00
1.655084931799840212e+09	2.132659999999999873e-04	1.668940000000000067e-06	-6.040830000000000234e-07	-5.995419999999999961e-09	1.028113309999999956e+03	2.620000000000000107e+00
1.655084933413165808e+09	2.131470000000000109e-04	1.668940000000000067e-06	-6.040830000000000234e-07	-6.053630000000000322e-09	1.028103499999999940e+03	2.620000000000000107e+00
1.655084935032915354e+09	2.130280000000000075e-04	1.668940000000000067e-06	-6.040830000000000234e-07	-5.995419999999999961e-09	1.028086319999999887e+03	2.620000000000000107e+00
1.655084936646331549e+09	2.129680000000000115e-04	1.728540000000000098e-06	-6.040830000000000234e-07	-6.053630000000000322e-09	1.028073439999999891e+03	2.620000000000000107e+00
1.655084938258062601e+09	2.129680000000000115e-04	1.668940000000000067e-06	-6.040830000000000234e-07	-5.995419999999999961e-09	1.028073820000000069e+03	2.620000000000000107e+00
1.655084939865813732e+09	2.129090000000000041e-04	1.668940000000000067e-06	-6.040830000000000234e-07	-5.995419999999999961e-09	1.028048109999999951e+03	2.620000000000000107e+00
1.655084941476003885e+09	2.128490000000000080e-04	1.668940000000000067e-06	-6.040830000000000234e-07	-5.937209999999999601e-09	1.028028790000000072e+03	2.620000000000000107e+00
1.655084943084280252e+09	2.127300000000000046e-04	1.728540000000000098e-06	-6.040830000000000234e-07	-5.995419999999999961e-09	1.028027180000000044e+03	2.620000000000000107e+00
1.655084944696889639e+09	2.127300000000000046e-04	1.728540000000000098e-06	-6.040830000000000234e-07	-5.995419999999999961e-09	1.028014409999999998e+03	2.620000000000000107e+00
1.655084951318692446e+09	2.124320000000000017e-04	1.728540000000000098e-06	-6.040830000000000234e-07	-5.995419999999999961e-09	1.027941010000000006e+03	2.629999999999999893e+00
1.655084952935180426e+09	2.123720000000000056e-04	1.728540000000000098e-06	-6.040830000000000234e-07	-5.937209999999999601e-09	1.027930730000000040e+03	2.629999999999999893e+00
1.655084954542055368e+09	2.123129999999999983e-04	1.668940000000000067e-06	-6.040830000000000234e-07	-5.995419999999999961e-09	1.027928990000000113e+03	2.629999999999999893e+00
1.655084956155557871e+09	2.123129999999999983e-04	1.728540000000000098e-06	-6.040830000000000234e-07	-6.053630000000000322e-09	1.027894839999999931e+03	2.629999999999999893e+00
1.655084957763219118e+09	2.122530000000000022e-04	1.668940000000000067e-06	-6.040830000000000234e-07	-5.995419999999999961e-09	1.027886150000000043e+03	2.629999999999999893e+00
1.655084959363152981e+09	2.121930000000000062e-04	1.668940000000000067e-06	-6.040830000000000234e-07	-5.995419999999999961e-09	1.027862200000000030e+03	2.629999999999999893e+00
1.655084960977586508e+09	2.121339999999999988e-04	1.609329999999999972e-06	-6.040830000000000234e-07	-5.995419999999999961e-09	1.027851020000000062e+03	2.629999999999999893e+00
1.655084962591226816e+09	2.120149999999999953e-04	1.668940000000000067e-06	-6.040830000000000234e-07	-5.995419999999999961e-09	1.027833110000000033e+03	2.629999999999999893e+00
1.655084964204246521e+09	2.120149999999999953e-04	1.668940000000000067e-06	-6.040830000000000234e-07	-5.995419999999999961e-09	1.027814750000000004e+03	2.629999999999999893e+00
1.655084965809962273e+09	2.119549999999999993e-04	1.668940000000000067e-06	-6.040830000000000234e-07	-5.995419999999999961e-09	1.027810519999999997e+03	2.629999999999999893e+00
1.655084972431514025e+09	2.117169999999999924e-04	1.668940000000000067e-06	-6.040830000000000234e-07	-6.053630000000000322e-09	1.027750459999999975e+03	2.640000000000000124e+00
1.655084974038962603e+09	2.117169999999999924e-04	1.668940000000000067e-06	-6.040830000000000234e-07	-5.995419999999999961e-09	1.027712440000000015e+03	2.640000000000000124e+00
1.655084975650962830e+09	2.115379999999999930e-04	1.728540000000000098e-06	-6.040830000000000234e-07	-5.995419999999999961e-09	1.027707139999999981e+03	2.640000000000000124e+00
1.655084977257915974e+09	2.114779999999999969e-04	1.728540000000000098e-06	-6.040830000000000234e-07	-5.995419999999999961e-09	1.027707079999999905e+03	2.640000000000000124e+00
1.655084978870697260e+09	2.114189999999999895e-04	1.668940000000000067e-06	-6.040830000000000234e-07	-5.995419999999999961e-09	1.027667009999999891e+03	2.640000000000000124e+00
1.655084980487105370e+09	2.114189999999999895e-04	1.668940000000000067e-06	-6.040830000000000234e-07	-5.937209999999999601e-09	1.027683590000000095e+03	2.640000000000000124e+00
1.655084982097111702e+09	2.113589999999999935e-04	1.668940000000000067e-06	-6.040830000000000234e-07	-5.995419999999999961e-09	1.027646850000000086e+03	2.640000000000000124e+00
1.655084983702038765e+09	2.112989999999999975e-04	1.609329999999999972e-06	-6.040830000000000234e-07	-5.995419999999999961e-09	1.027652489999999943e+03	2.640000000000000124e+00
1.655084985322039366e+09	2.112399999999999901e-04	1.549729999999999941e-06	-6.040830000000000234e-07	-5.995419999999999961e-09	1.027622489999999971e+03	2.640000000000000124e+00
1.655084986919901371e+09	2.112399999999999901e-04	1.609329999999999972e-06	-6.040830000000000234e-07	-5.995419999999999961e-09	1.027609920000000102e+03	2.640000000000000124e+00
1.655084993548943758e+09	2.108819999999999911e-04	1.668940000000000067e-06	-6.040830000000000234e-07	-6.053630000000000322e-09	1.027571729999999889e+03	2.649999999999999911e+00
1.655084995152965307e+09	2.108819999999999911e-04	1.668940000000000067e-06	-6.040830000000000234e-07	-5.937209999999999601e-09	1.027530839999999898e+03	2.649999999999999911e+00
1.655084996759881735e+09	2.108230000000000108e-04	1.728540000000000098e-06	-6.040830000000000234e-07	-5.995419999999999961e-09	1.027533339999999953e+03	2.649999999999999911e+00
1.655084998367913485e+09	2.107629999999999877e-04	1.728540000000000098e-06	-6.040830000000000234e-07	-5.995419999999999961e-09	1.027502860000000055e+03	2.649999999999999911e+00
1.655084999973338604e+09	2.107029999999999916e-04	1.609329999999999972e-06	-6.040830000000000234e-07	-6.053630000000000322e-09	1.027495149999999967e+03	2.649999999999999911e+00
1.655085001585402727e+09	2.105839999999999882e-04	1.668940000000000067e-06	-6.040830000000000234e-07	-5.995419999999999961e-09	1.027474500000000035e+03	2.649999999999999911e+00
1.655085003198398113e+09	2.104650000000000119e-04	1.668940000000000067e-06	-6.040830000000000234e-07	-5.937209999999999601e-09	1.027459939999999960e+03	2.649999999999999911e+00
1.655085004823236465e+09	2.104650000000000119e-04	1.609329999999999972e-06	-6.040830000000000234e-07	-6.053630000000000322e-09	1.027448630000000094e+03	2.649999999999999911e+00
1.655085006427157402e+09	2.104650000000000119e-04	1.609329999999999972e-06	-6.040830000000000234e-07	-5.995419999999999961e-09	1.027421199999999999e+03	2.649999999999999911e+00
1.655085008040183306e+09	2.103460000000000084e-04	1.668940000000000067e-06	-6.040830000000000234e-07	-5.995419999999999961e-09	1.027412730000000010e+03	2.649999999999999911e+00
1.655085014675208092e+09	2.101670000000000090e-04	1.728540000000000098e-06	-6.040830000000000234e-07	-5.995419999999999961e-09	1.027358549999999923e+03	2.660000000000000142e+00
1.655085016285518646e+09	2.101070000000000129e-04	1.728540000000000098e-06	-6.040830000000000234e-07	-5.995419999999999961e-09	1.027348310000000083e+03	2.660000000000000142e+00
1.655085017895302296e+09	2.100480000000000055e-04	1.668940000000000067e-06	-6.040830000000000234e-07	-6.053630000000000322e-09	1.027329590000000053e+03	2.660000000000000142e+00
1.655085019510166883e+09	2.099280000000000135e-04	1.609329999999999972e-06	-6.040830000000000234e-07	-5.995419999999999961e-09	1.027311159999999973e+03	2.660000000000000142e+00
1.655085021117307425e+09	2.099280000000000135e-04	1.668940000000000067e-06	-6.040830000000000234e-07	-5.995419999999999961e-09	1.027299340000000029e+03	2.660000000000000142e+00
1.655085022727195501e+09	2.099280000000000135e-04	1.668940000000000067e-06	-6.040830000000000234e-07	-5.995419999999999961e-09	1.027298790000000054e+03	2.660000000000000142e+00
1.655085024334027290e+09	2.098690000000000061e-04	1.668940000000000067e-06	-6.040830000000000234e-07	-6.053630000000000322e-09	1.027272950000000037e+03	2.660000000000000142e+00
1.655085025940284014e+09	2.098090000000000100e-04	1.609329999999999972e-06	-6.040830000000000234e-07	-5.995419999999999961e-09	1.027267319999999927e+03	2.660000000000000142e+00
1.655085027544767380e+09	2.097500000000000026e-04	1.609329999999999972e-06	-6.040830000000000234e-07	-5.995419999999999961e-09	1.027248540000000048e+03	2.660000000000000142e+00
1.655085029155391216e+09	2.096300000000000106e-04	1.668940000000000067e-06	-6.040830000000000234e-07	-5.995419999999999961e-09	1.027227229999999963e+03	2.660000000000000142e+00
1.655085035787120104e+09	2.094519999999999997e-04	1.668940000000000067e-06	-6.040830000000000234e-07	-5.995419999999999961e-09	1.027165729999999940e+03	2.669999999999999929e+00
1.655085037397384644e+09	2.093920000000000037e-04	1.728540000000000098e-06	-6.040830000000000234e-07	-5.995419999999999961e-09	1.027162399999999934e+03	2.669999999999999929e+00
1.655085039003760576e+09	2.093320000000000077e-04	1.668940000000000067e-06	-6.040830000000000234e-07	-5.995419999999999961e-09	1.027141409999999951e+03	2.669999999999999929e+00
1.655085040616124392e+09	2.092730000000000003e-04	1.609329999999999972e-06	-6.040830000000000234e-07	-5.995419999999999961e-09	1.027126189999999951e+03	2.669999999999999929e+00
1.655085042237952232e+09	2.092130000000000042e-04	1.668940000000000067e-06	-6.040830000000000234e-07	-5.995419999999999961e-09	1.027104900000000043e+03	2.669999999999999929e+00
1.655085043852068901e+09	2.091539999999999968e-04	1.728540000000000098e-06	-6.040830000000000234e-07	-5.995419999999999961e-09	1.027080050000000028e+03	2.669999999999999929e+00
1.655085045468963623e+09	2.090940000000000008e-04	1.609329999999999972e-06	-6.040830000000000234e-07	-5.995419999999999961e-09	1.027060469999999896e+03	2.669999999999999929e+00
1.655085047072256327e+09	2.090340000000000047e-04	1.668940000000000067e-06	-6.040830000000000234e-07	-5.995419999999999961e-09	1.027060490000000073e+03	2.669999999999999929e+00
1.655085048685467958e+09	2.090340000000000047e-04	1.728540000000000098e-06	-6.040830000000000234e-07	-5.995419999999999961e-09	1.027040569999999889e+03	2.669999999999999929e+00
1.655085050296325445e+09	2.089150000000000013e-04	1.609329999999999972e-06	-6.040830000000000234e-07	-5.995419999999999961e-09	1.027024830000000065e+03	2.669999999999999929e+00
1.655085056922583818e+09	2.086769999999999944e-04	1.609329999999999972e-06	-6.040830000000000234e-07	-5.995419999999999961e-09	1.026968100000000049e+03	2.680000000000000160e+00
1.655085058534996510e+09	2.086769999999999944e-04	1.609329999999999972e-06	-6.040830000000000234e-07	-5.995419999999999961e-09	1.026958149999999932e+03	2.680000000000000160e+00
1.655085060147667170e+09	2.085579999999999910e-04	1.549729999999999941e-06	-6.040830000000000234e-07	-5.937209999999999601e-09	1.026946860000000015e+03	2.680000000000000160e+00
1.655085061756966114e+09	2.084979999999999950e-04	1.609329999999999972e-06	-6.041410000000000362e-07	-5.995419999999999961e-09	1.026929519999999911e+03	2.680000000000000160e+00
1.655085063362025261e+09	2.084379999999999989e-04	1.668940000000000067e-06	-6.040830000000000234e-07	-6.053630000000000322e-09	1.026909910000000082e+03	2.680000000000000160e+00
1.655085064977024794e+09	2.083789999999999915e-04	1.609329999999999972e-06	-6.040830000000000234e-07	-6.053630000000000322e-09	1.026895279999999957e+03	2.680000000000000160e+00
1.655085066590962887e+09	2.083189999999999955e-04	1.668940000000000067e-06	-6.040830000000000234e-07	-5.995419999999999961e-09	1.026899200000000064e+03	2.680000000000000160e+00
1.655085068198962927e+09	2.083189999999999955e-04	1.549729999999999941e-06	-6.040830000000000234e-07	-6.053630000000000322e-09	1.026863730000000032e+03	2.680000000000000160e+00
1.655085069813261986e+09	2.082599999999999881e-04	1.549729999999999941e-06	-6.040830000000000234e-07	-5.937209999999999601e-09	1.026856440000000021e+03	2.680000000000000160e+00
1.655085071430963993e+09	2.081399999999999960e-04	1.668940000000000067e-06	-6.040830000000000234e-07	-5.995419999999999961e-09	1.026829880000000003e+03	2.680000000000000160e+00
1.655085078056092501e+09	2.079019999999999892e-04	1.549729999999999941e-06	-6.040830000000000234e-07	-5.995419999999999961e-09	1.026775579999999991e+03	2.689999999999999947e+00
1.655085079659844160e+09	2.077830000000000128e-04	1.668940000000000067e-06	-6.040830000000000234e-07	-6.053630000000000322e-09	1.026757779999999912e+03	2.689999999999999947e+00
1.655085081276656866e+09	2.079019999999999892e-04	1.609329999999999972e-06	-6.040830000000000234e-07	-5.995419999999999961e-09	1.026757039999999961e+03	2.689999999999999947e+00
1.655085082893055201e+09	2.077229999999999897e-04	1.728540000000000098e-06	-6.040830000000000234e-07	-6.053630000000000322e-09	1.026732089999999971e+03	2.689999999999999947e+00
1.655085084505680323e+09	2.076640000000000094e-04	1.609329999999999972e-06	-6.040830000000000234e-07	-6.053630000000000322e-09	1.026725400000000036e+03	2.689999999999999947e+00
1.655085086114290476e+09	2.076040000000000134e-04	1.609329999999999972e-06	-6.040830000000000234e-07	-5.995419999999999961e-09	1.026713279999999941e+03	2.689999999999999947e+00
1.655085087722426176e+09	2.076640000000000094e-04	1.609329999999999972e-06	-6.040830000000000234e-07	-5.995419999999999961e-09	1.026673330000000078e+03	2.689999999999999947e+00
1.655085089330964327e+09	2.075439999999999902e-04	1.609329999999999972e-06	-6.040830000000000234e-07	-5.937209999999999601e-09	1.026668580000000020e+03	2.689999999999999947e+00
1.655085090942494869e+09	2.074850000000000099e-04	1.609329999999999972e-06	-6.040830000000000234e-07	-5.995419999999999961e-09	1.026650840000000017e+03	2.689999999999999947e+00
1.655085092550132990e+09	2.074850000000000099e-04	1.609329999999999972e-06	-6.040830000000000234e-07	-5.995419999999999961e-09	1.026647279999999910e+03	2.689999999999999947e+00
1.655085099186075687e+09	2.071870000000000070e-04	1.609329999999999972e-06	-6.040830000000000234e-07	-5.995419999999999961e-09	1.026590680000000020e+03	2.700000000000000178e+00
1.655085100796990156e+09	2.071870000000000070e-04	1.549729999999999941e-06	-6.041410000000000362e-07	-5.937209999999999601e-09	1.026579189999999926e+03	2.700000000000000178e+00
1.655085102400963068e+09	2.071270000000000110e-04	1.609329999999999972e-06	-6.040830000000000234e-07	-5.995419999999999961e-09	1.026556730000000016e+03	2.700000000000000178e+00
1.655085104017550707e+09	2.070669999999999878e-04	1.668940000000000067e-06	-6.040830000000000234e-07	-5.995419999999999961e-09	1.026544419999999946e+03	2.700000000000000178e+00
1.655085105623327971e+09	2.069480000000000115e-04	1.668940000000000067e-06	-6.040830000000000234e-07	-5.995419999999999961e-09	1.026536990000000060e+03	2.700000000000000178e+00
1.655085107220963240e+09	2.069480000000000115e-04	1.609329999999999972e-06	-6.040830000000000234e-07	-5.937209999999999601e-09	1.026508630000000039e+03	2.700000000000000178e+00
1.655085108817952156e+09	2.068890000000000041e-04	1.549729999999999941e-06	-6.040830000000000234e-07	-5.995419999999999961e-09	1.026503909999999905e+03	2.700000000000000178e+00
1.655085110425576925e+09	2.068290000000000081e-04	1.609329999999999972e-06	-6.040830000000000234e-07	-6.053630000000000322e-09	1.026486589999999978e+03	2.700000000000000178e+00
1.655085112029831648e+09	2.067100000000000046e-04	1.609329999999999972e-06	-6.040830000000000234e-07	-6.053630000000000322e-09	1.026468820000000051e+03	2.700000000000000178e+00
1.655085113643240213e+09	2.067100000000000046e-04	1.549729999999999941e-06	-6.040830000000000234e-07	-5.995419999999999961e-09	1.026459029999999984e+03	2.700000000000000178e+00
1.655085120257200718e+09	2.064710000000000091e-04	1.668940000000000067e-06	-6.040830000000000234e-07	-5.995419999999999961e-09	1.026401890000000094e+03	2.709999999999999964e+00
1.655085121874435902e+09	2.063520000000000057e-04	1.609329999999999972e-06	-6.040830000000000234e-07	-5.995419999999999961e-09	1.026390090000000100e+03	2.709999999999999964e+00
1.655085123485270023e+09	2.062929999999999983e-04	1.549729999999999941e-06	-6.040830000000000234e-07	-5.995419999999999961e-09	1.026376899999999978e+03	2.709999999999999964e+00
1.655085125092568159e+09	2.062929999999999983e-04	1.549729999999999941e-06	-6.040830000000000234e-07	-6.053630000000000322e-09	1.026356539999999995e+03	2.709999999999999964e+00
1.655085126704608202e+09	2.062330000000000023e-04	1.549729999999999941e-06	-6.040830000000000234e-07	-5.995419999999999961e-09	1.026346649999999954e+03	2.709999999999999964e+00
1.655085128319843769e+09	2.061730000000000062e-04	1.549729999999999941e-06	-6.040830000000000234e-07	-5.995419999999999961e-09	1.026331930000000057e+03	2.709999999999999964e+00
1.655085129932946682e+09	2.061139999999999988e-04	1.609329999999999972e-06	-6.041410000000000362e-07	-5.995419999999999961e-09	1.026324429999999893e+03	2.709999999999999964e+00
1.655085131549962997e+09	2.059949999999999954e-04	1.609329999999999972e-06	-6.040830000000000234e-07	-5.995419999999999961e-09	1.026292699999999968e+03	2.709999999999999964e+00
1.655085133154357433e+09	2.059949999999999954e-04	1.549729999999999941e-06	-6.040830000000000234e-07	-5.995419999999999961e-09	1.026280639999999948e+03	2.709999999999999964e+00
1.655085134774218559e+09	2.058750000000000033e-04	1.609329999999999972e-06	-6.040830000000000234e-07	-5.995419999999999961e-09	1.026274409999999989e+03	2.709999999999999964e+00
1.655085141394411564e+09	2.056969999999999925e-04	1.609329999999999972e-06	-6.040830000000000234e-07	-5.995419999999999961e-09	1.026226049999999987e+03	2.720000000000000195e+00
1.655085143000963211e+09	2.056369999999999964e-04	1.549729999999999941e-06	-6.040830000000000234e-07	-5.995419999999999961e-09	1.026221299999999928e+03	2.720000000000000195e+00
1.655085144604393959e+09	2.056369999999999964e-04	1.609329999999999972e-06	-6.041410000000000362e-07	-5.995419999999999961e-09	1.026168799999999919e+03	2.720000000000000195e+00
1.655085146220007658e+09	2.055179999999999930e-04	1.549729999999999941e-06	-6.040830000000000234e-07	-5.995419999999999961e-09	1.026156719999999950e+03	2.720000000000000195e+00
1.655085147822277308e+09	2.053989999999999896e-04	1.549729999999999941e-06	-6.040830000000000234e-07	-5.995419999999999961e-09	1.026154279999999972e+03	2.720000000000000195e+00
1.655085149442691565e+09	2.053389999999999935e-04	1.549729999999999941e-06	-6.040830000000000234e-07	-5.937209999999999601e-09	1.026139920000000075e+03	2.720000000000000195e+00
1.655085151060262680e+09	2.053389999999999935e-04	1.549729999999999941e-06	-6.040830000000000234e-07	-5.937209999999999601e-09	1.026125849999999900e+03	2.720000000000000195e+00
1.655085152676200390e+09	2.052199999999999901e-04	1.549729999999999941e-06	-6.040830000000000234e-07	-5.937209999999999601e-09	1.026124659999999949e+03	2.720000000000000195e+00
1.655085154291671276e+09	2.052199999999999901e-04	1.668940000000000067e-06	-6.040830000000000234e-07	-5.995419999999999961e-09	1.026099410000000034e+03	2.720000000000000195e+00
1.655085155894205809e+09	2.052199999999999901e-04	1.609329999999999972e-06	-6.040830000000000234e-07	-5.995419999999999961e-09	1.026101310000000012e+03	2.720000000000000195e+00
1.655085162527042866e+09	2.049809999999999946e-04	1.668940000000000067e-06	-6.040830000000000234e-07	-5.995419999999999961e-09	1.026029150000000072e+03	2.729999999999999982e+00
1.655085164148962259e+09	2.048619999999999912e-04	1.609329999999999972e-06	-6.040830000000000234e-07	-5.995419999999999961e-09	1.026010160000000042e+03	2.729999999999999982e+00
1.655085165758477211e+09	2.048019999999999951e-04	1.668940000000000067e-06	-6.040830000000000234e-07	-5.995419999999999961e-09	1.025987779999999930e+03	2.729999999999999982e+00
1.655085167367291451e+09	2.048019999999999951e-04	1.668940000000000067e-06	-6.041410000000000362e-07	-5.995419999999999961e-09	1.025980919999999969e+03	2.729999999999999982e+00
1.655085168976321697e+09	2.047429999999999877e-04	1.609329999999999972e-06	-6.040830000000000234e-07	-5.995419999999999961e-09	1.025970610000000079e+03	2.729999999999999982e+00
1.655085170580179453e+09	2.047429999999999877e-04	1.609329999999999972e-06	-6.040830000000000234e-07	-6.053630000000000322e-09	1.025956460000000106e+03	2.729999999999999982e+00
1.655085172180826187e+09	2.046240000000000114e-04	1.668940000000000067e-06	-6.040830000000000234e-07	-5.937209999999999601e-09	1.025938270000000102e+03	2.729999999999999982e+00
1.655085173798962593e+09	2.046240000000000114e-04	1.609329999999999972e-06	-6.040830000000000234e-07	-5.995419999999999961e-09	1.025922399999999925e+03	2.729999999999999982e+00
1.655085175416728258e+09	2.045639999999999882e-04	1.668940000000000067e-06	-6.040830000000000234e-07	-5.995419999999999961e-09	1.025904680000000099e+03	2.729999999999999982e+00
1.655085177026354313e+09	2.044450000000000119e-04	1.668940000000000067e-06	-6.040830000000000234e-07	-5.995419999999999961e-09	1.025907899999999927e+03	2.729999999999999982e+00
1.655085183647952795e+09	2.042059999999999893e-04	1.549729999999999941e-06	-6.040830000000000234e-07	-5.937209999999999601e-09	1.025843319999999949e+03	2.740000000000000213e+00
1.655085185256886244e+09	2.042059999999999893e-04	1.549729999999999941e-06	-6.040830000000000234e-07	-5.995419999999999961e-09	1.025828729999999950e+03	2.740000000000000213e+00
1.655085186863513708e+09	2.040870000000000130e-04	1.549729999999999941e-06	-6.040830000000000234e-07	-6.053630000000000322e-09	1.025805260000000089e+03	2.740000000000000213e+00
1.655085188486030817e+09	2.039680000000000095e-04	1.609329999999999972e-06	-6.040830000000000234e-07	-5.995419999999999961e-09	1.025788260000000037e+03	2.740000000000000213e+00
1.655085190110958576e+09	2.039680000000000095e-04	1.609329999999999972e-06	-6.040830000000000234e-07	-6.053630000000000322e-09	1.025771390000000110e+03	2.740000000000000213e+00
1.655085191717953205e+09	2.039680000000000095e-04	1.490120000000000058e-06	-6.040830000000000234e-07	-6.053630000000000322e-09	1.025760479999999916e+03	2.740000000000000213e+00
1.655085193325228214e+09	2.039080000000000135e-04	1.549729999999999941e-06	-6.040830000000000234e-07	-5.995419999999999961e-09	1.025753920000000107e+03	2.740000000000000213e+00
1.655085194931964874e+09	2.038490000000000061e-04	1.549729999999999941e-06	-6.040830000000000234e-07	-6.053630000000000322e-09	1.025737080000000105e+03	2.740000000000000213e+00
1.655085196541500568e+09	2.037300000000000027e-04	1.609329999999999972e-06	-6.040830000000000234e-07	-5.937209999999999601e-09	1.025725920000000087e+03	2.740000000000000213e+00
1.655085198152177334e+09	2.037300000000000027e-04	1.609329999999999972e-06	-6.040830000000000234e-07	-6.053630000000000322e-09	1.025708039999999983e+03	2.740000000000000213e+00
1.655085204786807299e+09	2.035510000000000032e-04	1.549729999999999941e-06	-6.040830000000000234e-07	-5.995419999999999961e-09	1.025651290000000017e+03	2.750000000000000000e+00
1.655085206389963865e+09	2.034319999999999998e-04	1.609329999999999972e-06	-6.040830000000000234e-07	-5.995419999999999961e-09	1.025651470000000018e+03	2.750000000000000000e+00
1.655085208000262499e+09	2.034319999999999998e-04	1.668940000000000067e-06	-6.040830000000000234e-07	-5.995419999999999961e-09	1.025626760000000104e+03	2.750000000000000000e+00
1.655085209617311478e+09	2.033720000000000037e-04	1.549729999999999941e-06	-6.040830000000000234e-07	-5.995419999999999961e-09	1.025620719999999892e+03	2.750000000000000000e+00
1.655085211227617502e+09	2.032530000000000003e-04	1.549729999999999941e-06	-6.040830000000000234e-07	-5.995419999999999961e-09	1.025605240000000094e+03	2.750000000000000000e+00
1.655085212838994980e+09	2.032530000000000003e-04	1.549729999999999941e-06	-6.040830000000000234e-07	-5.995419999999999961e-09	1.025595180000000028e+03	2.750000000000000000e+00
1.655085214450179338e+09	2.031930000000000043e-04	1.549729999999999941e-06	-6.040830000000000234e-07	-5.937209999999999601e-09	1.025582959999999957e+03	2.750000000000000000e+00
1.655085216062062025e+09	2.031930000000000043e-04	1.549729999999999941e-06	-6.040830000000000234e-07	-5.995419999999999961e-09	1.025561259999999947e+03	2.750000000000000000e+00
1.655085217675565243e+09	2.029549999999999974e-04	1.609329999999999972e-06	-6.040830000000000234e-07	-5.995419999999999961e-09	1.025541819999999916e+03	2.750000000000000000e+00
1.655085219278402090e+09	2.029549999999999974e-04	1.549729999999999941e-06	-6.040830000000000234e-07	-5.995419999999999961e-09	1.025530839999999898e+03	2.750000000000000000e+00
1.655085225917702436e+09	2.027759999999999979e-04	1.549729999999999941e-06	-6.040830000000000234e-07	-5.995419999999999961e-09	1.025472569999999905e+03	2.760000000000000231e+00
1.655085227527952433e+09	2.027160000000000019e-04	1.549729999999999941e-06	-6.040830000000000234e-07	-5.937209999999999601e-09	1.025464609999999993e+03	2.760000000000000231e+00
1.655085229138906956e+09	2.025969999999999984e-04	1.549729999999999941e-06	-6.040830000000000234e-07	-5.995419999999999961e-09	1.025445930000000089e+03	2.760000000000000231e+00
1.655085230744239092e+09	2.026569999999999945e-04	1.549729999999999941e-06	-6.040830000000000234e-07	-5.995419999999999961e-09	1.025430110000000013e+03	2.760000000000000231e+00
1.655085232350005388e+09	2.025379999999999910e-04	1.549729999999999941e-06	-6.040830000000000234e-07	-5.995419999999999961e-09	1.025405680000000075e+03	2.760000000000000231e+00
1.655085233969988346e+09	2.024779999999999950e-04	1.549729999999999941e-06	-6.040830000000000234e-07	-5.995419999999999961e-09	1.025396089999999958e+03	2.760000000000000231e+00
1.655085235575041294e+09	2.024179999999999990e-04	1.549729999999999941e-06	-6.040830000000000234e-07	-6.053630000000000322e-09	1.025386310000000094e+03	2.760000000000000231e+00
1.655085237193245411e+09	2.022989999999999955e-04	1.549729999999999941e-06	-6.040830000000000234e-07	-5.995419999999999961e-09	1.025368469999999888e+03	2.760000000000000231e+00
1.655085238802577972e+09	2.022989999999999955e-04	1.609329999999999972e-06	-6.040830000000000234e-07	-5.995419999999999961e-09	1.025356849999999895e+03	2.760000000000000231e+00
1.655085240417628050e+09	2.022389999999999995e-04	1.609329999999999972e-06	-6.040830000000000234e-07	-5.995419999999999961e-09	1.025356279999999970e+03	2.760000000000000231e+00
1.655085247050874949e+09	2.020609999999999887e-04	1.549729999999999941e-06	-6.040830000000000234e-07	-5.995419999999999961e-09	1.025297409999999900e+03	2.770000000000000018e+00
1.655085248657128096e+09	2.020009999999999926e-04	1.549729999999999941e-06	-6.040830000000000234e-07	-5.995419999999999961e-09	1.025285890000000109e+03	2.770000000000000018e+00
1.655085250264077425e+09	2.019409999999999966e-04	1.549729999999999941e-06	-6.040830000000000234e-07	-5.995419999999999961e-09	1.025273329999999987e+03	2.770000000000000018e+00
1.655085251871272564e+09	2.018819999999999892e-04	1.609329999999999972e-06	-6.040830000000000234e-07	-5.995419999999999961e-09	1.025244310000000041e+03	2.770000000000000018e+00
1.655085253474907875e+09	2.018819999999999892e-04	1.549729999999999941e-06	-6.040830000000000234e-07	-5.937209999999999601e-09	1.025228190000000041e+03	2.770000000000000018e+00
1.655085255088962317e+09	2.017630000000000129e-04	1.549729999999999941e-06	-6.040830000000000234e-07	-6.053630000000000322e-09	1.025219910000000027e+03	2.770000000000000018e+00
1.655085256703294754e+09	2.017029999999999897e-04	1.549729999999999941e-06	-6.040830000000000234e-07	-5.995419999999999961e-09	1.025202150000000074e+03	2.770000000000000018e+00
1.655085258307470560e+09	2.016429999999999937e-04	1.549729999999999941e-06	-6.040830000000000234e-07	-5.995419999999999961e-09	1.025190170000000080e+03	2.770000000000000018e+00
1.655085259909846544e+09	2.015840000000000134e-04	1.549729999999999941e-06	-6.040830000000000234e-07	-5.937209999999999601e-09	1.025172910000000002e+03	2.770000000000000018e+00
1.655085261520597219e+09	2.015239999999999902e-04	1.609329999999999972e-06	-6.040830000000000234e-07	-5.995419999999999961e-09	1.025151859999999942e+03	2.770000000000000018e+00
1.655085268149403811e+09	2.012860000000000105e-04	1.549729999999999941e-06	-6.040830000000000234e-07	-6.053630000000000322e-09	1.025109069999999974e+03	2.780000000000000249e+00
1.655085269769171238e+09	2.012860000000000105e-04	1.490120000000000058e-06	-6.040830000000000234e-07	-5.995419999999999961e-09	1.025091280000000097e+03	2.780000000000000249e+00
1.655085271377952576e+09	2.012259999999999873e-04	1.549729999999999941e-06	-6.040830000000000234e-07	-5.995419999999999961e-09	1.025080680000000029e+03	2.780000000000000249e+00
1.655085272984417439e+09	2.011670000000000071e-04	1.549729999999999941e-06	-6.040830000000000234e-07	-5.995419999999999961e-09	1.025052599999999984e+03	2.780000000000000249e+00
1.655085274596655130e+09	2.011070000000000110e-04	1.549729999999999941e-06	-6.040830000000000234e-07	-5.995419999999999961e-09	1.025042629999999917e+03	2.780000000000000249e+00
1.655085276205114126e+09	2.010469999999999879e-04	1.549729999999999941e-06	-6.040830000000000234e-07	-5.995419999999999961e-09	1.025034290000000055e+03	2.780000000000000249e+00
1.655085277813014984e+09	2.010469999999999879e-04	1.549729999999999941e-06	-6.040830000000000234e-07	-5.995419999999999961e-09	1.025031269999999950e+03	2.780000000000000249e+00
1.655085279426515818e+09	2.009880000000000076e-04	1.549729999999999941e-06	-6.040830000000000234e-07	-5.995419999999999961e-09	1.024998620000000074e+03	2.780000000000000249e+00
1.655085281027946711e+09	2.008690000000000041e-04	1.549729999999999941e-06	-6.040830000000000234e-07	-5.937209999999999601e-09	1.024982420000000047e+03	2.780000000000000249e+00
1.655085282644382238e+09	2.008690000000000041e-04	1.490120000000000058e-06	-6.040830000000000234e-07	-5.937209999999999601e-09	1.024968329999999924e+03	2.780000000000000249e+00
1.655085289270835400e+09	2.005710000000000012e-04	1.549729999999999941e-06	-6.040830000000000234e-07	-6.053630000000000322e-09	1.024919599999999946e+03	2.790000000000000036e+00
1.655085290887582779e+09	2.005110000000000052e-04	1.549729999999999941e-06	-6.040830000000000234e-07	-5.937209999999999601e-09	1.024907369999999901e+03	2.790000000000000036e+00
1.655085292494427681e+09	2.005110000000000052e-04	1.549729999999999941e-06	-6.040830000000000234e-07	-5.995419999999999961e-09	1.024888760000000048e+03	2.790000000000000036e+00
1.655085294107052565e+09	2.004510000000000092e-04	1.490120000000000058e-06	-6.040830000000000234e-07	-5.937209999999999601e-09	1.024881969999999910e+03	2.790000000000000036e+00
1.655085295712356806e+09	2.004510000000000092e-04	1.609329999999999972e-06	-6.040830000000000234e-07	-5.995419999999999961e-09	1.024869989999999916e+03	2.790000000000000036e+00
1.655085297330885649e+09	2.003320000000000057e-04	1.549729999999999941e-06	-6.040830000000000234e-07	-5.937209999999999601e-09	1.024842689999999948e+03	2.790000000000000036e+00
1.655085298943034887e+09	2.002130000000000023e-04	1.549729999999999941e-06	-6.040830000000000234e-07	-5.995419999999999961e-09	1.024842370000000074e+03	2.790000000000000036e+00
1.655085300543530464e+09	2.002130000000000023e-04	1.549729999999999941e-06	-6.040830000000000234e-07	-5.937209999999999601e-09	1.024825409999999920e+03	2.790000000000000036e+00
1.655085302150005579e+09	2.002130000000000023e-04	1.490120000000000058e-06	-6.040830000000000234e-07	-5.995419999999999961e-09	1.024803540000000112e+03	2.790000000000000036e+00
1.655085303750846148e+09	2.001530000000000063e-04	1.549729999999999941e-06	-6.040830000000000234e-07	-5.995419999999999961e-09	1.024811449999999923e+03	2.790000000000000036e+00
1.655085310387951851e+09	1.998550000000000033e-04	1.549729999999999941e-06	-6.040830000000000234e-07	-5.995419999999999961e-09	1.024745519999999942e+03	2.800000000000000266e+00
1.655085311996284246e+09	1.997959999999999960e-04	1.549729999999999941e-06	-6.040830000000000234e-07	-5.995419999999999961e-09	1.024723520000000008e+03	2.800000000000000266e+00
1.655085313611908674e+09	1.997359999999999999e-04	1.549729999999999941e-06	-6.040830000000000234e-07	-5.995419999999999961e-09	1.024719520000000102e+03	2.800000000000000266e+00
1.655085315227188587e+09	1.997359999999999999e-04	1.549729999999999941e-06	-6.040830000000000234e-07	-5.995419999999999961e-09	1.024715480000000071e+03	2.800000000000000266e+00
1.655085316830963850e+09	1.996760000000000039e-04	1.549729999999999941e-06	-6.040830000000000234e-07	-5.995419999999999961e-09	1.024681229999999914e+03	2.800000000000000266e+00
1.655085318440963507e+09	1.994979999999999930e-04	1.549729999999999941e-06	-6.040830000000000234e-07	-5.995419999999999961e-09	1.024673960000000079e+03	2.800000000000000266e+00
1.655085320045254469e+09	1.996169999999999965e-04	1.549729999999999941e-06	-6.040830000000000234e-07	-5.995419999999999961e-09	1.024654710000000023e+03	2.800000000000000266e+00
1.655085321659880161e+09	1.994979999999999930e-04	1.549729999999999941e-06	-6.040830000000000234e-07	-5.995419999999999961e-09	1.024648719999999912e+03	2.800000000000000266e+00
1.655085323266862154e+09	1.994379999999999970e-04	1.549729999999999941e-06	-6.040830000000000234e-07	-6.053630000000000322e-09	1.024636389999999892e+03	2.800000000000000266e+00
1.655085324875204086e+09	1.993780000000000010e-04	1.549729999999999941e-06	-6.040830000000000234e-07	-5.995419999999999961e-09	1.024612219999999979e+03	2.800000000000000266e+00
1.655085331496402025e+09	1.991399999999999941e-04	1.549729999999999941e-06	-6.040830000000000234e-07	-5.995419999999999961e-09	1.024562860000000001e+03	2.810000000000000053e+00
1.655085333109506130e+09	1.990799999999999981e-04	1.549729999999999941e-06	-6.040830000000000234e-07	-6.053630000000000322e-09	1.024537880000000087e+03	2.810000000000000053e+00
1.655085334717026711e+09	1.990799999999999981e-04	1.490120000000000058e-06	-6.040830000000000234e-07	-6.053630000000000322e-09	1.024527790000000095e+03	2.810000000000000053e+00
1.655085336332045078e+09	1.990209999999999907e-04	1.549729999999999941e-06	-6.040830000000000234e-07	-5.995419999999999961e-09	1.024527540000000045e+03	2.810000000000000053e+00
1.655085337953001499e+09	1.990209999999999907e-04	1.609329999999999972e-06	-6.040830000000000234e-07	-5.995419999999999961e-09	1.024505879999999934e+03	2.810000000000000053e+00
1.655085339556877613e+09	1.989609999999999946e-04	1.549729999999999941e-06	-6.040830000000000234e-07	-5.995419999999999961e-09	1.024499890000000050e+03	2.810000000000000053e+00
1.655085341164540529e+09	1.989019999999999872e-04	1.549729999999999941e-06	-6.040830000000000234e-07	-6.053630000000000322e-09	1.024475480000000061e+03	2.810000000000000053e+00
1.655085342775918484e+09	1.987819999999999952e-04	1.549729999999999941e-06	-6.040830000000000234e-07	-6.053630000000000322e-09	1.024457689999999957e+03	2.810000000000000053e+00
1.655085344391688585e+09	1.986629999999999917e-04	1.549729999999999941e-06	-6.040830000000000234e-07	-5.995419999999999961e-09	1.024460700000000088e+03	2.810000000000000053e+00
1.655085346003047943e+09	1.986629999999999917e-04	1.549729999999999941e-06	-6.040830000000000234e-07	-5.995419999999999961e-09	1.024432769999999891e+03	2.810000000000000053e+00
1.655085352635402679e+09	1.984839999999999923e-04	1.549729999999999941e-06	-6.040830000000000234e-07	-5.995419999999999961e-09	1.024376909999999953e+03	2.819999999999999840e+00
1.655085354257409811e+09	1.983649999999999888e-04	1.549729999999999941e-06	-6.040830000000000234e-07	-5.995419999999999961e-09	1.024366610000000037e+03	2.819999999999999840e+00
1.655085355870963573e+09	1.983060000000000085e-04	1.490120000000000058e-06	-6.040830000000000234e-07	-5.995419999999999961e-09	1.024337240000000065e+03	2.819999999999999840e+00
1.655085357474229813e+09	1.982460000000000125e-04	1.549729999999999941e-06	-6.040830000000000234e-07	-5.937209999999999601e-09	1.024338310000000092e+03	2.819999999999999840e+00
1.655085359082015038e+09	1.983060000000000085e-04	1.549729999999999941e-06	-6.040830000000000234e-07	-5.995419999999999961e-09	1.024313660000000027e+03	2.819999999999999840e+00
1.655085360687952995e+09	1.981859999999999893e-04	1.490120000000000058e-06	-6.040830000000000234e-07	-5.937209999999999601e-09	1.024313390000000027e+03	2.819999999999999840e+00
1.655085362292403698e+09	1.981859999999999893e-04	1.490120000000000058e-06	-6.040830000000000234e-07	-6.053630000000000322e-09	1.024289520000000039e+03	2.819999999999999840e+00
1.655085363905055285e+09	1.980670000000000130e-04	1.549729999999999941e-06	-6.040830000000000234e-07	-5.995419999999999961e-09	1.024294519999999920e+03	2.819999999999999840e+00
1.655085365522358894e+09	1.980670000000000130e-04	1.549729999999999941e-06	-6.040830000000000234e-07	-5.937209999999999601e-09	1.024254040000000032e+03	2.819999999999999840e+00
1.655085367128679991e+09	1.979480000000000096e-04	1.490120000000000058e-06	-6.040830000000000234e-07	-6.053630000000000322e-09	1.024260849999999891e+03	2.819999999999999840e+00
1.655085373752305269e+09	1.976500000000000067e-04	1.549729999999999941e-06	-6.040830000000000234e-07	-5.995419999999999961e-09	1.024203209999999899e+03	2.830000000000000071e+00
1.655085375364785910e+09	1.977100000000000027e-04	1.549729999999999941e-06	-6.040830000000000234e-07	-5.995419999999999961e-09	1.024180640000000039e+03	2.830000000000000071e+00
1.655085376973183155e+09	1.976500000000000067e-04	1.549729999999999941e-06	-6.040830000000000234e-07	-5.995419999999999961e-09	1.024185439999999971e+03	2.830000000000000071e+00
1.655085378587029457e+09	1.975900000000000106e-04	1.549729999999999941e-06	-6.040830000000000234e-07	-5.995419999999999961e-09	1.024160110000000032e+03	2.830000000000000071e+00
1.655085380199172258e+09	1.974710000000000072e-04	1.549729999999999941e-06	-6.040830000000000234e-07	-6.053630000000000322e-09	1.024147529999999961e+03	2.830000000000000071e+00
1.655085381817446709e+09	1.975310000000000032e-04	1.430520000000000027e-06	-6.040830000000000234e-07	-5.995419999999999961e-09	1.024126940000000104e+03	2.830000000000000071e+00
1.655085383429892540e+09	1.974710000000000072e-04	1.490120000000000058e-06	-6.040830000000000234e-07	-5.995419999999999961e-09	1.024111689999999953e+03	2.830000000000000071e+00
1.655085385053448915e+09	1.974119999999999998e-04	1.549729999999999941e-06	-6.040830000000000234e-07	-5.995419999999999961e-09	1.024111910000000080e+03	2.830000000000000071e+00
1.655085386649962425e+09	1.972920000000000077e-04	1.490120000000000058e-06	-6.040830000000000234e-07	-5.995419999999999961e-09	1.024099819999999909e+03	2.830000000000000071e+00
1.655085388259601831e+09	1.972330000000000003e-04	1.490120000000000058e-06	-6.040830000000000234e-07	-5.995419999999999961e-09	1.024074139999999943e+03	2.830000000000000071e+00
1.655085394882356167e+09	1.970540000000000009e-04	1.549729999999999941e-06	-6.040830000000000234e-07	-6.053630000000000322e-09	1.024011580000000095e+03	2.839999999999999858e+00
1.655085396502743721e+09	1.970540000000000009e-04	1.490120000000000058e-06	-6.040830000000000234e-07	-5.995419999999999961e-09	1.024007759999999962e+03	2.839999999999999858e+00
1.655085398109007120e+09	1.969349999999999974e-04	1.490120000000000058e-06	-6.040830000000000234e-07	-5.995419999999999961e-09	1.024002240000000029e+03	2.839999999999999858e+00
1.655085399716739178e+09	1.968750000000000014e-04	1.549729999999999941e-06	-6.040830000000000234e-07	-6.053630000000000322e-09	1.023979069999999979e+03	2.839999999999999858e+00
1.655085401320944071e+09	1.968150000000000054e-04	1.609329999999999972e-06	-6.040830000000000234e-07	-6.053630000000000322e-09	1.023964349999999968e+03	2.839999999999999858e+00
1.655085402933366776e+09	1.966960000000000019e-04	1.549729999999999941e-06	-6.040830000000000234e-07	-5.937209999999999601e-09	1.023964630000000056e+03	2.839999999999999858e+00
1.655085404551947594e+09	1.966960000000000019e-04	1.549729999999999941e-06	-6.040830000000000234e-07	-5.995419999999999961e-09	1.023937519999999950e+03	2.839999999999999858e+00
1.655085406159840584e+09	1.966369999999999945e-04	1.549729999999999941e-06	-6.040830000000000234e-07	-5.995419999999999961e-09	1.023940180000000055e+03	2.839999999999999858e+00
1.655085407763018608e+09	1.966369999999999945e-04	1.549729999999999941e-06	-6.040830000000000234e-07	-6.053630000000000322e-09	1.023914869999999951e+03	2.839999999999999858e+00
1.655085409367632151e+09	1.965769999999999985e-04	1.549729999999999941e-06	-6.040830000000000234e-07	-6.053630000000000322e-09	1.023896659999999997e+03	2.839999999999999858e+00
1.655085416001858473e+09	1.963389999999999916e-04	1.549729999999999941e-06	-6.040830000000000234e-07	-5.937209999999999601e-09	1.023852380000000039e+03	2.850000000000000089e+00
1.655085417618963003e+09	1.963389999999999916e-04	1.490120000000000058e-06	-6.041410000000000362e-07	-5.995419999999999961e-09	1.023832610000000045e+03	2.850000000000000089e+00
1.655085419226273537e+09	1.962789999999999956e-04	1.490120000000000058e-06	-6.040830000000000234e-07	-5.995419999999999961e-09	1.023823160000000030e+03	2.850000000000000089e+00
1.655085420830964565e+09	1.962189999999999995e-04	1.549729999999999941e-06	-6.040830000000000234e-07	-5.995419999999999961e-09	1.023799380000000042e+03	2.850000000000000089e+00
1.655085422437504768e+09	1.961599999999999921e-04	1.549729999999999941e-06	-6.040830000000000234e-07	-5.995419999999999961e-09	1.023798700000000053e+03	2.850000000000000089e+00
1.655085424045496225e+09	1.960409999999999887e-04	1.490120000000000058e-06	-6.040830000000000234e-07	-5.937209999999999601e-09	1.023765650000000051e+03	2.850000000000000089e+00
1.655085425661260605e+09	1.959209999999999966e-04	1.490120000000000058e-06	-6.040830000000000234e-07	-6.053630000000000322e-09	1.023761560000000031e+03	2.850000000000000089e+00
1.655085427267174482e+09	1.959209999999999966e-04	1.549729999999999941e-06	-6.040830000000000234e-07	-5.995419999999999961e-09	1.023760200000000054e+03	2.850000000000000089e+00
1.655085428876376629e+09	1.958019999999999932e-04	1.549729999999999941e-06	-6.040830000000000234e-07	-5.995419999999999961e-09	1.023745350000000030e+03	2.850000000000000089e+00
1.655085430480962753e+09	1.958019999999999932e-04	1.549729999999999941e-06	-6.040830000000000234e-07	-6.053630000000000322e-09	1.023736070000000041e+03	2.850000000000000089e+00
1.655085437116228342e+09	1.956229999999999937e-04	1.490120000000000058e-06	-6.040830000000000234e-07	-5.995419999999999961e-09	1.023670060000000035e+03	2.859999999999999876e+00
1.655085438745692253e+09	1.955640000000000134e-04	1.490120000000000058e-06	-6.040830000000000234e-07	-6.053630000000000322e-09	1.023665420000000040e+03	2.859999999999999876e+00
1.655085440358153820e+09	1.955039999999999903e-04	1.490120000000000058e-06	-6.040830000000000234e-07	-6.053630000000000322e-09	1.023643580000000043e+03	2.859999999999999876e+00
1.655085441965016603e+09	1.954450000000000100e-04	1.549729999999999941e-06	-6.040830000000000234e-07	-5.995419999999999961e-09	1.023626560000000040e+03	2.859999999999999876e+00
1.655085443586946011e+09	1.954450000000000100e-04	1.490120000000000058e-06	-6.040830000000000234e-07	-6.053630000000000322e-09	1.023611329999999953e+03	2.859999999999999876e+00
1.655085445195243835e+09	1.953849999999999869e-04	1.490120000000000058e-06	-6.040830000000000234e-07	-5.995419999999999961e-09	1.023608960000000025e+03	2.859999999999999876e+00
1.655085446810181141e+09	1.952660000000000105e-04	1.490120000000000058e-06	-6.040830000000000234e-07	-5.995419999999999961e-09	1.023580950000000030e+03	2.859999999999999876e+00
1.655085448413292170e+09	1.951470000000000071e-04	1.490120000000000058e-06	-6.040830000000000234e-07	-6.053630000000000322e-09	1.023567180000000008e+03	2.859999999999999876e+00
1.655085450022298098e+09	1.952059999999999874e-04	1.490120000000000058e-06	-6.040830000000000234e-07	-5.995419999999999961e-09	1.023552379999999971e+03	2.859999999999999876e+00
1.655085451638259172e+09	1.951470000000000071e-04	1.490120000000000058e-06	-6.040830000000000234e-07	-5.995419999999999961e-09	1.023559979999999996e+03	2.859999999999999876e+00
1.655085458276793242e+09	1.948490000000000042e-04	1.430520000000000027e-06	-6.040830000000000234e-07	-5.937209999999999601e-09	1.023496849999999995e+03	2.870000000000000107e+00
1.655085459879942894e+09	1.949080000000000116e-04	1.490120000000000058e-06	-6.040830000000000234e-07	-5.995419999999999961e-09	1.023462229999999977e+03	2.870000000000000107e+00
1.655085461486518621e+09	1.948490000000000042e-04	1.609329999999999972e-06	-6.040830000000000234e-07	-5.995419999999999961e-09	1.023474289999999996e+03	2.870000000000000107e+00
1.655085463087554932e+09	1.947290000000000121e-04	1.430520000000000027e-06	-6.040830000000000234e-07	-5.995419999999999961e-09	1.023454039999999964e+03	2.870000000000000107e+00
1.655085464700963497e+09	1.946700000000000047e-04	1.490120000000000058e-06	-6.040830000000000234e-07	-5.995419999999999961e-09	1.023429030000000012e+03	2.870000000000000107e+00
1.655085466314599276e+09	1.946700000000000047e-04	1.490120000000000058e-06	-6.040830000000000234e-07	-5.995419999999999961e-09	1.023422850000000039e+03	2.870000000000000107e+00
1.655085467913923502e+09	1.946100000000000087e-04	1.490120000000000058e-06	-6.040830000000000234e-07	-5.995419999999999961e-09	1.023420269999999960e+03	2.870000000000000107e+00
1.655085469539058447e+09	1.945500000000000126e-04	1.490120000000000058e-06	-6.040830000000000234e-07	-5.937209999999999601e-09	1.023385670000000005e+03	2.870000000000000107e+00
1.655085471149844408e+09	1.945500000000000126e-04	1.490120000000000058e-06	-6.040830000000000234e-07	-6.053630000000000322e-09	1.023383320000000026e+03	2.870000000000000107e+00
1.655085472757994175e+09	1.944310000000000092e-04	1.490120000000000058e-06	-6.040830000000000234e-07	-5.937209999999999601e-09	1.023368780000000015e+03	2.870000000000000107e+00
1.655085479380963802e+09	1.942520000000000097e-04	1.490120000000000058e-06	-6.040830000000000234e-07	-5.995419999999999961e-09	1.023309510000000046e+03	2.879999999999999893e+00
1.655085480995243549e+09	1.942520000000000097e-04	1.490120000000000058e-06	-6.040830000000000234e-07	-5.995419999999999961e-09	1.023315429999999992e+03	2.879999999999999893e+00
1.655085482599842072e+09	1.941330000000000063e-04	1.430520000000000027e-06	-6.040830000000000234e-07	-5.995419999999999961e-09	1.023296529999999962e+03	2.879999999999999893e+00
1.655085484209842682e+09	1.940140000000000029e-04	1.490120000000000058e-06	-6.040830000000000234e-07	-6.053630000000000322e-09	1.023286619999999971e+03	2.879999999999999893e+00
1.655085485829085112e+09	1.940140000000000029e-04	1.490120000000000058e-06	-6.040830000000000234e-07	-5.995419999999999961e-09	1.023275970000000029e+03	2.879999999999999893e+00
1.655085487438963175e+09	1.939540000000000068e-04	1.490120000000000058e-06	-6.040830000000000234e-07	-5.995419999999999961e-09	1.023265840000000026e+03	2.879999999999999893e+00
1.655085489046075344e+09	1.939540000000000068e-04	1.430520000000000027e-06	-6.040830000000000234e-07	-5.995419999999999961e-09	1.023250509999999963e+03	2.879999999999999893e+00
1.655085490658963203e+09	1.938350000000000034e-04	1.490120000000000058e-06	-6.040830000000000234e-07	-5.995419999999999961e-09	1.023232139999999958e+03	2.879999999999999893e+00
1.655085492274045706e+09	1.938350000000000034e-04	1.430520000000000027e-06	-6.040830000000000234e-07	-5.995419999999999961e-09	1.023210259999999948e+03	2.879999999999999893e+00
1.655085493887524843e+09	1.938350000000000034e-04	1.490120000000000058e-06	-6.040830000000000234e-07	-5.995419999999999961e-09	1.023198250000000030e+03	2.879999999999999893e+00
1.655085500510963678e+09	1.935370000000000005e-04	1.430520000000000027e-06	-6.040830000000000234e-07	-6.053630000000000322e-09	1.023153350000000046e+03	2.890000000000000124e+00
1.655085502124317884e+09	1.934779999999999931e-04	1.490120000000000058e-06	-6.040830000000000234e-07	-6.053630000000000322e-09	1.023132849999999962e+03	2.890000000000000124e+00
1.655085503735386848e+09	1.934179999999999970e-04	1.490120000000000058e-06	-6.040830000000000234e-07	-5.937209999999999601e-09	1.023113719999999944e+03	2.890000000000000124e+00
1.655085505339569092e+09	1.933580000000000010e-04	1.490120000000000058e-06	-6.040830000000000234e-07	-6.053630000000000322e-09	1.023101160000000050e+03	2.890000000000000124e+00
1.655085506950394869e+09	1.932989999999999936e-04	1.490120000000000058e-06	-6.040830000000000234e-07	-5.995419999999999961e-09	1.023090889999999945e+03	2.890000000000000124e+00
1.655085508557757139e+09	1.932989999999999936e-04	1.490120000000000058e-06	-6.040830000000000234e-07	-5.995419999999999961e-09	1.023085280000000012e+03	2.890000000000000124e+00
1.655085510166234732e+09	1.932989999999999936e-04	1.490120000000000058e-06	-6.040830000000000234e-07	-5.995419999999999961e-09	1.023060780000000022e+03	2.890000000000000124e+00
1.655085511783285618e+09	1.931799999999999902e-04	1.490120000000000058e-06	-6.040830000000000234e-07	-5.937209999999999601e-09	1.023054600000000050e+03	2.890000000000000124e+00
1.655085513395592213e+09	1.931199999999999941e-04	1.490120000000000058e-06	-6.040830000000000234e-07	-5.937209999999999601e-09	1.023050349999999980e+03	2.890000000000000124e+00
1.655085515008564949e+09	1.930009999999999907e-04	1.430520000000000027e-06	-6.040830000000000234e-07	-5.937209999999999601e-09	1.023023969999999963e+03	2.890000000000000124e+00
1.655085521627997160e+09	1.928819999999999873e-04	1.549729999999999941e-06	-6.040830000000000234e-07	-5.995419999999999961e-09	1.023000120000000038e+03	2.899999999999999911e+00
1.655085523245434761e+09	1.927619999999999952e-04	1.490120000000000058e-06	-6.040830000000000234e-07	-5.995419999999999961e-09	1.022970199999999977e+03	2.899999999999999911e+00
1.655085524853312492e+09	1.927619999999999952e-04	1.430520000000000027e-06	-6.040830000000000234e-07	-5.995419999999999961e-09	1.022948129999999992e+03	2.899999999999999911e+00
1.655085526459844112e+09	1.927029999999999878e-04	1.490120000000000058e-06	-6.040830000000000234e-07	-5.995419999999999961e-09	1.022932459999999992e+03	2.899999999999999911e+00
1.655085528077253580e+09	1.926429999999999918e-04	1.490120000000000058e-06	-6.040830000000000234e-07	-5.995419999999999961e-09	1.022932270000000017e+03	2.899999999999999911e+00
1.655085529689384222e+09	1.925840000000000115e-04	1.490120000000000058e-06	-6.040830000000000234e-07	-6.053630000000000322e-09	1.022905909999999949e+03	2.899999999999999911e+00
1.655085531313424587e+09	1.925239999999999883e-04	1.490120000000000058e-06	-6.040830000000000234e-07	-5.995419999999999961e-09	1.022903720000000021e+03	2.899999999999999911e+00
1.655085532918962479e+09	1.924639999999999923e-04	1.490120000000000058e-06	-6.040830000000000234e-07	-5.937209999999999601e-09	1.022877539999999954e+03	2.899999999999999911e+00
1.655085534528266907e+09	1.924050000000000120e-04	1.490120000000000058e-06	-6.040830000000000234e-07	-5.995419999999999961e-09	1.022877259999999978e+03	2.899999999999999911e+00
1.655085536126118183e+09	1.923449999999999889e-04	1.430520000000000027e-06	-6.040830000000000234e-07	-5.995419999999999961e-09	1.022850019999999972e+03	2.899999999999999911e+00
1.655085542750175714e+09	1.921659999999999894e-04	1.430520000000000027e-06	-6.040830000000000234e-07	-5.995419999999999961e-09	1.022803890000000024e+03	2.910000000000000142e+00
1.655085544366167307e+09	1.920470000000000131e-04	1.430520000000000027e-06	-6.040830000000000234e-07	-5.995419999999999961e-09	1.022805799999999977e+03	2.910000000000000142e+00
1.655085545976180077e+09	1.920470000000000131e-04	1.430520000000000027e-06	-6.040830000000000234e-07	-5.995419999999999961e-09	1.022782600000000002e+03	2.910000000000000142e+00
1.655085547588963032e+09	1.919869999999999899e-04	1.430520000000000027e-06	-6.040830000000000234e-07	-5.995419999999999961e-09	1.022774300000000039e+03	2.910000000000000142e+00
1.655085549198962212e+09	1.919280000000000096e-04	1.430520000000000027e-06	-6.040830000000000234e-07	-5.995419999999999961e-09	1.022752839999999992e+03	2.910000000000000142e+00
1.655085550815182447e+09	1.918679999999999865e-04	1.490120000000000058e-06	-6.040830000000000234e-07	-6.053630000000000322e-09	1.022745819999999981e+03	2.910000000000000142e+00
1.655085552420189381e+09	1.918090000000000062e-04	1.490120000000000058e-06	-6.040830000000000234e-07	-5.995419999999999961e-09	1.022721049999999991e+03	2.910000000000000142e+00
1.655085554030981302e+09	1.918090000000000062e-04	1.430520000000000027e-06	-6.040830000000000234e-07	-5.995419999999999961e-09	1.022706400000000031e+03	2.910000000000000142e+00
1.655085555647218466e+09	1.917490000000000101e-04	1.490120000000000058e-06	-6.040830000000000234e-07	-5.995419999999999961e-09	1.022688139999999976e+03	2.910000000000000142e+00
1.655085557258082628e+09	1.915700000000000107e-04	1.549729999999999941e-06	-6.040830000000000234e-07	-6.053630000000000322e-09	1.022675759999999968e+03	2.910000000000000142e+00
1.655085563883021593e+09	1.914510000000000072e-04	1.490120000000000058e-06	-6.041410000000000362e-07	-5.937209999999999601e-09	1.022632910000000038e+03	2.919999999999999929e+00
1.655085565495409727e+09	1.913910000000000112e-04	1.490120000000000058e-06	-6.040830000000000234e-07	-5.995419999999999961e-09	1.022620530000000031e+03	2.919999999999999929e+00
1.655085567100624800e+09	1.913320000000000038e-04	1.430520000000000027e-06	-6.040830000000000234e-07	-5.995419999999999961e-09	1.022617910000000052e+03	2.919999999999999929e+00
1.655085568701224804e+09	1.912720000000000078e-04	1.490120000000000058e-06	-6.040830000000000234e-07	-5.995419999999999961e-09	1.022606649999999945e+03	2.919999999999999929e+00
1.655085570304382324e+09	1.912130000000000004e-04	1.430520000000000027e-06	-6.040830000000000234e-07	-6.053630000000000322e-09	1.022576689999999985e+03	2.919999999999999929e+00
1.655085571905199289e+09	1.912130000000000004e-04	1.430520000000000027e-06	-6.040830000000000234e-07	-5.995419999999999961e-09	1.022565910000000031e+03	2.919999999999999929e+00
1.655085573520962715e+09	1.911530000000000043e-04	1.549729999999999941e-06	-6.040830000000000234e-07	-5.937209999999999601e-09	1.022550370000000044e+03	2.919999999999999929e+00
1.655085575122449160e+09	1.910340000000000009e-04	1.549729999999999941e-06	-6.040830000000000234e-07	-5.995419999999999961e-09	1.022553919999999948e+03	2.919999999999999929e+00
1.655085576735109806e+09	1.910340000000000009e-04	1.490120000000000058e-06	-6.040830000000000234e-07	-5.995419999999999961e-09	1.022526420000000030e+03	2.919999999999999929e+00
1.655085578353668928e+09	1.910340000000000009e-04	1.430520000000000027e-06	-6.040830000000000234e-07	-5.995419999999999961e-09	1.022520309999999995e+03	2.919999999999999929e+00
1.655085584983095884e+09	1.908550000000000014e-04	1.490120000000000058e-06	-6.040830000000000234e-07	-5.995419999999999961e-09	1.022459299999999985e+03	2.930000000000000160e+00
1.655085586602127075e+09	1.907359999999999980e-04	1.490120000000000058e-06	-6.040830000000000234e-07	-5.995419999999999961e-09	1.022450829999999996e+03	2.930000000000000160e+00
1.655085588216236591e+09	1.906760000000000020e-04	1.430520000000000027e-06	-6.040830000000000234e-07	-5.995419999999999961e-09	1.022444640000000049e+03	2.930000000000000160e+00
1.655085589826209307e+09	1.906169999999999946e-04	1.430520000000000027e-06	-6.040830000000000234e-07	-5.995419999999999961e-09	1.022418819999999982e+03	2.930000000000000160e+00
1.655085591439944267e+09	1.905569999999999985e-04	1.549729999999999941e-06	-6.040830000000000234e-07	-5.937209999999999601e-09	1.022415460000000053e+03	2.930000000000000160e+00
1.655085593048675776e+09	1.904970000000000025e-04	1.490120000000000058e-06	-6.041410000000000362e-07	-5.995419999999999961e-09	1.022410489999999982e+03	2.930000000000000160e+00
1.655085594667951107e+09	1.904970000000000025e-04	1.430520000000000027e-06	-6.040830000000000234e-07	-6.053630000000000322e-09	1.022378770000000031e+03	2.930000000000000160e+00
1.655085596274042368e+09	1.904379999999999951e-04	1.430520000000000027e-06	-6.040830000000000234e-07	-5.995419999999999961e-09	1.022372070000000008e+03	2.930000000000000160e+00
1.655085597887997389e+09	1.903779999999999990e-04	1.490120000000000058e-06	-6.040830000000000234e-07	-5.995419999999999961e-09	1.022363969999999995e+03	2.930000000000000160e+00
1.655085599500828743e+09	1.903189999999999917e-04	1.430520000000000027e-06	-6.040830000000000234e-07	-6.053630000000000322e-09	1.022361369999999965e+03	2.930000000000000160e+00
1.655085606131686211e+09	1.900799999999999961e-04	1.490120000000000058e-06	-6.040830000000000234e-07	-5.995419999999999961e-09	1.022292410000000018e+03	2.939999999999999947e+00
1.655085607752511024e+09	1.900209999999999887e-04	1.490120000000000058e-06	-6.040830000000000234e-07	-5.995419999999999961e-09	1.022285219999999981e+03	2.939999999999999947e+00
1.655085609367519379e+09	1.900209999999999887e-04	1.549729999999999941e-06	-6.040830000000000234e-07	-6.053630000000000322e-09	1.022270769999999970e+03	2.939999999999999947e+00
1.655085610987800360e+09	1.900209999999999887e-04	1.490120000000000058e-06	-6.040830000000000234e-07	-6.053630000000000322e-09	1.022266010000000051e+03	2.939999999999999947e+00
1.655085612597577810e+09	1.899009999999999967e-04	1.430520000000000027e-06	-6.040830000000000234e-07	-5.995419999999999961e-09	1.022255520000000047e+03	2.939999999999999947e+00
1.655085614206113338e+09	1.899009999999999967e-04	1.490120000000000058e-06	-6.040830000000000234e-07	-5.937209999999999601e-09	1.022223219999999969e+03	2.939999999999999947e+00
1.655085615815976143e+09	1.897819999999999932e-04	1.490120000000000058e-06	-6.040830000000000234e-07	-5.995419999999999961e-09	1.022221450000000004e+03	2.939999999999999947e+00
1.655085617420962811e+09	1.896629999999999898e-04	1.490120000000000058e-06	-6.040830000000000234e-07	-5.937209999999999601e-09	1.022214110000000005e+03	2.939999999999999947e+00
1.655085619031719446e+09	1.896629999999999898e-04	1.430520000000000027e-06	-6.040830000000000234e-07	-5.995419999999999961e-09	1.022185560000000009e+03	2.939999999999999947e+00
1.655085620647318363e+09	1.895440000000000135e-04	1.490120000000000058e-06	-6.040830000000000234e-07	-5.937209999999999601e-09	1.022180669999999964e+03	2.939999999999999947e+00
1.655085627270173550e+09	1.894239999999999943e-04	1.490120000000000058e-06	-6.040830000000000234e-07	-5.995419999999999961e-09	1.022124800000000050e+03	2.950000000000000178e+00
1.655085628882753372e+09	1.893049999999999909e-04	1.430520000000000027e-06	-6.040830000000000234e-07	-5.995419999999999961e-09	1.022117359999999962e+03	2.950000000000000178e+00
1.655085630485329866e+09	1.893049999999999909e-04	1.490120000000000058e-06	-6.040830000000000234e-07	-6.053630000000000322e-09	1.022088889999999992e+03	2.950000000000000178e+00
1.655085632105384111e+09	1.893049999999999909e-04	1.430520000000000027e-06	-6.040830000000000234e-07	-5.995419999999999961e-09	1.022083049999999957e+03	2.950000000000000178e+00
1.655085633720957279e+09	1.892460000000000106e-04	1.430520000000000027e-06	-6.040830000000000234e-07	-6.053630000000000322e-09	1.022078430000000026e+03	2.950000000000000178e+00
1.655085635337951899e+09	1.891259999999999914e-04	1.490120000000000058e-06	-6.040830000000000234e-07	-5.937209999999999601e-09	1.022074050000000057e+03	2.950000000000000178e+00
1.655085636959856033e+09	1.890670000000000111e-04	1.430520000000000027e-06	-6.040830000000000234e-07	-5.937209999999999601e-09	1.022053350000000023e+03	2.950000000000000178e+00
1.655085638567509651e+09	1.890069999999999879e-04	1.430520000000000027e-06	-6.040830000000000234e-07	-5.937209999999999601e-09	1.022024319999999989e+03	2.950000000000000178e+00
1.655085640180340290e+09	1.890069999999999879e-04	1.490120000000000058e-06	-6.040830000000000234e-07	-6.053630000000000322e-09	1.022035399999999981e+03	2.950000000000000178e+00
1.655085641794022799e+09	1.890069999999999879e-04	1.430520000000000027e-06	-6.040830000000000234e-07	-5.995419999999999961e-09	1.022013519999999971e+03	2.950000000000000178e+00
1.655085648429939032e+09	1.887090000000000121e-04	1.490120000000000058e-06	-6.040830000000000234e-07	-5.995419999999999961e-09	1.021958889999999997e+03	2.959999999999999964e+00
1.655085650056127787e+09	1.886500000000000048e-04	1.490120000000000058e-06	-6.040830000000000234e-07	-6.053630000000000322e-09	1.021940039999999954e+03	2.959999999999999964e+00
1.655085651667184830e+09	1.886500000000000048e-04	1.430520000000000027e-06	-6.040830000000000234e-07	-6.053630000000000322e-09	1.021930420000000026e+03	2.959999999999999964e+00
1.655085653283532619e+09	1.885300000000000127e-04	1.490120000000000058e-06	-6.040830000000000234e-07	-5.995419999999999961e-09	1.021922760000000039e+03	2.959999999999999964e+00
1.655085654900003433e+09	1.885300000000000127e-04	1.430520000000000027e-06	-6.040830000000000234e-07	-5.995419999999999961e-09	1.021905520000000024e+03	2.959999999999999964e+00
1.655085656507230282e+09	1.885300000000000127e-04	1.490120000000000058e-06	-6.040830000000000234e-07	-5.995419999999999961e-09	1.021898059999999987e+03	2.959999999999999964e+00
1.655085658120944023e+09	1.884110000000000092e-04	1.430520000000000027e-06	-6.040830000000000234e-07	-5.937209999999999601e-09	1.021873330000000010e+03	2.959999999999999964e+00
1.655085659726490259e+09	1.883520000000000018e-04	1.490120000000000058e-06	-6.040830000000000234e-07	-5.937209999999999601e-09	1.021868920000000003e+03	2.959999999999999964e+00
1.655085661335985899e+09	1.882920000000000058e-04	1.430520000000000027e-06	-6.040830000000000234e-07	-5.995419999999999961e-09	1.021852870000000053e+03	2.959999999999999964e+00
1.655085662937952518e+09	1.882320000000000098e-04	1.430520000000000027e-06	-6.040830000000000234e-07	-5.995419999999999961e-09	1.021841279999999983e+03	2.959999999999999964e+00
1.655085669558183908e+09	1.880539999999999989e-04	1.430520000000000027e-06	-6.040830000000000234e-07	-5.995419999999999961e-09	1.021794899999999984e+03	2.970000000000000195e+00
1.655085671178290844e+09	1.879340000000000069e-04	1.490120000000000058e-06	-6.040830000000000234e-07	-6.053630000000000322e-09	1.021780219999999986e+03	2.970000000000000195e+00
1.655085672786978722e+09	1.879940000000000029e-04	1.490120000000000058e-06	-6.040830000000000234e-07	-5.995419999999999961e-09	1.021769980000000032e+03	2.970000000000000195e+00
1.655085674398962975e+09	1.879340000000000069e-04	1.430520000000000027e-06	-6.040830000000000234e-07	-6.053630000000000322e-09	1.021778779999999983e+03	2.970000000000000195e+00
1.655085675998394728e+09	1.878150000000000034e-04	1.430520000000000027e-06	-6.040830000000000234e-07	-6.053630000000000322e-09	1.021740609999999947e+03	2.970000000000000195e+00
1.655085677599813461e+09	1.878150000000000034e-04	1.430520000000000027e-06	-6.040830000000000234e-07	-5.937209999999999601e-09	1.021718939999999975e+03	2.970000000000000195e+00
1.655085679225578547e+09	1.878150000000000034e-04	1.430520000000000027e-06	-6.040830000000000234e-07	-6.053630000000000322e-09	1.021718610000000012e+03	2.970000000000000195e+00
1.655085680837001562e+09	1.877559999999999960e-04	1.490120000000000058e-06	-6.040830000000000234e-07	-5.995419999999999961e-09	1.021709420000000023e+03	2.970000000000000195e+00
1.655085682451011658e+09	1.876960000000000000e-04	1.549729999999999941e-06	-6.040830000000000234e-07	-5.995419999999999961e-09	1.021695609999999988e+03	2.970000000000000195e+00
1.655085684054899931e+09	1.875769999999999966e-04	1.370909999999999932e-06	-6.040830000000000234e-07	-5.995419999999999961e-09	1.021685519999999997e+03	2.970000000000000195e+00
1.655085690677206039e+09	1.873380000000000010e-04	1.430520000000000027e-06	-6.040830000000000234e-07	-5.995419999999999961e-09	1.021615900000000011e+03	2.979999999999999982e+00
1.655085692289842367e+09	1.873380000000000010e-04	1.311309999999999901e-06	-6.040830000000000234e-07	-5.937209999999999601e-09	1.021627920000000017e+03	2.979999999999999982e+00
1.655085693910944462e+09	1.872789999999999937e-04	1.490120000000000058e-06	-6.040830000000000234e-07	-5.995419999999999961e-09	1.021593480000000000e+03	2.979999999999999982e+00
1.655085695538434982e+09	1.872189999999999976e-04	1.430520000000000027e-06	-6.040830000000000234e-07	-5.995419999999999961e-09	1.021582250000000045e+03	2.979999999999999982e+00
1.655085697146753788e+09	1.872189999999999976e-04	1.430520000000000027e-06	-6.040830000000000234e-07	-5.995419999999999961e-09	1.021591999999999985e+03	2.979999999999999982e+00
1.655085698754194260e+09	1.871599999999999902e-04	1.490120000000000058e-06	-6.040830000000000234e-07	-5.995419999999999961e-09	1.021561559999999986e+03	2.979999999999999982e+00
1.655085700360962868e+09	1.870999999999999942e-04	1.430520000000000027e-06	-6.040830000000000234e-07	-5.995419999999999961e-09	1.021550920000000019e+03	2.979999999999999982e+00
1.655085701976411819e+09	1.870399999999999981e-04	1.430520000000000027e-06	-6.040830000000000234e-07	-5.995419999999999961e-09	1.021527420000000006e+03	2.979999999999999982e+00
1.655085703583191872e+09	1.869809999999999907e-04	1.490120000000000058e-06	-6.040830000000000234e-07	-5.995419999999999961e-09	1.021520520000000033e+03	2.979999999999999982e+00
1.655085705193266153e+09	1.869209999999999947e-04	1.430520000000000027e-06	-6.040830000000000234e-07	-5.995419999999999961e-09	1.021511600000000044e+03	2.979999999999999982e+00
1.655085711819994688e+09	1.866829999999999878e-04	1.430520000000000027e-06	-6.040830000000000234e-07	-6.053630000000000322e-09	1.021472409999999968e+03	2.990000000000000213e+00
1.655085713427492142e+09	1.866229999999999918e-04	1.430520000000000027e-06	-6.040830000000000234e-07	-6.053630000000000322e-09	1.021456429999999955e+03	2.990000000000000213e+00
1.655085715042021036e+09	1.866229999999999918e-04	1.430520000000000027e-06	-6.040830000000000234e-07	-5.995419999999999961e-09	1.021422059999999988e+03	2.990000000000000213e+00
1.655085716647329569e+09	1.865629999999999958e-04	1.430520000000000027e-06	-6.040830000000000234e-07	-5.995419999999999961e-09	1.021437130000000025e+03	2.990000000000000213e+00
1.655085718255355835e+09	1.864439999999999923e-04	1.430520000000000027e-06	-6.040830000000000234e-07	-6.053630000000000322e-09	1.021421939999999950e+03	2.990000000000000213e+00
1.655085719867952824e+09	1.863850000000000120e-04	1.490120000000000058e-06	-6.040830000000000234e-07	-5.995419999999999961e-09	1.021408170000000041e+03	2.990000000000000213e+00
1.655085721481201887e+09	1.864439999999999923e-04	1.430520000000000027e-06	-6.040830000000000234e-07	-5.995419999999999961e-09	1.021403890000000047e+03	2.990000000000000213e+00
1.655085723090652466e+09	1.863850000000000120e-04	1.430520000000000027e-06	-6.040830000000000234e-07	-5.995419999999999961e-09	1.021360300000000052e+03	2.990000000000000213e+00
1.655085724699963331e+09	1.862649999999999929e-04	1.490120000000000058e-06	-6.040830000000000234e-07	-5.937209999999999601e-09	1.021358590000000049e+03	2.990000000000000213e+00
1.655085726317445040e+09	1.862649999999999929e-04	1.490120000000000058e-06	-6.040830000000000234e-07	-6.053630000000000322e-09	1.021344849999999951e+03	2.990000000000000213e+00
1.655085732947301388e+09	1.859669999999999900e-04	1.430520000000000027e-06	-6.040830000000000234e-07	-5.995419999999999961e-09	1.021285259999999994e+03	3.000000000000000000e+00
1.655085734558962345e+09	1.859080000000000097e-04	1.430520000000000027e-06	-6.040830000000000234e-07	-6.053630000000000322e-09	1.021286989999999946e+03	3.000000000000000000e+00
1.655085736170782089e+09	1.859080000000000097e-04	1.430520000000000027e-06	-6.040830000000000234e-07	-5.937209999999999601e-09	1.021277649999999994e+03	3.000000000000000000e+00
1.655085737780170441e+09	1.858479999999999865e-04	1.370909999999999932e-06	-6.040830000000000234e-07	-5.995419999999999961e-09	1.021257950000000051e+03	3.000000000000000000e+00
1.655085739388395071e+09	1.858479999999999865e-04	1.430520000000000027e-06	-6.040830000000000234e-07	-5.995419999999999961e-09	1.021245009999999979e+03	3.000000000000000000e+00
1.655085741005489349e+09	1.857890000000000062e-04	1.430520000000000027e-06	-6.040830000000000234e-07	-5.995419999999999961e-09	1.021242799999999988e+03	3.000000000000000000e+00
1.655085742615729094e+09	1.857890000000000062e-04	1.430520000000000027e-06	-6.040830000000000234e-07	-5.995419999999999961e-09	1.021224789999999985e+03	3.000000000000000000e+00
1.655085744220313549e+09	1.856689999999999870e-04	1.430520000000000027e-06	-6.040830000000000234e-07	-5.995419999999999961e-09	1.021211130000000026e+03	3.000000000000000000e+00
1.655085745827662706e+09	1.855500000000000107e-04	1.490120000000000058e-06	-6.040830000000000234e-07	-6.053630000000000322e-09	1.021202580000000012e+03	3.000000000000000000e+00
1.655085747434502363e+09	1.856100000000000068e-04	1.370909999999999932e-06	-6.040830000000000234e-07	-5.937209999999999601e-09	1.021183080000000018e+03	3.000000000000000000e+00
1.655085754061512470e+09	1.853710000000000112e-04	1.430520000000000027e-06	-6.040830000000000234e-07	-5.995419999999999961e-09	1.021128249999999980e+03	3.010000000000000231e+00
1.655085755674976587e+09	1.853710000000000112e-04	1.430520000000000027e-06	-6.040830000000000234e-07	-5.995419999999999961e-09	1.021136070000000018e+03	3.010000000000000231e+00
1.655085757287000418e+09	1.853120000000000038e-04	1.370909999999999932e-06	-6.040830000000000234e-07	-5.937209999999999601e-09	1.021122870000000034e+03	3.010000000000000231e+00
1.655085758895182133e+09	1.852520000000000078e-04	1.430520000000000027e-06	-6.040830000000000234e-07	-5.995419999999999961e-09	1.021104979999999955e+03	3.010000000000000231e+00
1.655085760506693363e+09	1.851330000000000044e-04	1.430520000000000027e-06	-6.040830000000000234e-07	-6.053630000000000322e-09	1.021080029999999965e+03	3.010000000000000231e+00
1.655085762114080906e+09	1.851330000000000044e-04	1.430520000000000027e-06	-6.040830000000000234e-07	-5.937209999999999601e-09	1.021072800000000029e+03	3.010000000000000231e+00
1.655085763737992525e+09	1.851330000000000044e-04	1.430520000000000027e-06	-6.040830000000000234e-07	-5.995419999999999961e-09	1.021057999999999993e+03	3.010000000000000231e+00
1.655085765345053673e+09	1.850140000000000009e-04	1.370909999999999932e-06	-6.040830000000000234e-07	-5.995419999999999961e-09	1.021040600000000040e+03	3.010000000000000231e+00
1.655085766949002981e+09	1.849540000000000049e-04	1.430520000000000027e-06	-6.040830000000000234e-07	-5.995419999999999961e-09	1.021044409999999971e+03	3.010000000000000231e+00
1.655085768556870937e+09	1.849540000000000049e-04	1.430520000000000027e-06	-6.040830000000000234e-07	-5.995419999999999961e-09	1.021021119999999996e+03	3.010000000000000231e+00
1.655085775177953005e+09	1.847750000000000054e-04	1.430520000000000027e-06	-6.040830000000000234e-07	-5.995419999999999961e-09	1.020968849999999975e+03	3.020000000000000018e+00
1.655085776786120892e+09	1.847159999999999980e-04	1.490120000000000058e-06	-6.040830000000000234e-07	-5.995419999999999961e-09	1.020969960000000015e+03	3.020000000000000018e+00
1.655085778389916420e+09	1.847159999999999980e-04	1.430520000000000027e-06	-6.040830000000000234e-07	-5.995419999999999961e-09	1.020939309999999978e+03	3.020000000000000018e+00
1.655085780001653433e+09	1.845369999999999986e-04	1.430520000000000027e-06	-6.040830000000000234e-07	-5.995419999999999961e-09	1.020949619999999982e+03	3.020000000000000018e+00
1.655085781612976789e+09	1.844770000000000025e-04	1.430520000000000027e-06	-6.040830000000000234e-07	-5.995419999999999961e-09	1.020918689999999970e+03	3.020000000000000018e+00
1.655085783219323158e+09	1.844770000000000025e-04	1.370909999999999932e-06	-6.040830000000000234e-07	-5.995419999999999961e-09	1.020918660000000045e+03	3.020000000000000018e+00
1.655085784833369255e+09	1.843579999999999991e-04	1.490120000000000058e-06	-6.040830000000000234e-07	-5.995419999999999961e-09	1.020898559999999975e+03	3.020000000000000018e+00
1.655085786452376842e+09	1.844179999999999951e-04	1.490120000000000058e-06	-6.041410000000000362e-07	-5.995419999999999961e-09	1.020888389999999958e+03	3.020000000000000018e+00
1.655085788061975718e+09	1.842980000000000031e-04	1.430520000000000027e-06	-6.040830000000000234e-07	-5.995419999999999961e-09	1.020858290000000011e+03	3.020000000000000018e+00
1.655085789679629087e+09	1.842389999999999957e-04	1.490120000000000058e-06	-6.040830000000000234e-07	-5.937209999999999601e-09	1.020858330000000024e+03	3.020000000000000018e+00
1.655085796305214882e+09	1.840000000000000001e-04	1.370909999999999932e-06	-6.040830000000000234e-07	-5.995419999999999961e-09	1.020817440000000033e+03	3.030000000000000249e+00
1.655085797920185566e+09	1.839409999999999927e-04	1.430520000000000027e-06	-6.040830000000000234e-07	-6.053630000000000322e-09	1.020795160000000010e+03	3.030000000000000249e+00
1.655085799534162998e+09	1.840000000000000001e-04	1.370909999999999932e-06	-6.040830000000000234e-07	-5.995419999999999961e-09	1.020794390000000021e+03	3.030000000000000249e+00
1.655085801140947104e+09	1.838809999999999967e-04	1.370909999999999932e-06	-6.040830000000000234e-07	-5.937209999999999601e-09	1.020766550000000052e+03	3.030000000000000249e+00
1.655085802762389421e+09	1.838809999999999967e-04	1.430520000000000027e-06	-6.040830000000000234e-07	-5.995419999999999961e-09	1.020774779999999964e+03	3.030000000000000249e+00
1.655085804369068861e+09	1.838219999999999893e-04	1.430520000000000027e-06	-6.040830000000000234e-07	-6.053630000000000322e-09	1.020755089999999996e+03	3.030000000000000249e+00
1.655085805977235317e+09	1.837619999999999933e-04	1.370909999999999932e-06	-6.040830000000000234e-07	-5.937209999999999601e-09	1.020733150000000023e+03	3.030000000000000249e+00
1.655085807593946934e+09	1.837019999999999972e-04	1.430520000000000027e-06	-6.040830000000000234e-07	-5.995419999999999961e-09	1.020727719999999977e+03	3.030000000000000249e+00
1.655085809211393356e+09	1.836429999999999898e-04	1.430520000000000027e-06	-6.040830000000000234e-07	-6.053630000000000322e-09	1.020712899999999991e+03	3.030000000000000249e+00
1.655085810823034763e+09	1.835829999999999938e-04	1.370909999999999932e-06	-6.040830000000000234e-07	-5.937209999999999601e-09	1.020703960000000052e+03	3.030000000000000249e+00
1.655085817449965715e+09	1.833449999999999869e-04	1.430520000000000027e-06	-6.040830000000000234e-07	-5.937209999999999601e-09	1.020667040000000043e+03	3.040000000000000036e+00
1.655085819076854944e+09	1.833449999999999869e-04	1.430520000000000027e-06	-6.040830000000000234e-07	-6.053630000000000322e-09	1.020656039999999962e+03	3.040000000000000036e+00
1.655085820688962221e+09	1.833449999999999869e-04	1.370909999999999932e-06	-6.040830000000000234e-07	-5.937209999999999601e-09	1.020632619999999974e+03	3.040000000000000036e+00
1.655085822303121805e+09	1.832260000000000106e-04	1.430520000000000027e-06	-6.040830000000000234e-07	-5.995419999999999961e-09	1.020609580000000051e+03	3.040000000000000036e+00
1.655085823917504072e+09	1.832260000000000106e-04	1.430520000000000027e-06	-6.040830000000000234e-07	-5.995419999999999961e-09	1.020611809999999991e+03	3.040000000000000036e+00
1.655085825525526285e+09	1.831059999999999914e-04	1.430520000000000027e-06	-6.040830000000000234e-07	-5.995419999999999961e-09	1.020598709999999983e+03	3.040000000000000036e+00
1.655085827135892391e+09	1.831059999999999914e-04	1.430520000000000027e-06	-6.040830000000000234e-07	-5.995419999999999961e-09	1.020571699999999964e+03	3.040000000000000036e+00
1.655085828754481554e+09	1.829869999999999880e-04	1.370909999999999932e-06	-6.040830000000000234e-07	-5.937209999999999601e-09	1.020565389999999979e+03	3.040000000000000036e+00
1.655085830372009993e+09	1.829869999999999880e-04	1.430520000000000027e-06	-6.040830000000000234e-07	-5.995419999999999961e-09	1.020580529999999953e+03	3.040000000000000036e+00
1.655085831976714849e+09	1.828680000000000117e-04	1.370909999999999932e-06	-6.040830000000000234e-07	-5.995419999999999961e-09	1.020538180000000011e+03	3.040000000000000036e+00
1.655085838595566034e+09	1.826890000000000122e-04	1.430520000000000027e-06	-6.040830000000000234e-07	-5.995419999999999961e-09	1.020485969999999952e+03	3.050000000000000266e+00
1.655085840205655336e+09	1.826890000000000122e-04	1.370909999999999932e-06	-6.040830000000000234e-07	-5.995419999999999961e-09	1.020493519999999990e+03	3.050000000000000266e+00
1.655085841809843302e+09	1.826300000000000048e-04	1.430520000000000027e-06	-6.040830000000000234e-07	-5.995419999999999961e-09	1.020469879999999989e+03	3.050000000000000266e+00
1.655085843423596859e+09	1.825700000000000088e-04	1.430520000000000027e-06	-6.040830000000000234e-07	-5.937209999999999601e-09	1.020460929999999962e+03	3.050000000000000266e+00
1.655085845036976337e+09	1.825100000000000127e-04	1.370909999999999932e-06	-6.040830000000000234e-07	-5.995419999999999961e-09	1.020457750000000033e+03	3.050000000000000266e+00
1.655085846653865814e+09	1.824510000000000053e-04	1.370909999999999932e-06	-6.040830000000000234e-07	-6.053630000000000322e-09	1.020436749999999961e+03	3.050000000000000266e+00
1.655085848260524750e+09	1.825100000000000127e-04	1.430520000000000027e-06	-6.041410000000000362e-07	-5.995419999999999961e-09	1.020435799999999972e+03	3.050000000000000266e+00
1.655085849873098850e+09	1.824510000000000053e-04	1.370909999999999932e-06	-6.040830000000000234e-07	-5.995419999999999961e-09	1.020409729999999968e+03	3.050000000000000266e+00
1.655085851493452549e+09	1.823320000000000019e-04	1.490120000000000058e-06	-6.040830000000000234e-07	-5.995419999999999961e-09	1.020402929999999969e+03	3.050000000000000266e+00
1.655085853101019859e+09	1.822720000000000058e-04	1.430520000000000027e-06	-6.040830000000000234e-07	-5.995419999999999961e-09	1.020379450000000020e+03	3.050000000000000266e+00
1.655085859721956015e+09	1.820339999999999990e-04	1.430520000000000027e-06	-6.040830000000000234e-07	-5.995419999999999961e-09	1.020323729999999955e+03	3.060000000000000053e+00
1.655085861332971334e+09	1.820339999999999990e-04	1.430520000000000027e-06	-6.041410000000000362e-07	-5.995419999999999961e-09	1.020322170000000028e+03	3.060000000000000053e+00
1.655085862948962927e+09	1.819740000000000029e-04	1.370909999999999932e-06	-6.040830000000000234e-07	-5.995419999999999961e-09	1.020298610000000053e+03	3.060000000000000053e+00
1.655085864567129850e+09	1.819740000000000029e-04	1.370909999999999932e-06	-6.040830000000000234e-07	-5.995419999999999961e-09	1.020294669999999996e+03	3.060000000000000053e+00
1.655085866190963268e+09	1.818549999999999995e-04	1.430520000000000027e-06	-6.040830000000000234e-07	-5.995419999999999961e-09	1.020283580000000029e+03	3.060000000000000053e+00
1.655085867798962116e+09	1.818549999999999995e-04	1.430520000000000027e-06	-6.040830000000000234e-07	-6.053630000000000322e-09	1.020268640000000005e+03	3.060000000000000053e+00
1.655085869412245512e+09	1.819140000000000069e-04	1.430520000000000027e-06	-6.040830000000000234e-07	-5.995419999999999961e-09	1.020267370000000028e+03	3.060000000000000053e+00
1.655085871017952919e+09	1.817350000000000074e-04	1.430520000000000027e-06	-6.040830000000000234e-07	-5.937209999999999601e-09	1.020266430000000014e+03	3.060000000000000053e+00
1.655085872619848251e+09	1.817350000000000074e-04	1.490120000000000058e-06	-6.040830000000000234e-07	-5.995419999999999961e-09	1.020231559999999945e+03	3.060000000000000053e+00
1.655085874237560511e+09	1.816760000000000000e-04	1.311309999999999901e-06	-6.040830000000000234e-07	-5.995419999999999961e-09	1.020227610000000027e+03	3.060000000000000053e+00
1.655085880875280619e+09	1.814970000000000006e-04	1.430520000000000027e-06	-6.040830000000000234e-07	-6.053630000000000322e-09	1.020168800000000033e+03	3.070000000000000284e+00
1.655085882478962421e+09	1.813779999999999971e-04	1.430520000000000027e-06	-6.040830000000000234e-07	-5.995419999999999961e-09	1.020164779999999951e+03	3.070000000000000284e+00
1.655085884085368395e+09	1.813779999999999971e-04	1.370909999999999932e-06	-6.040830000000000234e-07	-5.995419999999999961e-09	1.020156629999999950e+03	3.070000000000000284e+00
1.655085885696519136e+09	1.813180000000000011e-04	1.370909999999999932e-06	-6.040830000000000234e-07	-5.995419999999999961e-09	1.020134720000000016e+03	3.070000000000000284e+00
1.655085887313355923e+09	1.811989999999999977e-04	1.430520000000000027e-06	-6.040830000000000234e-07	-5.995419999999999961e-09	1.020124749999999949e+03	3.070000000000000284e+00
1.655085888928111315e+09	1.812589999999999937e-04	1.311309999999999901e-06	-6.040830000000000234e-07	-6.053630000000000322e-09	1.020105779999999982e+03	3.070000000000000284e+00
1.655085890526987076e+09	1.811390000000000016e-04	1.490120000000000058e-06	-6.040830000000000234e-07	-5.995419999999999961e-09	1.020121060000000057e+03	3.070000000000000284e+00
1.655085892138963223e+09	1.811390000000000016e-04	1.370909999999999932e-06	-6.040830000000000234e-07	-6.053630000000000322e-09	1.020090879999999970e+03	3.070000000000000284e+00
1.655085893755494595e+09	1.810799999999999942e-04	1.311309999999999901e-06	-6.040830000000000234e-07	-5.995419999999999961e-09	1.020076260000000048e+03	3.070000000000000284e+00
1.655085895367483377e+09	1.810799999999999942e-04	1.430520000000000027e-06	-6.041410000000000362e-07	-5.995419999999999961e-09	1.020065249999999992e+03	3.070000000000000284e+00
1.655085902005455732e+09	1.807819999999999913e-04	1.370909999999999932e-06	-6.041410000000000362e-07	-5.937209999999999601e-09	1.020011560000000031e+03	3.080000000000000071e+00
1.655085903609962463e+09	1.807219999999999953e-04	1.311309999999999901e-06	-6.041410000000000362e-07	-5.995419999999999961e-09	1.019997190000000046e+03	3.080000000000000071e+00
1.655085905217095852e+09	1.806629999999999879e-04	1.311309999999999901e-06	-6.041410000000000362e-07	-5.937209999999999601e-09	1.019999630000000025e+03	3.080000000000000071e+00
1.655085906824070692e+09	1.806629999999999879e-04	1.311309999999999901e-06	-6.040830000000000234e-07	-5.995419999999999961e-09	1.019986269999999990e+03	3.080000000000000071e+00
1.655085908432419777e+09	1.806029999999999918e-04	1.311309999999999901e-06	-6.040830000000000234e-07	-5.995419999999999961e-09	1.019987129999999979e+03	3.080000000000000071e+00
1.655085910043322086e+09	1.806029999999999918e-04	1.430520000000000027e-06	-6.041410000000000362e-07	-5.995419999999999961e-09	1.019962290000000053e+03	3.080000000000000071e+00
1.655085911663457870e+09	1.805429999999999958e-04	1.370909999999999932e-06	-6.041410000000000362e-07	-5.995419999999999961e-09	1.019949799999999982e+03	3.080000000000000071e+00
1.655085913271963358e+09	1.804839999999999884e-04	1.370909999999999932e-06	-6.041410000000000362e-07	-5.995419999999999961e-09	1.019934769999999958e+03	3.080000000000000071e+00
1.655085914880213737e+09	1.804839999999999884e-04	1.430520000000000027e-06	-6.040830000000000234e-07	-5.995419999999999961e-09	1.019926770000000033e+03	3.080000000000000071e+00
1.655085916488047123e+09	1.803049999999999889e-04	1.311309999999999901e-06	-6.040830000000000234e-07	-5.995419999999999961e-09	1.019906579999999963e+03	3.080000000000000071e+00
1.655085923105352402e+09	1.801259999999999895e-04	1.311309999999999901e-06	-6.040830000000000234e-07	-5.937209999999999601e-09	1.019864280000000008e+03	3.089999999999999858e+00
1.655085924708089352e+09	1.800670000000000092e-04	1.370909999999999932e-06	-6.041410000000000362e-07	-5.995419999999999961e-09	1.019850459999999998e+03	3.089999999999999858e+00
1.655085926316369772e+09	1.800670000000000092e-04	1.370909999999999932e-06	-6.040830000000000234e-07	-5.995419999999999961e-09	1.019835590000000025e+03	3.089999999999999858e+00
1.655085927927127361e+09	1.800070000000000131e-04	1.430520000000000027e-06	-6.041410000000000362e-07	-5.995419999999999961e-09	1.019821360000000027e+03	3.089999999999999858e+00
1.655085929546635866e+09	1.799469999999999900e-04	1.370909999999999932e-06	-6.040830000000000234e-07	-6.053630000000000322e-09	1.019815389999999979e+03	3.089999999999999858e+00
1.655085931166084766e+09	1.799469999999999900e-04	1.311309999999999901e-06	-6.041410000000000362e-07	-5.995419999999999961e-09	1.019806760000000054e+03	3.089999999999999858e+00
1.655085932783020020e+09	1.798880000000000097e-04	1.430520000000000027e-06	-6.041410000000000362e-07	-5.937209999999999601e-09	1.019792609999999968e+03	3.089999999999999858e+00
1.655085934397336006e+09	1.797690000000000063e-04	1.430520000000000027e-06	-6.041410000000000362e-07	-5.995419999999999961e-09	1.019778040000000033e+03	3.089999999999999858e+00
1.655085936014286280e+09	1.797090000000000102e-04	1.370909999999999932e-06	-6.041410000000000362e-07	-6.053630000000000322e-09	1.019773749999999950e+03	3.089999999999999858e+00
1.655085937638175488e+09	1.797090000000000102e-04	1.311309999999999901e-06	-6.040830000000000234e-07	-5.937209999999999601e-09	1.019746179999999981e+03	3.089999999999999858e+00
1.655085944278324127e+09	1.795300000000000108e-04	1.311309999999999901e-06	-6.041410000000000362e-07	-5.995419999999999961e-09	1.019711599999999976e+03	3.100000000000000089e+00
1.655085945887574196e+09	1.794710000000000034e-04	1.430520000000000027e-06	-6.040830000000000234e-07	-5.995419999999999961e-09	1.019692210000000046e+03	3.100000000000000089e+00
1.655085947508962393e+09	1.794110000000000073e-04	1.370909999999999932e-06	-6.041410000000000362e-07	-5.995419999999999961e-09	1.019683359999999993e+03	3.100000000000000089e+00
1.655085949117380142e+09	1.793510000000000113e-04	1.370909999999999932e-06	-6.041410000000000362e-07	-5.995419999999999961e-09	1.019664920000000052e+03	3.100000000000000089e+00
1.655085950719133377e+09	1.793510000000000113e-04	1.370909999999999932e-06	-6.040830000000000234e-07	-5.995419999999999961e-09	1.019666540000000055e+03	3.100000000000000089e+00
1.655085952330963612e+09	1.792320000000000078e-04	1.311309999999999901e-06	-6.040830000000000234e-07	-6.053630000000000322e-09	1.019651039999999966e+03	3.100000000000000089e+00
1.655085953940332890e+09	1.792320000000000078e-04	1.370909999999999932e-06	-6.041410000000000362e-07	-5.995419999999999961e-09	1.019639120000000048e+03	3.100000000000000089e+00
1.655085955557461500e+09	1.791720000000000118e-04	1.370909999999999932e-06	-6.041410000000000362e-07	-6.053630000000000322e-09	1.019628889999999956e+03	3.100000000000000089e+00
1.655085957168495655e+09	1.791130000000000044e-04	1.430520000000000027e-06	-6.041410000000000362e-07	-6.053630000000000322e-09	1.019613929999999982e+03	3.100000000000000089e+00
1.655085958786303520e+09	1.790530000000000084e-04	1.370909999999999932e-06	-6.041410000000000362e-07	-5.995419999999999961e-09	1.019599180000000047e+03	3.100000000000000089e+00
1.655085965413021803e+09	1.788740000000000089e-04	1.430520000000000027e-06	-6.041410000000000362e-07	-5.995419999999999961e-09	1.019555640000000039e+03	3.109999999999999876e+00
1.655085967035476446e+09	1.788740000000000089e-04	1.430520000000000027e-06	-6.041410000000000362e-07	-5.995419999999999961e-09	1.019540859999999952e+03	3.109999999999999876e+00
1.655085968653038502e+09	1.788150000000000015e-04	1.370909999999999932e-06	-6.041410000000000362e-07	-6.053630000000000322e-09	1.019526560000000018e+03	3.109999999999999876e+00
1.655085970268944025e+09	1.787550000000000055e-04	1.370909999999999932e-06	-6.041410000000000362e-07	-6.053630000000000322e-09	1.019520589999999970e+03	3.109999999999999876e+00
1.655085971875419855e+09	1.786360000000000020e-04	1.370909999999999932e-06	-6.040830000000000234e-07	-5.995419999999999961e-09	1.019513370000000009e+03	3.109999999999999876e+00
1.655085973494298697e+09	1.786360000000000020e-04	1.430520000000000027e-06	-6.041410000000000362e-07	-5.995419999999999961e-09	1.019495769999999993e+03	3.109999999999999876e+00
1.655085975104542732e+09	1.785760000000000060e-04	1.370909999999999932e-06	-6.040830000000000234e-07	-5.995419999999999961e-09	1.019479119999999966e+03	3.109999999999999876e+00
1.655085976718324661e+09	1.785169999999999986e-04	1.370909999999999932e-06	-6.041410000000000362e-07	-5.995419999999999961e-09	1.019458729999999946e+03	3.109999999999999876e+00
1.655085978330005407e+09	1.785169999999999986e-04	1.430520000000000027e-06	-6.041410000000000362e-07	-6.053630000000000322e-09	1.019445720000000051e+03	3.109999999999999876e+00
1.655085979947404146e+09	1.783379999999999991e-04	1.311309999999999901e-06	-6.040830000000000234e-07	-6.053630000000000322e-09	1.019467340000000036e+03	3.109999999999999876e+00
1.655085986582367420e+09	1.782780000000000031e-04	1.370909999999999932e-06	-6.041410000000000362e-07	-6.053630000000000322e-09	1.019403749999999945e+03	3.120000000000000107e+00
1.655085988189962387e+09	1.780999999999999923e-04	1.370909999999999932e-06	-6.040830000000000234e-07	-5.995419999999999961e-09	1.019375800000000027e+03	3.120000000000000107e+00
1.655085989798273802e+09	1.780999999999999923e-04	1.311309999999999901e-06	-6.041410000000000362e-07	-6.053630000000000322e-09	1.019365419999999972e+03	3.120000000000000107e+00
1.655085991405951738e+09	1.780999999999999923e-04	1.370909999999999932e-06	-6.040830000000000234e-07	-5.995419999999999961e-09	1.019373500000000035e+03	3.120000000000000107e+00
1.655085993012185812e+09	1.779800000000000002e-04	1.430520000000000027e-06	-6.041410000000000362e-07	-5.995419999999999961e-09	1.019334020000000010e+03	3.120000000000000107e+00
1.655085994619846106e+09	1.779800000000000002e-04	1.370909999999999932e-06	-6.041410000000000362e-07	-5.995419999999999961e-09	1.019341699999999946e+03	3.120000000000000107e+00
1.655085996229828835e+09	1.779209999999999928e-04	1.311309999999999901e-06	-6.040830000000000234e-07	-5.995419999999999961e-09	1.019332859999999982e+03	3.120000000000000107e+00
1.655085997843569994e+09	1.779209999999999928e-04	1.370909999999999932e-06	-6.040830000000000234e-07	-5.995419999999999961e-09	1.019316680000000019e+03	3.120000000000000107e+00
1.655085999451250792e+09	1.778019999999999894e-04	1.311309999999999901e-06	-6.040830000000000234e-07	-5.995419999999999961e-09	1.019300479999999993e+03	3.120000000000000107e+00
1.655086001058963060e+09	1.778019999999999894e-04	1.311309999999999901e-06	-6.040830000000000234e-07	-5.995419999999999961e-09	1.019291990000000055e+03	3.120000000000000107e+00
1.655086007683946609e+09	1.776229999999999899e-04	1.311309999999999901e-06	-6.040830000000000234e-07	-5.995419999999999961e-09	1.019247259999999983e+03	3.129999999999999893e+00
1.655086009295127869e+09	1.775040000000000136e-04	1.311309999999999901e-06	-6.040830000000000234e-07	-5.995419999999999961e-09	1.019244519999999966e+03	3.129999999999999893e+00
1.655086010895787716e+09	1.774439999999999904e-04	1.370909999999999932e-06	-6.040830000000000234e-07	-5.995419999999999961e-09	1.019215299999999957e+03	3.129999999999999893e+00
1.655086012510201454e+09	1.774439999999999904e-04	1.370909999999999932e-06	-6.040830000000000234e-07	-5.995419999999999961e-09	1.019213920000000030e+03	3.129999999999999893e+00
1.655086014121905565e+09	1.773839999999999944e-04	1.311309999999999901e-06	-6.040830000000000234e-07	-5.995419999999999961e-09	1.019205079999999953e+03	3.129999999999999893e+00
1.655086015737093925e+09	1.773839999999999944e-04	1.370909999999999932e-06	-6.041410000000000362e-07	-5.995419999999999961e-09	1.019168490000000020e+03	3.129999999999999893e+00
1.655086017347921371e+09	1.773249999999999870e-04	1.311309999999999901e-06	-6.041410000000000362e-07	-5.937209999999999601e-09	1.019176140000000032e+03	3.129999999999999893e+00
1.655086018962020636e+09	1.772649999999999909e-04	1.370909999999999932e-06	-6.041410000000000362e-07	-5.937209999999999601e-09	1.019163800000000037e+03	3.129999999999999893e+00
1.655086020578360319e+09	1.772060000000000106e-04	1.370909999999999932e-06	-6.041410000000000362e-07	-5.937209999999999601e-09	1.019144940000000020e+03	3.129999999999999893e+00
1.655086022187776804e+09	1.771459999999999875e-04	1.311309999999999901e-06	-6.040830000000000234e-07	-5.995419999999999961e-09	1.019139159999999947e+03	3.129999999999999893e+00
1.655086028825536013e+09	1.769080000000000077e-04	1.311309999999999901e-06	-6.041410000000000362e-07	-5.995419999999999961e-09	1.019087850000000003e+03	3.140000000000000124e+00
1.655086030430954456e+09	1.769080000000000077e-04	1.311309999999999901e-06	-6.041410000000000362e-07	-5.995419999999999961e-09	1.019093409999999949e+03	3.140000000000000124e+00
1.655086032030962706e+09	1.769080000000000077e-04	1.311309999999999901e-06	-6.041410000000000362e-07	-5.937209999999999601e-09	1.019060460000000035e+03	3.140000000000000124e+00
1.655086033648287058e+09	1.768480000000000117e-04	1.311309999999999901e-06	-6.040830000000000234e-07	-5.995419999999999961e-09	1.019055190000000039e+03	3.140000000000000124e+00
1.655086035260008097e+09	1.767879999999999886e-04	1.311309999999999901e-06	-6.041410000000000362e-07	-5.995419999999999961e-09	1.019041690000000017e+03	3.140000000000000124e+00
1.655086036865559816e+09	1.767879999999999886e-04	1.370909999999999932e-06	-6.040830000000000234e-07	-6.053630000000000322e-09	1.019033909999999992e+03	3.140000000000000124e+00
1.655086038471129656e+09	1.766690000000000122e-04	1.430520000000000027e-06	-6.040830000000000234e-07	-5.937209999999999601e-09	1.019019400000000019e+03	3.140000000000000124e+00
1.655086040077700138e+09	1.766089999999999891e-04	1.311309999999999901e-06	-6.040830000000000234e-07	-6.053630000000000322e-09	1.019015769999999975e+03	3.140000000000000124e+00
1.655086041690963268e+09	1.765500000000000088e-04	1.311309999999999901e-06	-6.040830000000000234e-07	-6.053630000000000322e-09	1.019001160000000027e+03	3.140000000000000124e+00
1.655086043299876451e+09	1.765500000000000088e-04	1.370909999999999932e-06	-6.041410000000000362e-07	-5.995419999999999961e-09	1.018989839999999958e+03	3.140000000000000124e+00
1.655086049934261560e+09	1.763110000000000133e-04	1.311309999999999901e-06	-6.041410000000000362e-07	-5.995419999999999961e-09	1.018928319999999985e+03	3.149999999999999911e+00
1.655086051543467045e+09	1.763110000000000133e-04	1.311309999999999901e-06	-6.040830000000000234e-07	-6.053630000000000322e-09	1.018932720000000018e+03	3.149999999999999911e+00
1.655086053164317846e+09	1.762520000000000059e-04	1.311309999999999901e-06	-6.041410000000000362e-07	-5.995419999999999961e-09	1.018915129999999976e+03	3.149999999999999911e+00
1.655086054778462172e+09	1.761920000000000098e-04	1.311309999999999901e-06	-6.041410000000000362e-07	-5.995419999999999961e-09	1.018909930000000031e+03	3.149999999999999911e+00
1.655086056387792826e+09	1.761330000000000025e-04	1.370909999999999932e-06	-6.040830000000000234e-07	-5.995419999999999961e-09	1.018889490000000023e+03	3.149999999999999911e+00
1.655086058004699469e+09	1.760730000000000064e-04	1.311309999999999901e-06	-6.041410000000000362e-07	-5.995419999999999961e-09	1.018887920000000008e+03	3.149999999999999911e+00
1.655086059611899376e+09	1.761330000000000025e-04	1.430520000000000027e-06	-6.041410000000000362e-07	-5.995419999999999961e-09	1.018858560000000011e+03	3.149999999999999911e+00
1.655086061225927114e+09	1.760730000000000064e-04	1.311309999999999901e-06	-6.041410000000000362e-07	-5.995419999999999961e-09	1.018856319999999982e+03	3.149999999999999911e+00
1.655086062843441010e+09	1.759540000000000030e-04	1.311309999999999901e-06	-6.041410000000000362e-07	-5.995419999999999961e-09	1.018842200000000048e+03	3.149999999999999911e+00
1.655086064455981493e+09	1.758349999999999995e-04	1.311309999999999901e-06	-6.041410000000000362e-07	-5.995419999999999961e-09	1.018826270000000022e+03	3.149999999999999911e+00
1.655086071085561752e+09	1.757150000000000075e-04	1.311309999999999901e-06	-6.040830000000000234e-07	-6.053630000000000322e-09	1.018782580000000053e+03	3.160000000000000142e+00
1.655086072695228815e+09	1.756560000000000001e-04	1.311309999999999901e-06	-6.041410000000000362e-07	-5.995419999999999961e-09	1.018790930000000003e+03	3.160000000000000142e+00
1.655086074304031134e+09	1.756560000000000001e-04	1.311309999999999901e-06	-6.041410000000000362e-07	-5.995419999999999961e-09	1.018767360000000053e+03	3.160000000000000142e+00
1.655086075913047791e+09	1.755369999999999966e-04	1.311309999999999901e-06	-6.040830000000000234e-07	-5.995419999999999961e-09	1.018750949999999989e+03	3.160000000000000142e+00
1.655086077525903940e+09	1.754770000000000006e-04	1.311309999999999901e-06	-6.041410000000000362e-07	-5.995419999999999961e-09	1.018743159999999989e+03	3.160000000000000142e+00
1.655086079131371737e+09	1.754770000000000006e-04	1.251700000000000018e-06	-6.041410000000000362e-07	-5.995419999999999961e-09	1.018739699999999971e+03	3.160000000000000142e+00
1.655086080742921829e+09	1.754770000000000006e-04	1.311309999999999901e-06	-6.041410000000000362e-07	-5.995419999999999961e-09	1.018724100000000021e+03	3.160000000000000142e+00
1.655086082349841118e+09	1.753579999999999972e-04	1.311309999999999901e-06	-6.041410000000000362e-07	-5.995419999999999961e-09	1.018700119999999970e+03	3.160000000000000142e+00
1.655086083968962669e+09	1.752980000000000011e-04	1.311309999999999901e-06	-6.041410000000000362e-07	-5.937209999999999601e-09	1.018699119999999994e+03	3.160000000000000142e+00
1.655086085576570511e+09	1.752389999999999937e-04	1.311309999999999901e-06	-6.040830000000000234e-07	-5.937209999999999601e-09	1.018685489999999959e+03	3.160000000000000142e+00
1.655086092219885349e+09	1.751190000000000017e-04	1.370909999999999932e-06	-6.041410000000000362e-07	-6.053630000000000322e-09	1.018637609999999995e+03	3.169999999999999929e+00
1.655086093831595182e+09	1.749999999999999982e-04	1.311309999999999901e-06	-6.040830000000000234e-07	-5.995419999999999961e-09	1.018624400000000037e+03	3.169999999999999929e+00
1.655086095448059797e+09	1.749999999999999982e-04	1.370909999999999932e-06	-6.041410000000000362e-07	-5.995419999999999961e-09	1.018613000000000056e+03	3.169999999999999929e+00
1.655086097059840441e+09	1.749409999999999908e-04	1.251700000000000018e-06	-6.041410000000000362e-07	-5.995419999999999961e-09	1.018611369999999965e+03	3.169999999999999929e+00
1.655086098674045801e+09	1.748809999999999948e-04	1.311309999999999901e-06	-6.041410000000000362e-07	-5.995419999999999961e-09	1.018593309999999974e+03	3.169999999999999929e+00
1.655086100294438362e+09	1.748209999999999987e-04	1.311309999999999901e-06	-6.041410000000000362e-07	-5.995419999999999961e-09	1.018587599999999952e+03	3.169999999999999929e+00
1.655086101900962591e+09	1.748209999999999987e-04	1.311309999999999901e-06	-6.041410000000000362e-07	-5.995419999999999961e-09	1.018565609999999992e+03	3.169999999999999929e+00
1.655086103509842157e+09	1.747019999999999953e-04	1.311309999999999901e-06	-6.041410000000000362e-07	-5.937209999999999601e-09	1.018556220000000053e+03	3.169999999999999929e+00
1.655086105120963097e+09	1.747019999999999953e-04	1.370909999999999932e-06	-6.041410000000000362e-07	-5.995419999999999961e-09	1.018539480000000026e+03	3.169999999999999929e+00
1.655086106727269173e+09	1.747019999999999953e-04	1.311309999999999901e-06	-6.040830000000000234e-07	-5.995419999999999961e-09	1.018528239999999983e+03	3.169999999999999929e+00
1.655086113358388186e+09	1.744639999999999884e-04	1.311309999999999901e-06	-6.040830000000000234e-07	-5.937209999999999601e-09	1.018488929999999982e+03	3.180000000000000160e+00
1.655086114980179310e+09	1.743450000000000121e-04	1.311309999999999901e-06	-6.041410000000000362e-07	-5.937209999999999601e-09	1.018491520000000037e+03	3.180000000000000160e+00
1.655086116591184378e+09	1.743450000000000121e-04	1.311309999999999901e-06	-6.041410000000000362e-07	-6.053630000000000322e-09	1.018468769999999950e+03	3.180000000000000160e+00
1.655086118203861952e+09	1.742849999999999890e-04	1.311309999999999901e-06	-6.041410000000000362e-07	-5.995419999999999961e-09	1.018462310000000002e+03	3.180000000000000160e+00
1.655086119819962978e+09	1.742249999999999929e-04	1.370909999999999932e-06	-6.041410000000000362e-07	-5.995419999999999961e-09	1.018435309999999959e+03	3.180000000000000160e+00
1.655086121436435699e+09	1.741660000000000126e-04	1.311309999999999901e-06	-6.040830000000000234e-07	-5.995419999999999961e-09	1.018433790000000045e+03	3.180000000000000160e+00
1.655086123049942732e+09	1.741059999999999895e-04	1.370909999999999932e-06	-6.041410000000000362e-07	-5.995419999999999961e-09	1.018414970000000039e+03	3.180000000000000160e+00
1.655086124664032936e+09	1.740459999999999935e-04	1.251700000000000018e-06	-6.040830000000000234e-07	-5.995419999999999961e-09	1.018400489999999991e+03	3.180000000000000160e+00
1.655086126275502920e+09	1.741059999999999895e-04	1.311309999999999901e-06	-6.041410000000000362e-07	-5.995419999999999961e-09	1.018402590000000032e+03	3.180000000000000160e+00
1.655086127892306089e+09	1.740459999999999935e-04	1.311309999999999901e-06	-6.041410000000000362e-07	-5.995419999999999961e-09	1.018384980000000041e+03	3.180000000000000160e+00
1.655086134524437904e+09	1.738079999999999866e-04	1.311309999999999901e-06	-6.040830000000000234e-07	-5.995419999999999961e-09	1.018353420000000028e+03	3.189999999999999947e+00
1.655086136133749008e+09	1.737479999999999906e-04	1.311309999999999901e-06	-6.040830000000000234e-07	-5.995419999999999961e-09	1.018342880000000036e+03	3.189999999999999947e+00
1.655086137745247602e+09	1.737479999999999906e-04	1.311309999999999901e-06	-6.041410000000000362e-07	-6.053630000000000322e-09	1.018310979999999972e+03	3.189999999999999947e+00
1.655086139363332748e+09	1.736890000000000103e-04	1.311309999999999901e-06	-6.040830000000000234e-07	-5.995419999999999961e-09	1.018305560000000014e+03	3.189999999999999947e+00
1.655086140974071264e+09	1.735700000000000068e-04	1.311309999999999901e-06	-6.040830000000000234e-07	-5.995419999999999961e-09	1.018296540000000050e+03	3.189999999999999947e+00
1.655086142588963032e+09	1.736289999999999871e-04	1.311309999999999901e-06	-6.041410000000000362e-07	-6.053630000000000322e-09	1.018283120000000054e+03	3.189999999999999947e+00
1.655086144200184107e+09	1.735100000000000108e-04	1.311309999999999901e-06	-6.040830000000000234e-07	-6.053630000000000322e-09	1.018265940000000001e+03	3.189999999999999947e+00
1.655086145808047771e+09	1.735100000000000108e-04	1.311309999999999901e-06	-6.041410000000000362e-07	-5.995419999999999961e-09	1.018246449999999982e+03	3.189999999999999947e+00
1.655086147418962717e+09	1.734499999999999877e-04	1.370909999999999932e-06	-6.040830000000000234e-07	-5.995419999999999961e-09	1.018255520000000047e+03	3.189999999999999947e+00
1.655086149027951956e+09	1.733310000000000113e-04	1.370909999999999932e-06	-6.040830000000000234e-07	-5.937209999999999601e-09	1.018233870000000024e+03	3.189999999999999947e+00
1.655086155672036409e+09	1.731520000000000118e-04	1.311309999999999901e-06	-6.041410000000000362e-07	-6.053630000000000322e-09	1.018198650000000043e+03	3.200000000000000178e+00
1.655086157272752523e+09	1.731520000000000118e-04	1.251700000000000018e-06	-6.040830000000000234e-07	-5.995419999999999961e-09	1.018164170000000013e+03	3.200000000000000178e+00
1.655086158875301600e+09	1.730930000000000045e-04	1.311309999999999901e-06	-6.041410000000000362e-07	-5.995419999999999961e-09	1.018167410000000018e+03	3.200000000000000178e+00
1.655086160487994909e+09	1.730330000000000084e-04	1.311309999999999901e-06	-6.040830000000000234e-07	-5.995419999999999961e-09	1.018142429999999990e+03	3.200000000000000178e+00
1.655086162097951889e+09	1.730330000000000084e-04	1.370909999999999932e-06	-6.041410000000000362e-07	-5.995419999999999961e-09	1.018130790000000047e+03	3.200000000000000178e+00
1.655086163717000723e+09	1.729740000000000010e-04	1.311309999999999901e-06	-6.040830000000000234e-07	-6.053630000000000322e-09	1.018144859999999994e+03	3.200000000000000178e+00
1.655086165329470634e+09	1.729140000000000050e-04	1.251700000000000018e-06	-6.040830000000000234e-07	-6.053630000000000322e-09	1.018108339999999998e+03	3.200000000000000178e+00
1.655086166935501337e+09	1.729140000000000050e-04	1.311309999999999901e-06	-6.041410000000000362e-07	-5.937209999999999601e-09	1.018104479999999967e+03	3.200000000000000178e+00
1.655086168540947676e+09	1.728540000000000089e-04	1.311309999999999901e-06	-6.040830000000000234e-07	-5.995419999999999961e-09	1.018097290000000044e+03	3.200000000000000178e+00
1.655086170153053045e+09	1.727950000000000015e-04	1.311309999999999901e-06	-6.040830000000000234e-07	-5.995419999999999961e-09	1.018092899999999986e+03	3.200000000000000178e+00
1.655086176778962135e+09	1.726160000000000021e-04	1.251700000000000018e-06	-6.041410000000000362e-07	-5.995419999999999961e-09	1.018033170000000041e+03	3.209999999999999964e+00
1.655086178384378433e+09	1.724969999999999986e-04	1.311309999999999901e-06	-6.040830000000000234e-07	-5.937209999999999601e-09	1.018037540000000035e+03	3.209999999999999964e+00
1.655086179997431755e+09	1.723779999999999952e-04	1.311309999999999901e-06	-6.040830000000000234e-07	-5.937209999999999601e-09	1.018008220000000051e+03	3.209999999999999964e+00
1.655086181598397493e+09	1.724370000000000026e-04	1.311309999999999901e-06	-6.041410000000000362e-07	-6.053630000000000322e-09	1.018012389999999982e+03	3.209999999999999964e+00
1.655086183207001448e+09	1.723779999999999952e-04	1.311309999999999901e-06	-6.040830000000000234e-07	-5.995419999999999961e-09	1.017996110000000044e+03	3.209999999999999964e+00
1.655086184828053474e+09	1.723179999999999992e-04	1.311309999999999901e-06	-6.040830000000000234e-07	-5.995419999999999961e-09	1.018002070000000003e+03	3.209999999999999964e+00
1.655086186439841747e+09	1.721989999999999957e-04	1.311309999999999901e-06	-6.040830000000000234e-07	-5.937209999999999601e-09	1.017974640000000022e+03	3.209999999999999964e+00
1.655086188063972950e+09	1.721989999999999957e-04	1.251700000000000018e-06	-6.040830000000000234e-07	-5.995419999999999961e-09	1.017955270000000041e+03	3.209999999999999964e+00
1.655086189669879913e+09	1.721989999999999957e-04	1.251700000000000018e-06	-6.040830000000000234e-07	-5.995419999999999961e-09	1.017956680000000006e+03	3.209999999999999964e+00
1.655086191292489767e+09	1.721989999999999957e-04	1.251700000000000018e-06	-6.041410000000000362e-07	-5.995419999999999961e-09	1.017931010000000015e+03	3.209999999999999964e+00
1.655086197927075148e+09	1.719600000000000002e-04	1.311309999999999901e-06	-6.040830000000000234e-07	-5.995419999999999961e-09	1.017906309999999962e+03	3.220000000000000195e+00
1.655086199549848080e+09	1.719600000000000002e-04	1.311309999999999901e-06	-6.040830000000000234e-07	-5.995419999999999961e-09	1.017881819999999948e+03	3.220000000000000195e+00
1.655086201163011551e+09	1.718409999999999968e-04	1.370909999999999932e-06	-6.041410000000000362e-07	-5.995419999999999961e-09	1.017884379999999965e+03	3.220000000000000195e+00
1.655086202776197910e+09	1.717819999999999894e-04	1.370909999999999932e-06	-6.040830000000000234e-07	-5.995419999999999961e-09	1.017868510000000015e+03	3.220000000000000195e+00
1.655086204395242691e+09	1.717819999999999894e-04	1.251700000000000018e-06	-6.040830000000000234e-07	-5.995419999999999961e-09	1.017860959999999977e+03	3.220000000000000195e+00
1.655086206007239580e+09	1.717219999999999934e-04	1.311309999999999901e-06	-6.040830000000000234e-07	-5.937209999999999601e-09	1.017837059999999951e+03	3.220000000000000195e+00
1.655086207619839907e+09	1.717219999999999934e-04	1.251700000000000018e-06	-6.041410000000000362e-07	-5.995419999999999961e-09	1.017843830000000025e+03	3.220000000000000195e+00
1.655086209223344803e+09	1.716029999999999899e-04	1.251700000000000018e-06	-6.041410000000000362e-07	-6.053630000000000322e-09	1.017814650000000029e+03	3.220000000000000195e+00
1.655086210835025549e+09	1.716029999999999899e-04	1.251700000000000018e-06	-6.041410000000000362e-07	-5.995419999999999961e-09	1.017809819999999945e+03	3.220000000000000195e+00
1.655086212442416906e+09	1.715429999999999939e-04	1.311309999999999901e-06	-6.041410000000000362e-07	-5.995419999999999961e-09	1.017788900000000012e+03	3.220000000000000195e+00
1.655086219072375059e+09	1.713639999999999944e-04	1.311309999999999901e-06	-6.041410000000000362e-07	-6.053630000000000322e-09	1.017753780000000006e+03	3.229999999999999982e+00
1.655086220681109428e+09	1.713049999999999870e-04	1.311309999999999901e-06	-6.040830000000000234e-07	-5.995419999999999961e-09	1.017733420000000024e+03	3.229999999999999982e+00
1.655086222289876938e+09	1.712449999999999910e-04	1.370909999999999932e-06	-6.041410000000000362e-07	-5.937209999999999601e-09	1.017735379999999964e+03	3.229999999999999982e+00
1.655086223897034407e+09	1.712449999999999910e-04	1.311309999999999901e-06	-6.041410000000000362e-07	-5.995419999999999961e-09	1.017720460000000003e+03	3.229999999999999982e+00
1.655086225508962870e+09	1.711849999999999949e-04	1.311309999999999901e-06	-6.041410000000000362e-07	-5.995419999999999961e-09	1.017717599999999948e+03	3.229999999999999982e+00
1.655086227124976397e+09	1.710659999999999915e-04	1.370909999999999932e-06	-6.040830000000000234e-07	-6.053630000000000322e-09	1.017685709999999972e+03	3.229999999999999982e+00
1.655086228735031366e+09	1.710070000000000112e-04	1.311309999999999901e-06	-6.040830000000000234e-07	-5.995419999999999961e-09	1.017685600000000022e+03	3.229999999999999982e+00
1.655086230344476461e+09	1.710659999999999915e-04	1.370909999999999932e-06	-6.040830000000000234e-07	-5.995419999999999961e-09	1.017676489999999944e+03	3.229999999999999982e+00
1.655086231949963570e+09	1.710659999999999915e-04	1.311309999999999901e-06	-6.041410000000000362e-07	-6.053630000000000322e-09	1.017669219999999996e+03	3.229999999999999982e+00
1.655086233562624454e+09	1.709469999999999881e-04	1.311309999999999901e-06	-6.040830000000000234e-07	-6.053630000000000322e-09	1.017639069999999947e+03	3.229999999999999982e+00
1.655086240181586266e+09	1.707679999999999886e-04	1.370909999999999932e-06	-6.040830000000000234e-07	-6.053630000000000322e-09	1.017598139999999944e+03	3.240000000000000213e+00
1.655086241795351505e+09	1.706490000000000123e-04	1.251700000000000018e-06	-6.040830000000000234e-07	-5.937209999999999601e-09	1.017601970000000051e+03	3.240000000000000213e+00
1.655086243397079229e+09	1.705889999999999891e-04	1.311309999999999901e-06	-6.040830000000000234e-07	-5.937209999999999601e-09	1.017575780000000009e+03	3.240000000000000213e+00
1.655086245005154133e+09	1.706490000000000123e-04	1.311309999999999901e-06	-6.041410000000000362e-07	-5.995419999999999961e-09	1.017564079999999990e+03	3.240000000000000213e+00
1.655086246615006685e+09	1.705889999999999891e-04	1.311309999999999901e-06	-6.040830000000000234e-07	-5.995419999999999961e-09	1.017549229999999966e+03	3.240000000000000213e+00
1.655086248231120825e+09	1.704700000000000128e-04	1.311309999999999901e-06	-6.040830000000000234e-07	-5.995419999999999961e-09	1.017558719999999994e+03	3.240000000000000213e+00
1.655086249845336914e+09	1.704700000000000128e-04	1.311309999999999901e-06	-6.041410000000000362e-07	-5.995419999999999961e-09	1.017540539999999964e+03	3.240000000000000213e+00
1.655086251464562178e+09	1.704700000000000128e-04	1.251700000000000018e-06	-6.041410000000000362e-07	-5.995419999999999961e-09	1.017522349999999960e+03	3.240000000000000213e+00
1.655086253078962326e+09	1.703510000000000094e-04	1.251700000000000018e-06	-6.040830000000000234e-07	-5.995419999999999961e-09	1.017509540000000015e+03	3.240000000000000213e+00
1.655086254691946507e+09	1.703510000000000094e-04	1.251700000000000018e-06	-6.040830000000000234e-07	-5.995419999999999961e-09	1.017517360000000053e+03	3.240000000000000213e+00
1.655086261319847584e+09	1.701720000000000099e-04	1.251700000000000018e-06	-6.041410000000000362e-07	-5.995419999999999961e-09	1.017464830000000006e+03	3.250000000000000000e+00
1.655086262933387041e+09	1.700530000000000065e-04	1.251700000000000018e-06	-6.040830000000000234e-07	-5.995419999999999961e-09	1.017456469999999968e+03	3.250000000000000000e+00
1.655086264543076038e+09	1.700530000000000065e-04	1.251700000000000018e-06	-6.041410000000000362e-07	-5.995419999999999961e-09	1.017438020000000051e+03	3.250000000000000000e+00
1.655086266148152113e+09	1.699930000000000104e-04	1.311309999999999901e-06	-6.040830000000000234e-07	-5.995419999999999961e-09	1.017427580000000034e+03	3.250000000000000000e+00
1.655086267758963823e+09	1.699340000000000030e-04	1.311309999999999901e-06	-6.040830000000000234e-07	-5.995419999999999961e-09	1.017421969999999988e+03	3.250000000000000000e+00
1.655086269368104219e+09	1.698740000000000070e-04	1.311309999999999901e-06	-6.041410000000000362e-07	-5.995419999999999961e-09	1.017406370000000038e+03	3.250000000000000000e+00
1.655086270973201036e+09	1.698149999999999996e-04	1.311309999999999901e-06	-6.040830000000000234e-07	-5.995419999999999961e-09	1.017390459999999962e+03	3.250000000000000000e+00
1.655086272583095312e+09	1.697550000000000035e-04	1.251700000000000018e-06	-6.040830000000000234e-07	-5.995419999999999961e-09	1.017370030000000042e+03	3.250000000000000000e+00
1.655086274191307545e+09	1.697550000000000035e-04	1.251700000000000018e-06	-6.040830000000000234e-07	-5.995419999999999961e-09	1.017373169999999959e+03	3.250000000000000000e+00
1.655086275792019606e+09	1.696360000000000001e-04	1.311309999999999901e-06	-6.041410000000000362e-07	-5.995419999999999961e-09	1.017352920000000040e+03	3.250000000000000000e+00
1.655086282425406456e+09	1.695169999999999967e-04	1.311309999999999901e-06	-6.040830000000000234e-07	-5.995419999999999961e-09	1.017311860000000024e+03	3.260000000000000231e+00
1.655086284044181347e+09	1.695169999999999967e-04	1.311309999999999901e-06	-6.040830000000000234e-07	-5.937209999999999601e-09	1.017299809999999979e+03	3.260000000000000231e+00
1.655086285652398109e+09	1.693379999999999972e-04	1.251700000000000018e-06	-6.040830000000000234e-07	-5.995419999999999961e-09	1.017295179999999959e+03	3.260000000000000231e+00
1.655086287266212940e+09	1.693379999999999972e-04	1.251700000000000018e-06	-6.040830000000000234e-07	-5.937209999999999601e-09	1.017289509999999950e+03	3.260000000000000231e+00
1.655086288879963875e+09	1.693379999999999972e-04	1.311309999999999901e-06	-6.040830000000000234e-07	-5.995419999999999961e-09	1.017269859999999994e+03	3.260000000000000231e+00
1.655086290499007463e+09	1.692189999999999938e-04	1.311309999999999901e-06	-6.040830000000000234e-07	-5.995419999999999961e-09	1.017246089999999981e+03	3.260000000000000231e+00
1.655086292112759352e+09	1.692780000000000012e-04	1.311309999999999901e-06	-6.040830000000000234e-07	-5.995419999999999961e-09	1.017253659999999968e+03	3.260000000000000231e+00
1.655086293725110769e+09	1.691589999999999977e-04	1.311309999999999901e-06	-6.040830000000000234e-07	-6.053630000000000322e-09	1.017226949999999988e+03	3.260000000000000231e+00
1.655086295333120346e+09	1.690990000000000017e-04	1.251700000000000018e-06	-6.040830000000000234e-07	-5.995419999999999961e-09	1.017220310000000040e+03	3.260000000000000231e+00
1.655086296940783262e+09	1.690990000000000017e-04	1.311309999999999901e-06	-6.041410000000000362e-07	-5.995419999999999961e-09	1.017209460000000036e+03	3.260000000000000231e+00
1.655086303577484131e+09	1.689200000000000022e-04	1.251700000000000018e-06	-6.040830000000000234e-07	-6.053630000000000322e-09	1.017180259999999976e+03	3.270000000000000018e+00
1.655086305183141947e+09	1.689200000000000022e-04	1.251700000000000018e-06	-6.040830000000000234e-07	-5.995419999999999961e-09	1.017172190000000001e+03	3.270000000000000018e+00
1.655086306787635803e+09	1.688009999999999988e-04	1.251700000000000018e-06	-6.041410000000000362e-07	-5.995419999999999961e-09	1.017147960000000012e+03	3.270000000000000018e+00
1.655086308395841122e+09	1.687419999999999914e-04	1.251700000000000018e-06	-6.040830000000000234e-07	-5.995419999999999961e-09	1.017130310000000009e+03	3.270000000000000018e+00
1.655086310012313604e+09	1.687419999999999914e-04	1.311309999999999901e-06	-6.040830000000000234e-07	-5.937209999999999601e-09	1.017121869999999944e+03	3.270000000000000018e+00
1.655086311624190569e+09	1.687419999999999914e-04	1.251700000000000018e-06	-6.040830000000000234e-07	-5.995419999999999961e-09	1.017122790000000009e+03	3.270000000000000018e+00
1.655086313242205143e+09	1.686819999999999954e-04	1.251700000000000018e-06	-6.040830000000000234e-07	-5.995419999999999961e-09	1.017104310000000055e+03	3.270000000000000018e+00
1.655086314852369308e+09	1.685029999999999959e-04	1.311309999999999901e-06	-6.040830000000000234e-07	-6.053630000000000322e-09	1.017094770000000040e+03	3.270000000000000018e+00
1.655086316467076540e+09	1.685629999999999919e-04	1.311309999999999901e-06	-6.040830000000000234e-07	-5.995419999999999961e-09	1.017079439999999977e+03	3.270000000000000018e+00
1.655086318076335907e+09	1.684439999999999885e-04	1.311309999999999901e-06	-6.040830000000000234e-07	-6.053630000000000322e-09	1.017087819999999965e+03	3.270000000000000018e+00
1.655086324700944662e+09	1.682649999999999890e-04	1.311309999999999901e-06	-6.040830000000000234e-07	-5.995419999999999961e-09	1.017024959999999965e+03	3.280000000000000249e+00
1.655086326303323507e+09	1.682049999999999930e-04	1.251700000000000018e-06	-6.041410000000000362e-07	-5.937209999999999601e-09	1.017027310000000057e+03	3.280000000000000249e+00
1.655086327907373428e+09	1.682049999999999930e-04	1.251700000000000018e-06	-6.040830000000000234e-07	-5.937209999999999601e-09	1.017006600000000049e+03	3.280000000000000249e+00
1.655086329513049603e+09	1.681460000000000127e-04	1.311309999999999901e-06	-6.040830000000000234e-07	-5.995419999999999961e-09	1.016991620000000012e+03	3.280000000000000249e+00
1.655086331120963335e+09	1.681460000000000127e-04	1.311309999999999901e-06	-6.040830000000000234e-07	-6.053630000000000322e-09	1.016983539999999948e+03	3.280000000000000249e+00
1.655086332728397846e+09	1.681460000000000127e-04	1.311309999999999901e-06	-6.040830000000000234e-07	-5.937209999999999601e-09	1.016978749999999991e+03	3.280000000000000249e+00
1.655086334336355686e+09	1.680859999999999895e-04	1.311309999999999901e-06	-6.040830000000000234e-07	-5.995419999999999961e-09	1.016967980000000011e+03	3.280000000000000249e+00
1.655086335943622351e+09	1.679670000000000132e-04	1.251700000000000018e-06	-6.040830000000000234e-07	-5.995419999999999961e-09	1.016959690000000023e+03	3.280000000000000249e+00
1.655086337550867319e+09	1.679069999999999901e-04	1.251700000000000018e-06	-6.040830000000000234e-07	-5.995419999999999961e-09	1.016949060000000031e+03	3.280000000000000249e+00
1.655086339167354107e+09	1.678480000000000098e-04	1.251700000000000018e-06	-6.040830000000000234e-07	-5.995419999999999961e-09	1.016921690000000012e+03	3.280000000000000249e+00
1.655086345794516087e+09	1.677279999999999906e-04	1.251700000000000018e-06	-6.040830000000000234e-07	-5.995419999999999961e-09	1.016887579999999957e+03	3.290000000000000036e+00
1.655086347418962240e+09	1.677279999999999906e-04	1.311309999999999901e-06	-6.041410000000000362e-07	-5.937209999999999601e-09	1.016878339999999980e+03	3.290000000000000036e+00
1.655086349027029514e+09	1.676089999999999872e-04	1.311309999999999901e-06	-6.040830000000000234e-07	-5.995419999999999961e-09	1.016873839999999973e+03	3.290000000000000036e+00
1.655086350640117407e+09	1.676089999999999872e-04	1.251700000000000018e-06	-6.040830000000000234e-07	-5.995419999999999961e-09	1.016863979999999970e+03	3.290000000000000036e+00
1.655086352248963833e+09	1.674900000000000108e-04	1.311309999999999901e-06	-6.040830000000000234e-07	-5.995419999999999961e-09	1.016845860000000016e+03	3.290000000000000036e+00
1.655086353865465641e+09	1.674900000000000108e-04	1.311309999999999901e-06	-6.040830000000000234e-07	-5.995419999999999961e-09	1.016853709999999978e+03	3.290000000000000036e+00
1.655086355480564117e+09	1.674299999999999877e-04	1.311309999999999901e-06	-6.040830000000000234e-07	-5.995419999999999961e-09	1.016820910000000026e+03	3.290000000000000036e+00
1.655086357090452671e+09	1.673710000000000074e-04	1.311309999999999901e-06	-6.040830000000000234e-07	-5.995419999999999961e-09	1.016813549999999964e+03	3.290000000000000036e+00
1.655086358699100733e+09	1.673110000000000114e-04	1.251700000000000018e-06	-6.040830000000000234e-07	-5.995419999999999961e-09	1.016790510000000040e+03	3.290000000000000036e+00
1.655086360314217329e+09	1.673110000000000114e-04	1.251700000000000018e-06	-6.040830000000000234e-07	-6.053630000000000322e-09	1.016788689999999974e+03	3.290000000000000036e+00
1.655086366936620235e+09	1.670730000000000045e-04	1.251700000000000018e-06	-6.041410000000000362e-07	-5.995419999999999961e-09	1.016760269999999991e+03	3.300000000000000266e+00
1.655086368544252396e+09	1.670130000000000085e-04	1.311309999999999901e-06	-6.041410000000000362e-07	-6.053630000000000322e-09	1.016743780000000015e+03	3.300000000000000266e+00
1.655086370155968428e+09	1.670130000000000085e-04	1.251700000000000018e-06	-6.041410000000000362e-07	-5.995419999999999961e-09	1.016724460000000022e+03	3.300000000000000266e+00
1.655086371765074015e+09	1.669540000000000011e-04	1.311309999999999901e-06	-6.040830000000000234e-07	-5.995419999999999961e-09	1.016725450000000023e+03	3.300000000000000266e+00
1.655086373367294788e+09	1.669540000000000011e-04	1.251700000000000018e-06	-6.041410000000000362e-07	-6.053630000000000322e-09	1.016697570000000042e+03	3.300000000000000266e+00
1.655086374984501600e+09	1.668340000000000090e-04	1.311309999999999901e-06	-6.041410000000000362e-07	-5.937209999999999601e-09	1.016692999999999984e+03	3.300000000000000266e+00
1.655086376600962400e+09	1.668340000000000090e-04	1.311309999999999901e-06	-6.041410000000000362e-07	-5.995419999999999961e-09	1.016689210000000003e+03	3.300000000000000266e+00
1.655086378214918852e+09	1.667750000000000016e-04	1.251700000000000018e-06	-6.040830000000000234e-07	-6.053630000000000322e-09	1.016665809999999965e+03	3.300000000000000266e+00
1.655086379818704128e+09	1.667750000000000016e-04	1.251700000000000018e-06	-6.040830000000000234e-07	-5.995419999999999961e-09	1.016655089999999973e+03	3.300000000000000266e+00
1.655086381429162741e+09	1.667150000000000055e-04	1.311309999999999901e-06	-6.040830000000000234e-07	-5.937209999999999601e-09	1.016653549999999996e+03	3.300000000000000266e+00
1.655086388060672998e+09	1.664769999999999987e-04	1.192099999999999987e-06	-6.040830000000000234e-07	-5.995419999999999961e-09	1.016613489999999956e+03	3.310000000000000053e+00
1.655086389668962717e+09	1.664170000000000026e-04	1.311309999999999901e-06	-6.040830000000000234e-07	-6.053630000000000322e-09	1.016610260000000039e+03	3.310000000000000053e+00
1.655086391273890734e+09	1.664170000000000026e-04	1.251700000000000018e-06	-6.041410000000000362e-07	-6.053630000000000322e-09	1.016597080000000005e+03	3.310000000000000053e+00
1.655086392880969524e+09	1.663570000000000066e-04	1.251700000000000018e-06	-6.040830000000000234e-07	-6.053630000000000322e-09	1.016579749999999990e+03	3.310000000000000053e+00
1.655086394496340990e+09	1.662979999999999992e-04	1.251700000000000018e-06	-6.041410000000000362e-07	-5.937209999999999601e-09	1.016567229999999995e+03	3.310000000000000053e+00
1.655086396102938175e+09	1.662979999999999992e-04	1.251700000000000018e-06	-6.040830000000000234e-07	-5.995419999999999961e-09	1.016553890000000024e+03	3.310000000000000053e+00
1.655086397710179329e+09	1.662380000000000032e-04	1.251700000000000018e-06	-6.040830000000000234e-07	-5.995419999999999961e-09	1.016533469999999966e+03	3.310000000000000053e+00
1.655086399320963383e+09	1.661789999999999958e-04	1.251700000000000018e-06	-6.040830000000000234e-07	-5.995419999999999961e-09	1.016531510000000026e+03	3.310000000000000053e+00
1.655086400943097591e+09	1.661789999999999958e-04	1.251700000000000018e-06	-6.040830000000000234e-07	-5.995419999999999961e-09	1.016537540000000035e+03	3.310000000000000053e+00
1.655086402558963537e+09	1.661189999999999997e-04	1.251700000000000018e-06	-6.040830000000000234e-07	-6.053630000000000322e-09	1.016510570000000030e+03	3.310000000000000053e+00
1.655086409184327841e+09	1.659400000000000003e-04	1.251700000000000018e-06	-6.040830000000000234e-07	-5.995419999999999961e-09	1.016458570000000009e+03	3.320000000000000284e+00
1.655086410792191029e+09	1.658209999999999968e-04	1.251700000000000018e-06	-6.040830000000000234e-07	-5.937209999999999601e-09	1.016451770000000010e+03	3.320000000000000284e+00
1.655086412390964031e+09	1.658209999999999968e-04	1.251700000000000018e-06	-6.040830000000000234e-07	-5.995419999999999961e-09	1.016450889999999958e+03	3.320000000000000284e+00
1.655086414007011414e+09	1.658209999999999968e-04	1.251700000000000018e-06	-6.040830000000000234e-07	-5.995419999999999961e-09	1.016437680000000000e+03	3.320000000000000284e+00
1.655086415617894173e+09	1.658209999999999968e-04	1.251700000000000018e-06	-6.040830000000000234e-07	-5.937209999999999601e-09	1.016438610000000040e+03	3.320000000000000284e+00
1.655086417220963001e+09	1.657019999999999934e-04	1.251700000000000018e-06	-6.040830000000000234e-07	-5.995419999999999961e-09	1.016408729999999991e+03	3.320000000000000284e+00
1.655086418827996492e+09	1.655829999999999900e-04	1.311309999999999901e-06	-6.040830000000000234e-07	-6.053630000000000322e-09	1.016400170000000003e+03	3.320000000000000284e+00
1.655086420446356058e+09	1.655829999999999900e-04	1.251700000000000018e-06	-6.040830000000000234e-07	-5.995419999999999961e-09	1.016394279999999981e+03	3.320000000000000284e+00
1.655086422057791948e+09	1.655229999999999939e-04	1.311309999999999901e-06	-6.040830000000000234e-07	-5.995419999999999961e-09	1.016383680000000027e+03	3.320000000000000284e+00
1.655086423668235540e+09	1.655229999999999939e-04	1.251700000000000018e-06	-6.040830000000000234e-07	-5.995419999999999961e-09	1.016368129999999951e+03	3.320000000000000284e+00
1.655086430291412830e+09	1.653439999999999944e-04	1.311309999999999901e-06	-6.041410000000000362e-07	-5.995419999999999961e-09	1.016346570000000042e+03	3.330000000000000071e+00
1.655086431914003849e+09	1.653439999999999944e-04	1.311309999999999901e-06	-6.040830000000000234e-07	-5.995419999999999961e-09	1.016322729999999979e+03	3.330000000000000071e+00
1.655086433520184994e+09	1.652849999999999871e-04	1.251700000000000018e-06	-6.041410000000000362e-07	-6.053630000000000322e-09	1.016303580000000011e+03	3.330000000000000071e+00
1.655086435125442266e+09	1.651059999999999876e-04	1.251700000000000018e-06	-6.040830000000000234e-07	-5.995419999999999961e-09	1.016309200000000033e+03	3.330000000000000071e+00
1.655086436740104675e+09	1.651649999999999950e-04	1.251700000000000018e-06	-6.040830000000000234e-07	-5.995419999999999961e-09	1.016294449999999983e+03	3.330000000000000071e+00
1.655086438342583656e+09	1.651059999999999876e-04	1.192099999999999987e-06	-6.040830000000000234e-07	-5.995419999999999961e-09	1.016278779999999983e+03	3.330000000000000071e+00
1.655086439948963165e+09	1.650459999999999915e-04	1.251700000000000018e-06	-6.040830000000000234e-07	-6.053630000000000322e-09	1.016276140000000055e+03	3.330000000000000071e+00
1.655086441550864458e+09	1.650459999999999915e-04	1.251700000000000018e-06	-6.040830000000000234e-07	-6.053630000000000322e-09	1.016259360000000015e+03	3.330000000000000071e+00
1.655086443170962572e+09	1.649870000000000113e-04	1.251700000000000018e-06	-6.040830000000000234e-07	-5.995419999999999961e-09	1.016244820000000004e+03	3.330000000000000071e+00
1.655086444778961897e+09	1.648669999999999921e-04	1.251700000000000018e-06	-6.040830000000000234e-07	-5.995419999999999961e-09	1.016245229999999992e+03	3.330000000000000071e+00
1.655086451407952070e+09	1.648080000000000118e-04	1.192099999999999987e-06	-6.041410000000000362e-07	-5.937209999999999601e-09	1.016200630000000046e+03	3.339999999999999858e+00
1.655086453021958351e+09	1.646290000000000123e-04	1.251700000000000018e-06	-6.040830000000000234e-07	-5.937209999999999601e-09	1.016195969999999988e+03	3.339999999999999858e+00
1.655086454638401031e+09	1.646290000000000123e-04	1.251700000000000018e-06	-6.040830000000000234e-07	-5.995419999999999961e-09	1.016186389999999960e+03	3.339999999999999858e+00
1.655086456262689590e+09	1.645689999999999892e-04	1.251700000000000018e-06	-6.041410000000000362e-07	-5.937209999999999601e-09	1.016157799999999952e+03	3.339999999999999858e+00
1.655086457866011381e+09	1.645689999999999892e-04	1.311309999999999901e-06	-6.040830000000000234e-07	-6.053630000000000322e-09	1.016155139999999960e+03	3.339999999999999858e+00
1.655086459475799084e+09	1.645689999999999892e-04	1.251700000000000018e-06	-6.040830000000000234e-07	-6.053630000000000322e-09	1.016144720000000007e+03	3.339999999999999858e+00
1.655086461080838203e+09	1.645100000000000089e-04	1.251700000000000018e-06	-6.040830000000000234e-07	-5.937209999999999601e-09	1.016133910000000014e+03	3.339999999999999858e+00
1.655086462697036743e+09	1.645100000000000089e-04	1.251700000000000018e-06	-6.040830000000000234e-07	-5.995419999999999961e-09	1.016119220000000041e+03	3.339999999999999858e+00
1.655086464306642771e+09	1.644500000000000128e-04	1.311309999999999901e-06	-6.040830000000000234e-07	-5.995419999999999961e-09	1.016109050000000025e+03	3.339999999999999858e+00
1.655086465908011198e+09	1.643310000000000094e-04	1.251700000000000018e-06	-6.040830000000000234e-07	-6.053630000000000322e-09	1.016097009999999955e+03	3.339999999999999858e+00
1.655086472528261423e+09	1.641520000000000099e-04	1.251700000000000018e-06	-6.040830000000000234e-07	-5.995419999999999961e-09	1.016064129999999977e+03	3.350000000000000089e+00
1.655086474148391008e+09	1.641520000000000099e-04	1.251700000000000018e-06	-6.040830000000000234e-07	-5.995419999999999961e-09	1.016040309999999977e+03	3.350000000000000089e+00
1.655086475758785486e+09	1.640330000000000065e-04	1.251700000000000018e-06	-6.040830000000000234e-07	-5.995419999999999961e-09	1.016032900000000041e+03	3.350000000000000089e+00
1.655086477362036467e+09	1.639730000000000105e-04	1.251700000000000018e-06	-6.040830000000000234e-07	-5.937209999999999601e-09	1.016030380000000036e+03	3.350000000000000089e+00
1.655086478974564314e+09	1.639730000000000105e-04	1.251700000000000018e-06	-6.040830000000000234e-07	-5.995419999999999961e-09	1.016023370000000000e+03	3.350000000000000089e+00
1.655086480580459118e+09	1.639730000000000105e-04	1.251700000000000018e-06	-6.040830000000000234e-07	-5.937209999999999601e-09	1.016006780000000049e+03	3.350000000000000089e+00
1.655086482186335802e+09	1.639140000000000031e-04	1.311309999999999901e-06	-6.040830000000000234e-07	-5.995419999999999961e-09	1.015984829999999988e+03	3.350000000000000089e+00
1.655086483804485321e+09	1.638540000000000070e-04	1.251700000000000018e-06	-6.040830000000000234e-07	-5.995419999999999961e-09	1.015981269999999995e+03	3.350000000000000089e+00
1.655086485409008026e+09	1.637940000000000110e-04	1.251700000000000018e-06	-6.040830000000000234e-07	-5.995419999999999961e-09	1.015979460000000017e+03	3.350000000000000089e+00
1.655086487014156103e+09	1.637350000000000036e-04	1.251700000000000018e-06	-6.040830000000000234e-07	-5.995419999999999961e-09	1.015959659999999985e+03	3.350000000000000089e+00
1.655086493645573139e+09	1.635560000000000041e-04	1.311309999999999901e-06	-6.040830000000000234e-07	-5.995419999999999961e-09	1.015920229999999947e+03	3.359999999999999876e+00
1.655086495263943672e+09	1.635560000000000041e-04	1.192099999999999987e-06	-6.040830000000000234e-07	-6.053630000000000322e-09	1.015905629999999974e+03	3.359999999999999876e+00
1.655086496881493807e+09	1.634960000000000081e-04	1.251700000000000018e-06	-6.040830000000000234e-07	-5.995419999999999961e-09	1.015890400000000000e+03	3.359999999999999876e+00
1.655086498491326809e+09	1.634370000000000007e-04	1.251700000000000018e-06	-6.040830000000000234e-07	-6.053630000000000322e-09	1.015897090000000048e+03	3.359999999999999876e+00
1.655086500107679605e+09	1.634370000000000007e-04	1.251700000000000018e-06	-6.040830000000000234e-07	-6.053630000000000322e-09	1.015873770000000036e+03	3.359999999999999876e+00
1.655086501717806578e+09	1.633770000000000046e-04	1.251700000000000018e-06	-6.040830000000000234e-07	-5.995419999999999961e-09	1.015864699999999971e+03	3.359999999999999876e+00
1.655086503336377382e+09	1.633179999999999972e-04	1.311309999999999901e-06	-6.040830000000000234e-07	-6.053630000000000322e-09	1.015864439999999945e+03	3.359999999999999876e+00
1.655086504955053329e+09	1.633179999999999972e-04	1.251700000000000018e-06	-6.040830000000000234e-07	-5.995419999999999961e-09	1.015839690000000019e+03	3.359999999999999876e+00
1.655086506564352989e+09	1.631980000000000052e-04	1.251700000000000018e-06	-6.040830000000000234e-07	-5.995419999999999961e-09	1.015831159999999954e+03	3.359999999999999876e+00
1.655086508172383785e+09	1.631980000000000052e-04	1.311309999999999901e-06	-6.041410000000000362e-07	-5.995419999999999961e-09	1.015830479999999966e+03	3.359999999999999876e+00
1.655086514807328224e+09	1.630199999999999943e-04	1.251700000000000018e-06	-6.040830000000000234e-07	-5.995419999999999961e-09	1.015783419999999978e+03	3.370000000000000107e+00
1.655086516426990986e+09	1.629599999999999983e-04	1.251700000000000018e-06	-6.040830000000000234e-07	-6.053630000000000322e-09	1.015785970000000020e+03	3.370000000000000107e+00
1.655086518035965443e+09	1.629000000000000023e-04	1.251700000000000018e-06	-6.040830000000000234e-07	-5.995419999999999961e-09	1.015756790000000024e+03	3.370000000000000107e+00
1.655086519652179956e+09	1.628409999999999949e-04	1.251700000000000018e-06	-6.041410000000000362e-07	-5.995419999999999961e-09	1.015754760000000033e+03	3.370000000000000107e+00
1.655086521258962393e+09	1.627809999999999988e-04	1.251700000000000018e-06	-6.040830000000000234e-07	-5.937209999999999601e-09	1.015742229999999950e+03	3.370000000000000107e+00
1.655086522867926121e+09	1.627219999999999914e-04	1.251700000000000018e-06	-6.040830000000000234e-07	-5.937209999999999601e-09	1.015740310000000022e+03	3.370000000000000107e+00
1.655086524477090359e+09	1.627219999999999914e-04	1.251700000000000018e-06	-6.041410000000000362e-07	-5.995419999999999961e-09	1.015713780000000042e+03	3.370000000000000107e+00
1.655086526090224028e+09	1.627219999999999914e-04	1.251700000000000018e-06	-6.041410000000000362e-07	-5.995419999999999961e-09	1.015713780000000042e+03	3.370000000000000107e+00
1.655086527710961819e+09	1.625429999999999920e-04	1.251700000000000018e-06	-6.041410000000000362e-07	-5.995419999999999961e-09	1.015703759999999988e+03	3.370000000000000107e+00
1.655086529320179701e+09	1.626019999999999994e-04	1.251700000000000018e-06	-6.041410000000000362e-07	-5.937209999999999601e-09	1.015699070000000006e+03	3.370000000000000107e+00
1.655086535946056366e+09	1.624239999999999885e-04	1.251700000000000018e-06	-6.041410000000000362e-07	-6.053630000000000322e-09	1.016110639999999989e+03	3.379999999999999893e+00
1.655086537549739599e+09	1.624239999999999885e-04	1.251700000000000018e-06	-6.040830000000000234e-07	-5.995419999999999961e-09	1.016086059999999975e+03	3.379999999999999893e+00
1.655086539154518604e+09	1.623039999999999965e-04	1.192099999999999987e-06	-6.041410000000000362e-07	-6.053630000000000322e-09	1.016088660000000004e+03	3.379999999999999893e+00
1.655086540769841433e+09	1.622449999999999891e-04	1.251700000000000018e-06	-6.040830000000000234e-07	-5.995419999999999961e-09	1.016074629999999956e+03	3.379999999999999893e+00
1.655086542380171061e+09	1.622449999999999891e-04	1.251700000000000018e-06	-6.041410000000000362e-07	-5.995419999999999961e-09	1.016064219999999978e+03	3.379999999999999893e+00
1.655086543997024536e+09	1.621260000000000127e-04	1.251700000000000018e-06	-6.040830000000000234e-07	-5.995419999999999961e-09	1.016064709999999991e+03	3.379999999999999893e+00
1.655086545607080221e+09	1.621260000000000127e-04	1.251700000000000018e-06	-6.040830000000000234e-07	-5.995419999999999961e-09	1.016051090000000045e+03	3.379999999999999893e+00
1.655086547206905842e+09	1.621260000000000127e-04	1.251700000000000018e-06	-6.041410000000000362e-07	-5.995419999999999961e-09	1.016022180000000048e+03	3.379999999999999893e+00
1.655086548820175886e+09	1.620659999999999896e-04	1.192099999999999987e-06	-6.040830000000000234e-07	-5.995419999999999961e-09	1.016022929999999974e+03	3.379999999999999893e+00
1.655086550429963827e+09	1.620059999999999935e-04	1.251700000000000018e-06	-6.040830000000000234e-07	-5.995419999999999961e-09	1.016006210000000010e+03	3.379999999999999893e+00
1.655086557058160067e+09	1.618280000000000098e-04	1.251700000000000018e-06	-6.040830000000000234e-07	-5.937209999999999601e-09	1.015975170000000048e+03	3.390000000000000124e+00
1.655086558663378000e+09	1.617679999999999867e-04	1.251700000000000018e-06	-6.040830000000000234e-07	-5.995419999999999961e-09	1.015950379999999996e+03	3.390000000000000124e+00
1.655086560277464390e+09	1.617079999999999906e-04	1.192099999999999987e-06	-6.040830000000000234e-07	-5.995419999999999961e-09	1.015949240000000032e+03	3.390000000000000124e+00
1.655086561888962507e+09	1.616490000000000103e-04	1.251700000000000018e-06	-6.040830000000000234e-07	-6.053630000000000322e-09	1.015950820000000022e+03	3.390000000000000124e+00
1.655086563490931273e+09	1.617079999999999906e-04	1.192099999999999987e-06	-6.041410000000000362e-07	-5.995419999999999961e-09	1.015946310000000040e+03	3.390000000000000124e+00
1.655086565105084658e+09	1.615889999999999872e-04	1.251700000000000018e-06	-6.041410000000000362e-07	-5.995419999999999961e-09	1.015917530000000056e+03	3.390000000000000124e+00
1.655086566708962917e+09	1.615889999999999872e-04	1.251700000000000018e-06	-6.041410000000000362e-07	-5.995419999999999961e-09	1.015908779999999979e+03	3.390000000000000124e+00
1.655086568326689005e+09	1.615300000000000069e-04	1.192099999999999987e-06	-6.041410000000000362e-07	-5.937209999999999601e-09	1.015900110000000041e+03	3.390000000000000124e+00
1.655086569951743126e+09	1.614700000000000109e-04	1.311309999999999901e-06	-6.041410000000000362e-07	-5.995419999999999961e-09	1.015889570000000049e+03	3.390000000000000124e+00
1.655086571575313091e+09	1.614700000000000109e-04	1.251700000000000018e-06	-6.041410000000000362e-07	-5.937209999999999601e-09	1.015888599999999997e+03	3.390000000000000124e+00
1.655086578200409412e+09	1.612309999999999883e-04	1.192099999999999987e-06	-6.041410000000000362e-07	-5.995419999999999961e-09	1.015845050000000015e+03	3.399999999999999911e+00
1.655086579810963392e+09	1.611720000000000080e-04	1.251700000000000018e-06	-6.041410000000000362e-07	-5.995419999999999961e-09	1.015828260000000000e+03	3.399999999999999911e+00
1.655086581422963381e+09	1.611720000000000080e-04	1.192099999999999987e-06	-6.040830000000000234e-07	-5.995419999999999961e-09	1.015828710000000001e+03	3.399999999999999911e+00
1.655086583037341833e+09	1.610530000000000045e-04	1.251700000000000018e-06	-6.041410000000000362e-07	-5.937209999999999601e-09	1.015804549999999949e+03	3.399999999999999911e+00
1.655086584653527737e+09	1.611120000000000119e-04	1.192099999999999987e-06	-6.040830000000000234e-07	-5.995419999999999961e-09	1.015803070000000048e+03	3.399999999999999911e+00
1.655086586271068096e+09	1.610530000000000045e-04	1.192099999999999987e-06	-6.040830000000000234e-07	-5.995419999999999961e-09	1.015794909999999959e+03	3.399999999999999911e+00
1.655086587891180277e+09	1.609330000000000125e-04	1.251700000000000018e-06	-6.041410000000000362e-07	-5.995419999999999961e-09	1.015790989999999965e+03	3.399999999999999911e+00
1.655086589491498470e+09	1.609330000000000125e-04	1.192099999999999987e-06	-6.041410000000000362e-07	-6.053630000000000322e-09	1.015769400000000019e+03	3.399999999999999911e+00
1.655086591106934071e+09	1.608740000000000051e-04	1.251700000000000018e-06	-6.040830000000000234e-07	-5.995419999999999961e-09	1.015750509999999963e+03	3.399999999999999911e+00
1.655086592715810537e+09	1.608740000000000051e-04	1.251700000000000018e-06	-6.041410000000000362e-07	-5.937209999999999601e-09	1.015741470000000049e+03	3.399999999999999911e+00
1.655086599347295761e+09	1.606350000000000095e-04	1.192099999999999987e-06	-6.040830000000000234e-07	-5.995419999999999961e-09	1.015699309999999969e+03	3.410000000000000142e+00
1.655086600954310179e+09	1.605760000000000022e-04	1.192099999999999987e-06	-6.040830000000000234e-07	-5.995419999999999961e-09	1.015696080000000052e+03	3.410000000000000142e+00
1.655086602559841633e+09	1.605760000000000022e-04	1.251700000000000018e-06	-6.041410000000000362e-07	-5.995419999999999961e-09	1.015697130000000016e+03	3.410000000000000142e+00
1.655086604173470736e+09	1.605760000000000022e-04	1.251700000000000018e-06	-6.040830000000000234e-07	-5.995419999999999961e-09	1.015692109999999957e+03	3.410000000000000142e+00
1.655086605789962530e+09	1.605160000000000061e-04	1.251700000000000018e-06	-6.041410000000000362e-07	-5.995419999999999961e-09	1.015671410000000037e+03	3.410000000000000142e+00
1.655086607391434908e+09	1.603970000000000027e-04	1.251700000000000018e-06	-6.041410000000000362e-07	-5.995419999999999961e-09	1.015658419999999978e+03	3.410000000000000142e+00
1.655086609000236511e+09	1.603370000000000066e-04	1.251700000000000018e-06	-6.040830000000000234e-07	-5.995419999999999961e-09	1.015650390000000016e+03	3.410000000000000142e+00
1.655086610617347240e+09	1.603370000000000066e-04	1.251700000000000018e-06	-6.041410000000000362e-07	-5.937209999999999601e-09	1.015657680000000028e+03	3.410000000000000142e+00
1.655086612223274946e+09	1.602779999999999992e-04	1.251700000000000018e-06	-6.040830000000000234e-07	-5.995419999999999961e-09	1.015633220000000051e+03	3.410000000000000142e+00
1.655086613831920862e+09	1.602779999999999992e-04	1.192099999999999987e-06	-6.040830000000000234e-07	-5.995419999999999961e-09	1.015622610000000009e+03	3.410000000000000142e+00
1.655086620453054667e+09	1.600390000000000037e-04	1.251700000000000018e-06	-6.040830000000000234e-07	-5.995419999999999961e-09	1.015574629999999956e+03	3.419999999999999929e+00
1.655086622063027143e+09	1.600390000000000037e-04	1.192099999999999987e-06	-6.040830000000000234e-07	-5.995419999999999961e-09	1.015574250000000006e+03	3.419999999999999929e+00
1.655086623674386024e+09	1.599799999999999963e-04	1.192099999999999987e-06	-6.040830000000000234e-07	-5.937209999999999601e-09	1.015558139999999980e+03	3.419999999999999929e+00
1.655086625285432339e+09	1.599200000000000003e-04	1.192099999999999987e-06	-6.041410000000000362e-07	-5.995419999999999961e-09	1.015550010000000043e+03	3.419999999999999929e+00
1.655086626902290583e+09	1.598609999999999929e-04	1.192099999999999987e-06	-6.040830000000000234e-07	-5.937209999999999601e-09	1.015539390000000026e+03	3.419999999999999929e+00
1.655086628518962622e+09	1.598009999999999969e-04	1.251700000000000018e-06	-6.040830000000000234e-07	-5.995419999999999961e-09	1.015520359999999982e+03	3.419999999999999929e+00
1.655086630122476339e+09	1.598009999999999969e-04	1.251700000000000018e-06	-6.040830000000000234e-07	-6.053630000000000322e-09	1.015512020000000007e+03	3.419999999999999929e+00
1.655086631732296228e+09	1.598009999999999969e-04	1.192099999999999987e-06	-6.040830000000000234e-07	-6.053630000000000322e-09	1.015499540000000025e+03	3.419999999999999929e+00
1.655086633359842777e+09	1.596819999999999934e-04	1.192099999999999987e-06	-6.040830000000000234e-07	-5.995419999999999961e-09	1.015489220000000046e+03	3.419999999999999929e+00
1.655086634981152773e+09	1.596219999999999974e-04	1.251700000000000018e-06	-6.040830000000000234e-07	-5.995419999999999961e-09	1.015496200000000044e+03	3.419999999999999929e+00
1.655086641610950947e+09	1.594429999999999979e-04	1.251700000000000018e-06	-6.040830000000000234e-07	-6.053630000000000322e-09	1.015436720000000037e+03	3.430000000000000160e+00
1.655086643223176956e+09	1.595029999999999940e-04	1.251700000000000018e-06	-6.040830000000000234e-07	-5.995419999999999961e-09	1.015446040000000039e+03	3.430000000000000160e+00
1.655086644837002516e+09	1.594429999999999979e-04	1.251700000000000018e-06	-6.040830000000000234e-07	-5.937209999999999601e-09	1.015435190000000034e+03	3.430000000000000160e+00
1.655086646455858707e+09	1.594429999999999979e-04	1.251700000000000018e-06	-6.041410000000000362e-07	-6.053630000000000322e-09	1.015412839999999960e+03	3.430000000000000160e+00
1.655086648068963528e+09	1.593839999999999905e-04	1.251700000000000018e-06	-6.041410000000000362e-07	-6.053630000000000322e-09	1.015409470000000056e+03	3.430000000000000160e+00
1.655086649677265644e+09	1.592049999999999911e-04	1.192099999999999987e-06	-6.040830000000000234e-07	-5.995419999999999961e-09	1.015403599999999983e+03	3.430000000000000160e+00
1.655086651289556026e+09	1.592649999999999871e-04	1.192099999999999987e-06	-6.041410000000000362e-07	-5.995419999999999961e-09	1.015374630000000025e+03	3.430000000000000160e+00
1.655086652894236565e+09	1.592049999999999911e-04	1.192099999999999987e-06	-6.040830000000000234e-07	-6.053630000000000322e-09	1.015369990000000030e+03	3.430000000000000160e+00
1.655086654497943401e+09	1.591449999999999950e-04	1.132499999999999957e-06	-6.040830000000000234e-07	-5.995419999999999961e-09	1.015371719999999982e+03	3.430000000000000160e+00
1.655086656102261782e+09	1.591449999999999950e-04	1.192099999999999987e-06	-6.040830000000000234e-07	-5.995419999999999961e-09	1.015360900000000015e+03	3.430000000000000160e+00
1.655086662727258205e+09	1.589069999999999881e-04	1.192099999999999987e-06	-6.040830000000000234e-07	-5.995419999999999961e-09	1.015320360000000051e+03	3.439999999999999947e+00
1.655086664344745398e+09	1.588469999999999921e-04	1.251700000000000018e-06	-6.040830000000000234e-07	-5.995419999999999961e-09	1.015309480000000008e+03	3.439999999999999947e+00
1.655086665954976320e+09	1.588469999999999921e-04	1.192099999999999987e-06	-6.041410000000000362e-07	-5.995419999999999961e-09	1.015289369999999963e+03	3.439999999999999947e+00
1.655086667551923990e+09	1.588469999999999921e-04	1.192099999999999987e-06	-6.040830000000000234e-07	-6.053630000000000322e-09	1.015288490000000024e+03	3.439999999999999947e+00
1.655086669156377554e+09	1.587880000000000118e-04	1.192099999999999987e-06	-6.040830000000000234e-07	-5.995419999999999961e-09	1.015301500000000033e+03	3.439999999999999947e+00
1.655086670772964001e+09	1.587880000000000118e-04	1.192099999999999987e-06	-6.040830000000000234e-07	-5.995419999999999961e-09	1.015277010000000018e+03	3.439999999999999947e+00
1.655086672383989096e+09	1.586679999999999926e-04	1.251700000000000018e-06	-6.040830000000000234e-07	-5.995419999999999961e-09	1.015265409999999974e+03	3.439999999999999947e+00
1.655086673989963770e+09	1.586679999999999926e-04	1.192099999999999987e-06	-6.040830000000000234e-07	-6.053630000000000322e-09	1.015257830000000013e+03	3.439999999999999947e+00
1.655086675600539923e+09	1.586090000000000123e-04	1.192099999999999987e-06	-6.040830000000000234e-07	-5.995419999999999961e-09	1.015243510000000015e+03	3.439999999999999947e+00
1.655086677206665277e+09	1.586090000000000123e-04	1.251700000000000018e-06	-6.041410000000000362e-07	-5.995419999999999961e-09	1.015226679999999988e+03	3.439999999999999947e+00
1.655086683843278408e+09	1.583699999999999897e-04	1.192099999999999987e-06	-6.040830000000000234e-07	-5.995419999999999961e-09	1.015242629999999963e+03	3.450000000000000178e+00
1.655086685448963404e+09	1.583110000000000094e-04	1.192099999999999987e-06	-6.040830000000000234e-07	-5.995419999999999961e-09	1.015234159999999974e+03	3.450000000000000178e+00
1.655086687053761959e+09	1.582510000000000134e-04	1.251700000000000018e-06	-6.041410000000000362e-07	-5.995419999999999961e-09	1.015213089999999966e+03	3.450000000000000178e+00
1.655086688675739288e+09	1.582510000000000134e-04	1.132499999999999957e-06	-6.040830000000000234e-07	-5.937209999999999601e-09	1.015213570000000004e+03	3.450000000000000178e+00
1.655086690283484697e+09	1.581920000000000060e-04	1.192099999999999987e-06	-6.041410000000000362e-07	-5.995419999999999961e-09	1.015204110000000014e+03	3.450000000000000178e+00
1.655086691890373945e+09	1.582510000000000134e-04	1.192099999999999987e-06	-6.041410000000000362e-07	-5.995419999999999961e-09	1.015189430000000016e+03	3.450000000000000178e+00
1.655086693509926796e+09	1.581320000000000100e-04	1.192099999999999987e-06	-6.040830000000000234e-07	-5.995419999999999961e-09	1.015171010000000024e+03	3.450000000000000178e+00
1.655086695124367952e+09	1.580719999999999868e-04	1.132499999999999957e-06	-6.040830000000000234e-07	-5.995419999999999961e-09	1.015169059999999945e+03	3.450000000000000178e+00
1.655086696748282909e+09	1.580130000000000065e-04	1.192099999999999987e-06	-6.041410000000000362e-07	-5.995419999999999961e-09	1.015169719999999984e+03	3.450000000000000178e+00
1.655086698357995749e+09	1.580130000000000065e-04	1.192099999999999987e-06	-6.040830000000000234e-07	-5.995419999999999961e-09	1.015155120000000011e+03	3.450000000000000178e+00
1.655086704985455275e+09	1.577740000000000110e-04	1.192099999999999987e-06	-6.041410000000000362e-07	-5.995419999999999961e-09	1.015105890000000045e+03	3.459999999999999964e+00
1.655086706599133253e+09	1.577150000000000036e-04	1.251700000000000018e-06	-6.040830000000000234e-07	-5.995419999999999961e-09	1.015093029999999999e+03	3.459999999999999964e+00
1.655086708206809044e+09	1.577740000000000110e-04	1.251700000000000018e-06	-6.041410000000000362e-07	-5.995419999999999961e-09	1.015091949999999997e+03	3.459999999999999964e+00
1.655086709816488028e+09	1.577740000000000110e-04	1.192099999999999987e-06	-6.041410000000000362e-07	-6.053630000000000322e-09	1.015074939999999970e+03	3.459999999999999964e+00
1.655086711437952995e+09	1.576550000000000076e-04	1.132499999999999957e-06	-6.041410000000000362e-07	-5.995419999999999961e-09	1.015060989999999947e+03	3.459999999999999964e+00
1.655086713047262192e+09	1.576550000000000076e-04	1.192099999999999987e-06	-6.041410000000000362e-07	-5.995419999999999961e-09	1.015061569999999961e+03	3.459999999999999964e+00
1.655086714660963297e+09	1.575360000000000042e-04	1.192099999999999987e-06	-6.041410000000000362e-07	-5.995419999999999961e-09	1.015050370000000044e+03	3.459999999999999964e+00
1.655086716268072844e+09	1.575360000000000042e-04	1.192099999999999987e-06	-6.040830000000000234e-07	-5.995419999999999961e-09	1.015018829999999980e+03	3.459999999999999964e+00
1.655086717878962278e+09	1.574760000000000081e-04	1.251700000000000018e-06	-6.041410000000000362e-07	-5.995419999999999961e-09	1.015023209999999949e+03	3.459999999999999964e+00
1.655086719486027241e+09	1.575360000000000042e-04	1.192099999999999987e-06	-6.041410000000000362e-07	-5.937209999999999601e-09	1.015022879999999986e+03	3.459999999999999964e+00
1.655086726116124630e+09	1.572380000000000012e-04	1.251700000000000018e-06	-6.040830000000000234e-07	-5.995419999999999961e-09	1.014961170000000038e+03	3.470000000000000195e+00
1.655086727728962421e+09	1.572380000000000012e-04	1.192099999999999987e-06	-6.041410000000000362e-07	-5.995419999999999961e-09	1.014959240000000023e+03	3.470000000000000195e+00
1.655086729339963436e+09	1.571780000000000052e-04	1.192099999999999987e-06	-6.041410000000000362e-07	-5.995419999999999961e-09	1.014966540000000009e+03	3.470000000000000195e+00
1.655086730939163923e+09	1.571780000000000052e-04	1.132499999999999957e-06	-6.041410000000000362e-07	-5.995419999999999961e-09	1.014963960000000043e+03	3.470000000000000195e+00
1.655086732547635794e+09	1.571189999999999978e-04	1.192099999999999987e-06	-6.041410000000000362e-07	-5.995419999999999961e-09	1.014935809999999947e+03	3.470000000000000195e+00
1.655086734153390646e+09	1.570590000000000018e-04	1.192099999999999987e-06	-6.041410000000000362e-07	-5.995419999999999961e-09	1.014939579999999978e+03	3.470000000000000195e+00
1.655086735764239073e+09	1.569999999999999944e-04	1.192099999999999987e-06	-6.041410000000000362e-07	-6.053630000000000322e-09	1.014914719999999988e+03	3.470000000000000195e+00
1.655086737379583120e+09	1.569399999999999983e-04	1.192099999999999987e-06	-6.040830000000000234e-07	-5.995419999999999961e-09	1.014907490000000053e+03	3.470000000000000195e+00
1.655086738987021208e+09	1.569399999999999983e-04	1.192099999999999987e-06	-6.041410000000000362e-07	-5.995419999999999961e-09	1.014905980000000000e+03	3.470000000000000195e+00
1.655086740596827984e+09	1.569399999999999983e-04	1.251700000000000018e-06	-6.041410000000000362e-07	-6.053630000000000322e-09	1.014899300000000039e+03	3.470000000000000195e+00
1.655086747217187405e+09	1.567019999999999915e-04	1.192099999999999987e-06	-6.040830000000000234e-07	-6.053630000000000322e-09	1.014846279999999979e+03	3.479999999999999982e+00
1.655086748825970650e+09	1.566419999999999954e-04	1.192099999999999987e-06	-6.041410000000000362e-07	-6.053630000000000322e-09	1.014846310000000017e+03	3.479999999999999982e+00
1.655086750437164783e+09	1.567019999999999915e-04	1.192099999999999987e-06	-6.041410000000000362e-07	-5.995419999999999961e-09	1.014829060000000027e+03	3.479999999999999982e+00
1.655086752045183420e+09	1.566419999999999954e-04	1.192099999999999987e-06	-6.041410000000000362e-07	-5.995419999999999961e-09	1.014819560000000024e+03	3.479999999999999982e+00
1.655086753652187347e+09	1.565819999999999994e-04	1.192099999999999987e-06	-6.041410000000000362e-07	-5.937209999999999601e-09	1.014806720000000041e+03	3.479999999999999982e+00
1.655086755265810013e+09	1.565229999999999920e-04	1.192099999999999987e-06	-6.041410000000000362e-07	-6.053630000000000322e-09	1.014792730000000006e+03	3.479999999999999982e+00
1.655086756885291576e+09	1.564039999999999886e-04	1.192099999999999987e-06	-6.041410000000000362e-07	-6.053630000000000322e-09	1.014798819999999978e+03	3.479999999999999982e+00
1.655086758490962982e+09	1.564039999999999886e-04	1.192099999999999987e-06	-6.041410000000000362e-07	-6.053630000000000322e-09	1.014768080000000054e+03	3.479999999999999982e+00
1.655086760097432137e+09	1.563439999999999925e-04	1.192099999999999987e-06	-6.040830000000000234e-07	-5.995419999999999961e-09	1.014773170000000050e+03	3.479999999999999982e+00
1.655086761718963385e+09	1.563439999999999925e-04	1.192099999999999987e-06	-6.041410000000000362e-07	-5.995419999999999961e-09	1.014756949999999961e+03	3.479999999999999982e+00
1.655086768344326735e+09	1.561049999999999970e-04	1.192099999999999987e-06	-6.041410000000000362e-07	-5.995419999999999961e-09	1.014713849999999979e+03	3.490000000000000213e+00
1.655086769945040941e+09	1.560459999999999896e-04	1.192099999999999987e-06	-6.041410000000000362e-07	-5.995419999999999961e-09	1.014714579999999955e+03	3.490000000000000213e+00
1.655086771563133717e+09	1.560459999999999896e-04	1.192099999999999987e-06	-6.041410000000000362e-07	-5.995419999999999961e-09	1.014708359999999971e+03	3.490000000000000213e+00
1.655086773177193642e+09	1.559859999999999936e-04	1.132499999999999957e-06	-6.041410000000000362e-07	-5.995419999999999961e-09	1.014687249999999949e+03	3.490000000000000213e+00
1.655086774797367334e+09	1.560459999999999896e-04	1.192099999999999987e-06	-6.041410000000000362e-07	-5.995419999999999961e-09	1.014669819999999959e+03	3.490000000000000213e+00
1.655086776410956144e+09	1.560459999999999896e-04	1.192099999999999987e-06	-6.041410000000000362e-07	-5.995419999999999961e-09	1.014666619999999966e+03	3.490000000000000213e+00
1.655086778020953417e+09	1.559270000000000133e-04	1.192099999999999987e-06	-6.041410000000000362e-07	-5.937209999999999601e-09	1.014642010000000028e+03	3.490000000000000213e+00
1.655086779625347137e+09	1.558669999999999901e-04	1.192099999999999987e-06	-6.041410000000000362e-07	-6.053630000000000322e-09	1.014651219999999967e+03	3.490000000000000213e+00
1.655086781234331131e+09	1.558069999999999941e-04	1.192099999999999987e-06	-6.041410000000000362e-07	-5.995419999999999961e-09	1.014643980000000056e+03	3.490000000000000213e+00
1.655086782848391533e+09	1.558069999999999941e-04	1.192099999999999987e-06	-6.041410000000000362e-07	-5.995419999999999961e-09	1.014628370000000018e+03	3.490000000000000213e+00
1.655086789478390455e+09	1.555689999999999872e-04	1.251700000000000018e-06	-6.041410000000000362e-07	-5.937209999999999601e-09	1.014605540000000019e+03	3.500000000000000000e+00
1.655086791089943647e+09	1.555089999999999912e-04	1.192099999999999987e-06	-6.041410000000000362e-07	-6.053630000000000322e-09	1.014593250000000012e+03	3.500000000000000000e+00
1.655086792701313257e+09	1.555089999999999912e-04	1.192099999999999987e-06	-6.041410000000000362e-07	-6.053630000000000322e-09	1.014579280000000040e+03	3.500000000000000000e+00
1.655086794316453218e+09	1.555089999999999912e-04	1.192099999999999987e-06	-6.041410000000000362e-07	-6.053630000000000322e-09	1.014565460000000030e+03	3.500000000000000000e+00
1.655086795928418398e+09	1.554500000000000109e-04	1.132499999999999957e-06	-6.041410000000000362e-07	-5.995419999999999961e-09	1.014544350000000009e+03	3.500000000000000000e+00
1.655086797547951937e+09	1.553899999999999878e-04	1.132499999999999957e-06	-6.041410000000000362e-07	-5.995419999999999961e-09	1.014556580000000054e+03	3.500000000000000000e+00
1.655086799163650274e+09	1.553899999999999878e-04	1.251700000000000018e-06	-6.041410000000000362e-07	-5.995419999999999961e-09	1.014539549999999963e+03	3.500000000000000000e+00
1.655086800768944025e+09	1.552109999999999883e-04	1.192099999999999987e-06	-6.041410000000000362e-07	-5.995419999999999961e-09	1.014530179999999973e+03	3.500000000000000000e+00
1.655086802384159088e+09	1.552710000000000114e-04	1.251700000000000018e-06	-6.041410000000000362e-07	-5.995419999999999961e-09	1.014522029999999972e+03	3.500000000000000000e+00
1.655086803993320704e+09	1.552109999999999883e-04	1.192099999999999987e-06	-6.041410000000000362e-07	-5.995419999999999961e-09	1.014501700000000028e+03	3.500000000000000000e+00
1.655086810623283863e+09	1.550330000000000046e-04	1.192099999999999987e-06	-6.041410000000000362e-07	-6.053630000000000322e-09	1.014484690000000001e+03	3.510000000000000231e+00
1.655086812245079279e+09	1.549730000000000085e-04	1.192099999999999987e-06	-6.041410000000000362e-07	-5.995419999999999961e-09	1.014456890000000044e+03	3.510000000000000231e+00
1.655086813854999542e+09	1.549730000000000085e-04	1.132499999999999957e-06	-6.041410000000000362e-07	-5.937209999999999601e-09	1.014442099999999982e+03	3.510000000000000231e+00
1.655086815463185310e+09	1.549130000000000125e-04	1.132499999999999957e-06	-6.041410000000000362e-07	-5.937209999999999601e-09	1.014447270000000003e+03	3.510000000000000231e+00
1.655086817070002079e+09	1.549130000000000125e-04	1.132499999999999957e-06	-6.041410000000000362e-07	-6.053630000000000322e-09	1.014425709999999981e+03	3.510000000000000231e+00
1.655086818675184011e+09	1.548540000000000051e-04	1.192099999999999987e-06	-6.041410000000000362e-07	-6.053630000000000322e-09	1.014421209999999974e+03	3.510000000000000231e+00
1.655086820282342434e+09	1.548540000000000051e-04	1.192099999999999987e-06	-6.041410000000000362e-07	-5.995419999999999961e-09	1.014419710000000009e+03	3.510000000000000231e+00
1.655086821882261038e+09	1.547350000000000017e-04	1.192099999999999987e-06	-6.041410000000000362e-07	-6.053630000000000322e-09	1.014401860000000056e+03	3.510000000000000231e+00
1.655086823493050098e+09	1.546750000000000056e-04	1.132499999999999957e-06	-6.041410000000000362e-07	-5.995419999999999961e-09	1.014385710000000017e+03	3.510000000000000231e+00
1.655086825098820686e+09	1.546750000000000056e-04	1.132499999999999957e-06	-6.041410000000000362e-07	-5.995419999999999961e-09	1.014380919999999946e+03	3.510000000000000231e+00
1.655086831721179485e+09	1.545560000000000022e-04	1.132499999999999957e-06	-6.041410000000000362e-07	-5.995419999999999961e-09	1.014350869999999986e+03	3.520000000000000018e+00
1.655086833326073408e+09	1.543770000000000027e-04	1.132499999999999957e-06	-6.041410000000000362e-07	-5.995419999999999961e-09	1.014349619999999959e+03	3.520000000000000018e+00
1.655086834934542179e+09	1.543770000000000027e-04	1.192099999999999987e-06	-6.041410000000000362e-07	-5.995419999999999961e-09	1.014328470000000038e+03	3.520000000000000018e+00
1.655086836559006214e+09	1.544369999999999988e-04	1.132499999999999957e-06	-6.041410000000000362e-07	-5.995419999999999961e-09	1.014319740000000024e+03	3.520000000000000018e+00
1.655086838168997526e+09	1.543770000000000027e-04	1.192099999999999987e-06	-6.041410000000000362e-07	-5.995419999999999961e-09	1.014300489999999968e+03	3.520000000000000018e+00
1.655086839775558472e+09	1.542579999999999993e-04	1.251700000000000018e-06	-6.041410000000000362e-07	-5.995419999999999961e-09	1.014305209999999988e+03	3.520000000000000018e+00
1.655086841386034250e+09	1.543170000000000067e-04	1.192099999999999987e-06	-6.041410000000000362e-07	-5.995419999999999961e-09	1.014275849999999991e+03	3.520000000000000018e+00
1.655086842996362686e+09	1.541389999999999959e-04	1.132499999999999957e-06	-6.041410000000000362e-07	-5.995419999999999961e-09	1.014280510000000049e+03	3.520000000000000018e+00
1.655086844607996464e+09	1.541389999999999959e-04	1.132499999999999957e-06	-6.041410000000000362e-07	-6.053630000000000322e-09	1.014265980000000013e+03	3.520000000000000018e+00
1.655086846218983889e+09	1.541389999999999959e-04	1.192099999999999987e-06	-6.041410000000000362e-07	-5.937209999999999601e-09	1.014253670000000056e+03	3.520000000000000018e+00
1.655086852852946758e+09	1.540190000000000038e-04	1.192099999999999987e-06	-6.041410000000000362e-07	-5.937209999999999601e-09	1.014216930000000048e+03	3.530000000000000249e+00
1.655086854460783005e+09	1.539000000000000003e-04	1.192099999999999987e-06	-6.041410000000000362e-07	-5.995419999999999961e-09	1.014203489999999988e+03	3.530000000000000249e+00
1.655086856067172527e+09	1.538409999999999929e-04	1.251700000000000018e-06	-6.041410000000000362e-07	-5.995419999999999961e-09	1.014206080000000043e+03	3.530000000000000249e+00
1.655086857667953253e+09	1.538409999999999929e-04	1.192099999999999987e-06	-6.041410000000000362e-07	-6.053630000000000322e-09	1.014185100000000034e+03	3.530000000000000249e+00
1.655086859282790422e+09	1.538409999999999929e-04	1.132499999999999957e-06	-6.041410000000000362e-07	-6.053630000000000322e-09	1.014181330000000003e+03	3.530000000000000249e+00
1.655086860889230490e+09	1.537809999999999969e-04	1.132499999999999957e-06	-6.041410000000000362e-07	-5.995419999999999961e-09	1.014169700000000034e+03	3.530000000000000249e+00
1.655086862506182909e+09	1.537210000000000009e-04	1.132499999999999957e-06	-6.041410000000000362e-07	-5.995419999999999961e-09	1.014150210000000015e+03	3.530000000000000249e+00
1.655086864120838404e+09	1.536019999999999974e-04	1.132499999999999957e-06	-6.041410000000000362e-07	-6.053630000000000322e-09	1.014147050000000036e+03	3.530000000000000249e+00
1.655086865735071898e+09	1.535420000000000014e-04	1.132499999999999957e-06	-6.041410000000000362e-07	-6.053630000000000322e-09	1.014131999999999948e+03	3.530000000000000249e+00
1.655086867345032215e+09	1.536019999999999974e-04	1.192099999999999987e-06	-6.041410000000000362e-07	-5.995419999999999961e-09	1.014134099999999989e+03	3.530000000000000249e+00
1.655086873968265295e+09	1.534829999999999940e-04	1.132499999999999957e-06	-6.041410000000000362e-07	-5.995419999999999961e-09	1.014254400000000032e+03	3.540000000000000036e+00
1.655086875585319519e+09	1.533639999999999906e-04	1.192099999999999987e-06	-6.041410000000000362e-07	-5.995419999999999961e-09	1.014021049999999946e+03	3.540000000000000036e+00
1.655086877188969374e+09	1.532439999999999985e-04	1.192099999999999987e-06	-6.041410000000000362e-07	-5.995419999999999961e-09	1.014067679999999996e+03	3.540000000000000036e+00
1.655086878806021214e+09	1.532439999999999985e-04	1.192099999999999987e-06	-6.041410000000000362e-07	-6.053630000000000322e-09	1.014081279999999992e+03	3.540000000000000036e+00
1.655086880425631523e+09	1.532439999999999985e-04	1.192099999999999987e-06	-6.041410000000000362e-07	-5.995419999999999961e-09	1.014051429999999982e+03	3.540000000000000036e+00
1.655086882046382427e+09	1.532439999999999985e-04	1.192099999999999987e-06	-6.041410000000000362e-07	-6.053630000000000322e-09	1.014052450000000022e+03	3.540000000000000036e+00
1.655086883650962830e+09	1.531849999999999911e-04	1.132499999999999957e-06	-6.041410000000000362e-07	-6.053630000000000322e-09	1.014041380000000004e+03	3.540000000000000036e+00
1.655086885264405489e+09	1.530659999999999877e-04	1.192099999999999987e-06	-6.041410000000000362e-07	-5.995419999999999961e-09	1.014041640000000029e+03	3.540000000000000036e+00
1.655086886871647596e+09	1.530659999999999877e-04	1.192099999999999987e-06	-6.041410000000000362e-07	-6.053630000000000322e-09	1.014018829999999980e+03	3.540000000000000036e+00
1.655086888473464251e+09	1.530659999999999877e-04	1.132499999999999957e-06	-6.041410000000000362e-07	-5.995419999999999961e-09	1.013999249999999961e+03	3.540000000000000036e+00
1.655086895108837128e+09	1.528869999999999882e-04	1.132499999999999957e-06	-6.041410000000000362e-07	-5.995419999999999961e-09	1.013967729999999960e+03	3.550000000000000266e+00
1.655086896727056742e+09	1.528869999999999882e-04	1.192099999999999987e-06	-6.041410000000000362e-07	-5.995419999999999961e-09	1.013956130000000030e+03	3.550000000000000266e+00
1.655086898329404354e+09	1.527680000000000119e-04	1.192099999999999987e-06	-6.041410000000000362e-07	-6.053630000000000322e-09	1.013956770000000006e+03	3.550000000000000266e+00
1.655086899947952986e+09	1.527079999999999887e-04	1.132499999999999957e-06	-6.041410000000000362e-07	-5.995419999999999961e-09	1.013942009999999982e+03	3.550000000000000266e+00
1.655086901566271067e+09	1.526479999999999927e-04	1.132499999999999957e-06	-6.041410000000000362e-07	-5.995419999999999961e-09	1.013933300000000031e+03	3.550000000000000266e+00
1.655086903174028873e+09	1.525890000000000124e-04	1.132499999999999957e-06	-6.041410000000000362e-07	-5.937209999999999601e-09	1.013925560000000019e+03	3.550000000000000266e+00
1.655086904779208660e+09	1.526479999999999927e-04	1.132499999999999957e-06	-6.041410000000000362e-07	-6.053630000000000322e-09	1.013912789999999973e+03	3.550000000000000266e+00
1.655086906391974926e+09	1.525890000000000124e-04	1.132499999999999957e-06	-6.041410000000000362e-07	-5.995419999999999961e-09	1.013907789999999977e+03	3.550000000000000266e+00
1.655086908005095005e+09	1.525289999999999892e-04	1.192099999999999987e-06	-6.041410000000000362e-07	-5.995419999999999961e-09	1.013898649999999975e+03	3.550000000000000266e+00
1.655086909615988255e+09	1.524700000000000090e-04	1.132499999999999957e-06	-6.041410000000000362e-07	-5.937209999999999601e-09	1.013881349999999998e+03	3.550000000000000266e+00
1.655086916240962982e+09	1.522910000000000095e-04	1.132499999999999957e-06	-6.041410000000000362e-07	-6.053630000000000322e-09	1.013851649999999950e+03	3.560000000000000053e+00
1.655086917847170353e+09	1.522310000000000134e-04	1.192099999999999987e-06	-6.041410000000000362e-07	-6.053630000000000322e-09	1.013847340000000031e+03	3.560000000000000053e+00
1.655086919454102039e+09	1.521720000000000060e-04	1.192099999999999987e-06	-6.041410000000000362e-07	-6.053630000000000322e-09	1.013825619999999958e+03	3.560000000000000053e+00
1.655086921063331842e+09	1.521720000000000060e-04	1.192099999999999987e-06	-6.041410000000000362e-07	-5.995419999999999961e-09	1.013813719999999989e+03	3.560000000000000053e+00
1.655086922686196566e+09	1.521720000000000060e-04	1.132499999999999957e-06	-6.041410000000000362e-07	-5.995419999999999961e-09	1.013797730000000001e+03	3.560000000000000053e+00
1.655086924296384811e+09	1.521120000000000100e-04	1.192099999999999987e-06	-6.041410000000000362e-07	-5.995419999999999961e-09	1.013805709999999976e+03	3.560000000000000053e+00
1.655086925903234243e+09	1.520519999999999869e-04	1.132499999999999957e-06	-6.041410000000000362e-07	-5.995419999999999961e-09	1.013783940000000030e+03	3.560000000000000053e+00
1.655086927517270327e+09	1.519930000000000066e-04	1.132499999999999957e-06	-6.041410000000000362e-07	-5.995419999999999961e-09	1.013787180000000035e+03	3.560000000000000053e+00
1.655086929144340754e+09	1.519930000000000066e-04	1.132499999999999957e-06	-6.041410000000000362e-07	-6.053630000000000322e-09	1.013772699999999986e+03	3.560000000000000053e+00
1.655086930758963108e+09	1.519330000000000105e-04	1.132499999999999957e-06	-6.041410000000000362e-07	-6.053630000000000322e-09	1.013765309999999999e+03	3.560000000000000053e+00
1.655086937384741545e+09	1.517540000000000111e-04	1.192099999999999987e-06	-6.041410000000000362e-07	-6.053630000000000322e-09	1.013739100000000008e+03	3.570000000000000284e+00
1.655086938996410370e+09	1.518140000000000071e-04	1.192099999999999987e-06	-6.041410000000000362e-07	-6.053630000000000322e-09	1.013695090000000050e+03	3.570000000000000284e+00
1.655086940607143879e+09	1.518140000000000071e-04	1.132499999999999957e-06	-6.041410000000000362e-07	-5.995419999999999961e-09	1.013713319999999953e+03	3.570000000000000284e+00
1.655086942218962431e+09	1.516350000000000076e-04	1.192099999999999987e-06	-6.041410000000000362e-07	-5.995419999999999961e-09	1.013700379999999996e+03	3.570000000000000284e+00
1.655086943827765703e+09	1.516350000000000076e-04	1.132499999999999957e-06	-6.041410000000000362e-07	-5.937209999999999601e-09	1.013676950000000033e+03	3.570000000000000284e+00
1.655086945440158367e+09	1.515760000000000002e-04	1.132499999999999957e-06	-6.041410000000000362e-07	-5.995419999999999961e-09	1.013673729999999978e+03	3.570000000000000284e+00
1.655086947046162605e+09	1.514560000000000082e-04	1.132499999999999957e-06	-6.041410000000000362e-07	-6.053630000000000322e-09	1.013683390000000031e+03	3.570000000000000284e+00
1.655086948659847498e+09	1.515160000000000042e-04	1.132499999999999957e-06	-6.041410000000000362e-07	-6.053630000000000322e-09	1.013660870000000045e+03	3.570000000000000284e+00
1.655086950266881227e+09	1.514560000000000082e-04	1.192099999999999987e-06	-6.041410000000000362e-07	-6.053630000000000322e-09	1.013641309999999976e+03	3.570000000000000284e+00
1.655086951882812977e+09	1.514560000000000082e-04	1.072890000000000073e-06	-6.041410000000000362e-07	-5.995419999999999961e-09	1.013632129999999961e+03	3.570000000000000284e+00
1.655086958513792038e+09	1.512180000000000013e-04	1.132499999999999957e-06	-6.041410000000000362e-07	-5.995419999999999961e-09	1.013598280000000045e+03	3.580000000000000071e+00
1.655086960131816864e+09	1.512180000000000013e-04	1.132499999999999957e-06	-6.041410000000000362e-07	-5.995419999999999961e-09	1.013596080000000029e+03	3.580000000000000071e+00
1.655086961746989727e+09	1.510989999999999979e-04	1.072890000000000073e-06	-6.041410000000000362e-07	-5.995419999999999961e-09	1.013579050000000052e+03	3.580000000000000071e+00
1.655086963348020315e+09	1.510989999999999979e-04	1.132499999999999957e-06	-6.041410000000000362e-07	-5.995419999999999961e-09	1.013581519999999955e+03	3.580000000000000071e+00
1.655086964958963871e+09	1.510989999999999979e-04	1.192099999999999987e-06	-6.041410000000000362e-07	-5.995419999999999961e-09	1.013563689999999951e+03	3.580000000000000071e+00
1.655086966568963766e+09	1.510390000000000018e-04	1.132499999999999957e-06	-6.041410000000000362e-07	-5.995419999999999961e-09	1.013557860000000005e+03	3.580000000000000071e+00
1.655086968172516823e+09	1.510390000000000018e-04	1.132499999999999957e-06	-6.041410000000000362e-07	-6.053630000000000322e-09	1.013540910000000054e+03	3.580000000000000071e+00
1.655086969781394243e+09	1.509199999999999984e-04	1.132499999999999957e-06	-6.041410000000000362e-07	-5.995419999999999961e-09	1.013538789999999949e+03	3.580000000000000071e+00
1.655086971396191835e+09	1.509199999999999984e-04	1.132499999999999957e-06	-6.041410000000000362e-07	-6.053630000000000322e-09	1.013521240000000034e+03	3.580000000000000071e+00
1.655086973008675575e+09	1.508009999999999949e-04	1.072890000000000073e-06	-6.041410000000000362e-07	-5.995419999999999961e-09	1.013513249999999971e+03	3.580000000000000071e+00
1.655086979627469301e+09	1.506810000000000029e-04	1.072890000000000073e-06	-6.041410000000000362e-07	-5.995419999999999961e-09	1.013488190000000031e+03	3.589999999999999858e+00
1.655086981236461163e+09	1.507409999999999989e-04	1.013290000000000043e-06	-6.041410000000000362e-07	-5.995419999999999961e-09	1.013475329999999985e+03	3.589999999999999858e+00
1.655086982854516745e+09	1.506219999999999955e-04	1.132499999999999957e-06	-6.041410000000000362e-07	-5.995419999999999961e-09	1.013460270000000037e+03	3.589999999999999858e+00
1.655086984465076923e+09	1.505619999999999994e-04	1.192099999999999987e-06	-6.041410000000000362e-07	-5.937209999999999601e-09	1.013458880000000022e+03	3.589999999999999858e+00
1.655086986078096867e+09	1.505029999999999920e-04	1.132499999999999957e-06	-6.041410000000000362e-07	-5.995419999999999961e-09	1.013445889999999963e+03	3.589999999999999858e+00
1.655086987688531876e+09	1.505029999999999920e-04	1.132499999999999957e-06	-6.041410000000000362e-07	-5.937209999999999601e-09	1.013427059999999983e+03	3.589999999999999858e+00
1.655086989295460463e+09	1.505029999999999920e-04	1.132499999999999957e-06	-6.041410000000000362e-07	-5.995419999999999961e-09	1.013420709999999985e+03	3.589999999999999858e+00
1.655086990914256573e+09	1.504429999999999960e-04	1.132499999999999957e-06	-6.041410000000000362e-07	-6.053630000000000322e-09	1.013412889999999948e+03	3.589999999999999858e+00
1.655086992517135859e+09	1.503830000000000000e-04	1.132499999999999957e-06	-6.041410000000000362e-07	-5.995419999999999961e-09	1.013402770000000032e+03	3.589999999999999858e+00
1.655086994135689259e+09	1.503239999999999926e-04	1.132499999999999957e-06	-6.041410000000000362e-07	-6.053630000000000322e-09	1.013390970000000038e+03	3.589999999999999858e+00
1.655087000763314009e+09	1.501449999999999931e-04	1.132499999999999957e-06	-6.041410000000000362e-07	-5.995419999999999961e-09	1.013355760000000032e+03	3.600000000000000089e+00
1.655087002381963015e+09	1.501449999999999931e-04	1.072890000000000073e-06	-6.041410000000000362e-07	-5.995419999999999961e-09	1.013355320000000006e+03	3.600000000000000089e+00
1.655087003991861105e+09	1.501449999999999931e-04	1.132499999999999957e-06	-6.041410000000000362e-07	-5.995419999999999961e-09	1.013331630000000018e+03	3.600000000000000089e+00
1.655087005606473207e+09	1.500849999999999971e-04	1.132499999999999957e-06	-6.041410000000000362e-07	-5.995419999999999961e-09	1.013346099999999979e+03	3.600000000000000089e+00
1.655087007228963614e+09	1.499659999999999936e-04	1.132499999999999957e-06	-6.041410000000000362e-07	-6.053630000000000322e-09	1.013316500000000019e+03	3.600000000000000089e+00
1.655087008834142685e+09	1.499659999999999936e-04	1.132499999999999957e-06	-6.041410000000000362e-07	-5.995419999999999961e-09	1.013315360000000055e+03	3.600000000000000089e+00
1.655087010439565659e+09	1.498469999999999902e-04	1.132499999999999957e-06	-6.041410000000000362e-07	-6.053630000000000322e-09	1.013297370000000001e+03	3.600000000000000089e+00
1.655087012043368101e+09	1.498469999999999902e-04	1.072890000000000073e-06	-6.041410000000000362e-07	-5.995419999999999961e-09	1.013290229999999951e+03	3.600000000000000089e+00
1.655087013650194168e+09	1.497869999999999942e-04	1.192099999999999987e-06	-6.041410000000000362e-07	-6.053630000000000322e-09	1.013290390000000002e+03	3.600000000000000089e+00
1.655087015267079592e+09	1.498469999999999902e-04	1.072890000000000073e-06	-6.041410000000000362e-07	-5.995419999999999961e-09	1.013282299999999964e+03	3.600000000000000089e+00
1.655087021894584417e+09	1.496679999999999907e-04	1.192099999999999987e-06	-6.041410000000000362e-07	-6.053630000000000322e-09	1.013242910000000052e+03	3.609999999999999876e+00
1.655087023513194561e+09	1.496090000000000104e-04	1.132499999999999957e-06	-6.041410000000000362e-07	-6.053630000000000322e-09	1.013235919999999965e+03	3.609999999999999876e+00
1.655087025123302937e+09	1.496090000000000104e-04	1.072890000000000073e-06	-6.041410000000000362e-07	-6.053630000000000322e-09	1.013225329999999985e+03	3.609999999999999876e+00
1.655087026743919373e+09	1.494889999999999912e-04	1.132499999999999957e-06	-6.041410000000000362e-07	-5.995419999999999961e-09	1.013197639999999978e+03	3.609999999999999876e+00
1.655087028353238821e+09	1.494889999999999912e-04	1.192099999999999987e-06	-6.041410000000000362e-07	-5.995419999999999961e-09	1.013197890000000029e+03	3.609999999999999876e+00
1.655087029960079432e+09	1.493699999999999878e-04	1.132499999999999957e-06	-6.041410000000000362e-07	-6.053630000000000322e-09	1.013199780000000032e+03	3.609999999999999876e+00
1.655087031566338301e+09	1.493110000000000075e-04	1.132499999999999957e-06	-6.041410000000000362e-07	-6.053630000000000322e-09	1.013175050000000056e+03	3.609999999999999876e+00
1.655087033169171095e+09	1.493699999999999878e-04	1.132499999999999957e-06	-6.041410000000000362e-07	-6.053630000000000322e-09	1.013171519999999987e+03	3.609999999999999876e+00
1.655087034771600962e+09	1.492510000000000115e-04	1.072890000000000073e-06	-6.041410000000000362e-07	-6.053630000000000322e-09	1.013169440000000009e+03	3.609999999999999876e+00
1.655087036382338524e+09	1.492510000000000115e-04	1.132499999999999957e-06	-6.041410000000000362e-07	-5.937209999999999601e-09	1.013153710000000046e+03	3.609999999999999876e+00
1.655087043015915871e+09	1.491320000000000080e-04	1.072890000000000073e-06	-6.041410000000000362e-07	-5.995419999999999961e-09	1.013116089999999986e+03	3.620000000000000107e+00
1.655087044637925386e+09	1.490720000000000120e-04	1.072890000000000073e-06	-6.041410000000000362e-07	-6.053630000000000322e-09	1.013122280000000046e+03	3.620000000000000107e+00
1.655087046247484446e+09	1.490130000000000046e-04	1.192099999999999987e-06	-6.041410000000000362e-07	-5.995419999999999961e-09	1.013093119999999999e+03	3.620000000000000107e+00
1.655087047862050533e+09	1.490130000000000046e-04	1.132499999999999957e-06	-6.041410000000000362e-07	-6.053630000000000322e-09	1.013098579999999970e+03	3.620000000000000107e+00
1.655087049466399908e+09	1.489530000000000086e-04	1.132499999999999957e-06	-6.041410000000000362e-07	-5.995419999999999961e-09	1.013080100000000016e+03	3.620000000000000107e+00
1.655087051088562727e+09	1.488340000000000051e-04	1.132499999999999957e-06	-6.041410000000000362e-07	-5.995419999999999961e-09	1.013077229999999986e+03	3.620000000000000107e+00
1.655087052695892334e+09	1.488340000000000051e-04	1.072890000000000073e-06	-6.041410000000000362e-07	-5.937209999999999601e-09	1.013063830000000053e+03	3.620000000000000107e+00
1.655087054316698551e+09	1.488340000000000051e-04	1.132499999999999957e-06	-6.041410000000000362e-07	-5.995419999999999961e-09	1.013060389999999984e+03	3.620000000000000107e+00
1.655087055923133373e+09	1.487150000000000017e-04	1.072890000000000073e-06	-6.041410000000000362e-07	-6.053630000000000322e-09	1.013038429999999948e+03	3.620000000000000107e+00
1.655087057526700258e+09	1.487150000000000017e-04	1.132499999999999957e-06	-6.041410000000000362e-07	-5.995419999999999961e-09	1.013043180000000007e+03	3.620000000000000107e+00
1.655087064147079229e+09	1.486550000000000057e-04	1.132499999999999957e-06	-6.041410000000000362e-07	-5.995419999999999961e-09	1.012989010000000007e+03	3.629999999999999893e+00
1.655087065757702351e+09	1.485360000000000022e-04	1.132499999999999957e-06	-6.041410000000000362e-07	-5.995419999999999961e-09	1.012981710000000021e+03	3.629999999999999893e+00
1.655087067365632057e+09	1.484760000000000062e-04	1.132499999999999957e-06	-6.041410000000000362e-07	-5.995419999999999961e-09	1.012978269999999952e+03	3.629999999999999893e+00
1.655087068982005835e+09	1.484160000000000102e-04	1.132499999999999957e-06	-6.041410000000000362e-07	-5.995419999999999961e-09	1.012968499999999949e+03	3.629999999999999893e+00
1.655087070588962555e+09	1.484160000000000102e-04	1.192099999999999987e-06	-6.041410000000000362e-07	-5.995419999999999961e-09	1.012968759999999975e+03	3.629999999999999893e+00
1.655087072197988749e+09	1.484160000000000102e-04	1.132499999999999957e-06	-6.041410000000000362e-07	-5.995419999999999961e-09	1.012950730000000021e+03	3.629999999999999893e+00
1.655087073802273512e+09	1.483570000000000028e-04	1.132499999999999957e-06	-6.041410000000000362e-07	-5.995419999999999961e-09	1.012942030000000045e+03	3.629999999999999893e+00
1.655087075402305603e+09	1.482379999999999993e-04	1.072890000000000073e-06	-6.041410000000000362e-07	-6.053630000000000322e-09	1.012940579999999954e+03	3.629999999999999893e+00
1.655087077018962383e+09	1.482379999999999993e-04	1.132499999999999957e-06	-6.041410000000000362e-07	-5.995419999999999961e-09	1.012916550000000029e+03	3.629999999999999893e+00
1.655087078636473417e+09	1.482379999999999993e-04	1.132499999999999957e-06	-6.041410000000000362e-07	-5.995419999999999961e-09	1.012905690000000050e+03	3.629999999999999893e+00
1.655087085273423195e+09	1.479990000000000038e-04	1.132499999999999957e-06	-6.041410000000000362e-07	-5.995419999999999961e-09	1.012882429999999999e+03	3.640000000000000124e+00
1.655087086886983871e+09	1.481180000000000073e-04	1.072890000000000073e-06	-6.041410000000000362e-07	-6.053630000000000322e-09	1.012869879999999966e+03	3.640000000000000124e+00
1.655087088493193626e+09	1.479990000000000038e-04	1.132499999999999957e-06	-6.041410000000000362e-07	-5.995419999999999961e-09	1.012856379999999945e+03	3.640000000000000124e+00
1.655087090093577385e+09	1.478800000000000004e-04	1.132499999999999957e-06	-6.041410000000000362e-07	-5.995419999999999961e-09	1.012849259999999958e+03	3.640000000000000124e+00
1.655087091717386484e+09	1.479399999999999964e-04	1.013290000000000043e-06	-6.041410000000000362e-07	-6.053630000000000322e-09	1.012845059999999989e+03	3.640000000000000124e+00
1.655087093328962803e+09	1.478200000000000043e-04	1.132499999999999957e-06	-6.041410000000000362e-07	-6.053630000000000322e-09	1.012836159999999950e+03	3.640000000000000124e+00
1.655087094941997528e+09	1.478200000000000043e-04	1.132499999999999957e-06	-6.041410000000000362e-07	-6.053630000000000322e-09	1.012830889999999954e+03	3.640000000000000124e+00
1.655087096554062605e+09	1.478200000000000043e-04	1.072890000000000073e-06	-6.041410000000000362e-07	-6.053630000000000322e-09	1.012832440000000020e+03	3.640000000000000124e+00
1.655087098174752474e+09	1.478200000000000043e-04	1.132499999999999957e-06	-6.041410000000000362e-07	-5.995419999999999961e-09	1.012798810000000003e+03	3.640000000000000124e+00
1.655087099782008410e+09	1.476419999999999935e-04	1.013290000000000043e-06	-6.041410000000000362e-07	-5.995419999999999961e-09	1.012805150000000026e+03	3.640000000000000124e+00
1.655087106408037186e+09	1.475220000000000014e-04	1.132499999999999957e-06	-6.041410000000000362e-07	-6.053630000000000322e-09	1.012774689999999964e+03	3.649999999999999911e+00
1.655087108022351265e+09	1.475220000000000014e-04	1.132499999999999957e-06	-6.041410000000000362e-07	-5.995419999999999961e-09	1.012771319999999946e+03	3.649999999999999911e+00
1.655087109630244493e+09	1.474629999999999940e-04	1.132499999999999957e-06	-6.041410000000000362e-07	-6.053630000000000322e-09	1.012752989999999954e+03	3.649999999999999911e+00
1.655087111254306555e+09	1.474029999999999980e-04	1.132499999999999957e-06	-6.041410000000000362e-07	-6.053630000000000322e-09	1.012732759999999985e+03	3.649999999999999911e+00
1.655087112858003855e+09	1.473439999999999906e-04	1.072890000000000073e-06	-6.041410000000000362e-07	-5.995419999999999961e-09	1.012712390000000028e+03	3.649999999999999911e+00
1.655087114477819443e+09	1.473439999999999906e-04	1.013290000000000043e-06	-6.041410000000000362e-07	-5.995419999999999961e-09	1.012736170000000016e+03	3.649999999999999911e+00
1.655087116092437506e+09	1.472839999999999946e-04	1.072890000000000073e-06	-6.041410000000000362e-07	-5.995419999999999961e-09	1.012718139999999948e+03	3.649999999999999911e+00
1.655087117690963030e+09	1.472839999999999946e-04	1.132499999999999957e-06	-6.041410000000000362e-07	-6.053630000000000322e-09	1.012694370000000049e+03	3.649999999999999911e+00
1.655087119300009966e+09	1.472239999999999985e-04	1.132499999999999957e-06	-6.041410000000000362e-07	-5.995419999999999961e-09	1.012676799999999957e+03	3.649999999999999911e+00
1.655087120915441036e+09	1.471649999999999911e-04	1.072890000000000073e-06	-6.041410000000000362e-07	-5.995419999999999961e-09	1.012672180000000026e+03	3.649999999999999911e+00
1.655087127539848089e+09	1.470459999999999877e-04	1.132499999999999957e-06	-6.041410000000000362e-07	-6.053630000000000322e-09	1.012656290000000013e+03	3.660000000000000142e+00
1.655087129150962830e+09	1.469259999999999956e-04	1.072890000000000073e-06	-6.041410000000000362e-07	-5.995419999999999961e-09	1.012632029999999986e+03	3.660000000000000142e+00
1.655087130762191534e+09	1.469259999999999956e-04	1.132499999999999957e-06	-6.041410000000000362e-07	-5.995419999999999961e-09	1.012656870000000026e+03	3.660000000000000142e+00
1.655087132372033596e+09	1.468669999999999882e-04	1.132499999999999957e-06	-6.041410000000000362e-07	-5.937209999999999601e-09	1.012641380000000026e+03	3.660000000000000142e+00
1.655087133990411758e+09	1.468069999999999922e-04	1.132499999999999957e-06	-6.041410000000000362e-07	-5.995419999999999961e-09	1.012607989999999972e+03	3.660000000000000142e+00
1.655087135596561670e+09	1.468069999999999922e-04	1.013290000000000043e-06	-6.041410000000000362e-07	-5.937209999999999601e-09	1.012618200000000002e+03	3.660000000000000142e+00
1.655087137206054926e+09	1.468069999999999922e-04	1.072890000000000073e-06	-6.041410000000000362e-07	-5.995419999999999961e-09	1.012595419999999990e+03	3.660000000000000142e+00
1.655087138819999218e+09	1.467480000000000119e-04	1.132499999999999957e-06	-6.041410000000000362e-07	-6.053630000000000322e-09	1.012587250000000040e+03	3.660000000000000142e+00
1.655087140426397800e+09	1.466879999999999888e-04	1.132499999999999957e-06	-6.041410000000000362e-07	-5.995419999999999961e-09	1.012576999999999998e+03	3.660000000000000142e+00
1.655087142034877300e+09	1.465690000000000124e-04	1.132499999999999957e-06	-6.041410000000000362e-07	-5.995419999999999961e-09	1.012552659999999946e+03	3.660000000000000142e+00
1.655087148674313307e+09	1.464500000000000090e-04	1.072890000000000073e-06	-6.041410000000000362e-07	-5.995419999999999961e-09	1.012536039999999957e+03	3.669999999999999929e+00
1.655087150279002666e+09	1.465089999999999893e-04	1.013290000000000043e-06	-6.041410000000000362e-07	-5.995419999999999961e-09	1.012505350000000021e+03	3.669999999999999929e+00
1.655087151887331247e+09	1.464500000000000090e-04	1.132499999999999957e-06	-6.041410000000000362e-07	-5.995419999999999961e-09	1.012520629999999983e+03	3.669999999999999929e+00
1.655087153496232748e+09	1.463900000000000130e-04	1.132499999999999957e-06	-6.041410000000000362e-07	-5.995419999999999961e-09	1.012488849999999957e+03	3.669999999999999929e+00
1.655087155104866266e+09	1.463299999999999898e-04	1.072890000000000073e-06	-6.041410000000000362e-07	-5.995419999999999961e-09	1.012508780000000002e+03	3.669999999999999929e+00
1.655087156710962772e+09	1.462710000000000095e-04	1.072890000000000073e-06	-6.041410000000000362e-07	-5.995419999999999961e-09	1.012475580000000036e+03	3.669999999999999929e+00
1.655087158320880413e+09	1.462710000000000095e-04	1.132499999999999957e-06	-6.041410000000000362e-07	-6.053630000000000322e-09	1.012481710000000021e+03	3.669999999999999929e+00
1.655087159933940887e+09	1.462110000000000135e-04	1.132499999999999957e-06	-6.041410000000000362e-07	-5.995419999999999961e-09	1.012463830000000030e+03	3.669999999999999929e+00
1.655087161543216228e+09	1.461520000000000061e-04	1.072890000000000073e-06	-6.041410000000000362e-07	-6.053630000000000322e-09	1.012453650000000039e+03	3.669999999999999929e+00
1.655087163150963545e+09	1.461520000000000061e-04	1.013290000000000043e-06	-6.041410000000000362e-07	-6.053630000000000322e-09	1.012448210000000017e+03	3.669999999999999929e+00
1.655087169793955564e+09	1.459730000000000066e-04	1.013290000000000043e-06	-6.041410000000000362e-07	-5.995419999999999961e-09	1.012416370000000029e+03	3.680000000000000160e+00
1.655087171417236328e+09	1.459130000000000106e-04	1.132499999999999957e-06	-6.041410000000000362e-07	-5.995419999999999961e-09	1.012409459999999967e+03	3.680000000000000160e+00
1.655087173017036200e+09	1.458529999999999874e-04	1.072890000000000073e-06	-6.041410000000000362e-07	-5.995419999999999961e-09	1.012400960000000055e+03	3.680000000000000160e+00
1.655087174618290424e+09	1.458529999999999874e-04	1.072890000000000073e-06	-6.041410000000000362e-07	-5.995419999999999961e-09	1.012393659999999954e+03	3.680000000000000160e+00
1.655087176232439756e+09	1.458529999999999874e-04	1.072890000000000073e-06	-6.041410000000000362e-07	-5.995419999999999961e-09	1.012385430000000042e+03	3.680000000000000160e+00
1.655087177844302177e+09	1.457940000000000071e-04	1.072890000000000073e-06	-6.041410000000000362e-07	-5.995419999999999961e-09	1.012367520000000013e+03	3.680000000000000160e+00
1.655087179460883379e+09	1.457340000000000111e-04	1.132499999999999957e-06	-6.041410000000000362e-07	-6.053630000000000322e-09	1.012360930000000053e+03	3.680000000000000160e+00
1.655087181072190285e+09	1.456750000000000037e-04	1.132499999999999957e-06	-6.041410000000000362e-07	-5.995419999999999961e-09	1.012360339999999951e+03	3.680000000000000160e+00
1.655087182685000658e+09	1.456750000000000037e-04	1.072890000000000073e-06	-6.041410000000000362e-07	-5.995419999999999961e-09	1.012327679999999987e+03	3.680000000000000160e+00
1.655087184291387558e+09	1.456150000000000077e-04	1.013290000000000043e-06	-6.041410000000000362e-07	-5.995419999999999961e-09	1.012337409999999977e+03	3.680000000000000160e+00
1.655087190908259392e+09	1.454360000000000082e-04	1.132499999999999957e-06	-6.041410000000000362e-07	-5.995419999999999961e-09	1.012307649999999967e+03	3.689999999999999947e+00
1.655087192518963099e+09	1.453770000000000008e-04	1.072890000000000073e-06	-6.041410000000000362e-07	-6.053630000000000322e-09	1.012297530000000052e+03	3.689999999999999947e+00
1.655087194118101597e+09	1.453770000000000008e-04	1.132499999999999957e-06	-6.041410000000000362e-07	-6.053630000000000322e-09	1.012282320000000027e+03	3.689999999999999947e+00
1.655087195736104488e+09	1.453170000000000048e-04	1.072890000000000073e-06	-6.041410000000000362e-07	-5.995419999999999961e-09	1.012280489999999986e+03	3.689999999999999947e+00
1.655087197344525576e+09	1.453170000000000048e-04	1.013290000000000043e-06	-6.041410000000000362e-07	-5.995419999999999961e-09	1.012271989999999960e+03	3.689999999999999947e+00
1.655087198956063509e+09	1.453170000000000048e-04	1.132499999999999957e-06	-6.041410000000000362e-07	-5.995419999999999961e-09	1.012259490000000028e+03	3.689999999999999947e+00
1.655087200561230183e+09	1.452570000000000087e-04	1.132499999999999957e-06	-6.041410000000000362e-07	-6.053630000000000322e-09	1.012257429999999999e+03	3.689999999999999947e+00
1.655087202174852610e+09	1.451980000000000013e-04	1.072890000000000073e-06	-6.041410000000000362e-07	-5.995419999999999961e-09	1.012242420000000038e+03	3.689999999999999947e+00
1.655087203785527706e+09	1.450789999999999979e-04	1.132499999999999957e-06	-6.041410000000000362e-07	-5.995419999999999961e-09	1.012227629999999976e+03	3.689999999999999947e+00
1.655087205403999805e+09	1.450789999999999979e-04	1.013290000000000043e-06	-6.041410000000000362e-07	-5.995419999999999961e-09	1.012225199999999973e+03	3.689999999999999947e+00
1.655087212029962301e+09	1.449590000000000058e-04	1.013290000000000043e-06	-6.041410000000000362e-07	-5.995419999999999961e-09	1.012188850000000002e+03	3.700000000000000178e+00
1.655087213638386726e+09	1.448999999999999984e-04	1.013290000000000043e-06	-6.041410000000000362e-07	-6.053630000000000322e-09	1.012174369999999954e+03	3.700000000000000178e+00
1.655087215249845266e+09	1.448400000000000024e-04	1.132499999999999957e-06	-6.041410000000000362e-07	-5.995419999999999961e-09	1.012183340000000044e+03	3.700000000000000178e+00
1.655087216859962940e+09	1.447809999999999950e-04	1.072890000000000073e-06	-6.041410000000000362e-07	-6.053630000000000322e-09	1.012167299999999955e+03	3.700000000000000178e+00
1.655087218467952967e+09	1.447809999999999950e-04	1.013290000000000043e-06	-6.041410000000000362e-07	-5.995419999999999961e-09	1.012157150000000001e+03	3.700000000000000178e+00
1.655087220078408480e+09	1.447209999999999989e-04	1.013290000000000043e-06	-6.041410000000000362e-07	-6.053630000000000322e-09	1.012143090000000029e+03	3.700000000000000178e+00
1.655087221685950518e+09	1.446019999999999955e-04	1.132499999999999957e-06	-6.041410000000000362e-07	-5.995419999999999961e-09	1.012135610000000042e+03	3.700000000000000178e+00
1.655087223304482698e+09	1.446019999999999955e-04	1.072890000000000073e-06	-6.041410000000000362e-07	-5.995419999999999961e-09	1.012124710000000050e+03	3.700000000000000178e+00
1.655087224918121576e+09	1.446019999999999955e-04	1.072890000000000073e-06	-6.041410000000000362e-07	-6.053630000000000322e-09	1.012114910000000009e+03	3.700000000000000178e+00
1.655087226538016558e+09	1.446019999999999955e-04	1.072890000000000073e-06	-6.041410000000000362e-07	-5.995419999999999961e-09	1.012113389999999981e+03	3.700000000000000178e+00
1.655087233155567169e+09	1.444229999999999960e-04	1.132499999999999957e-06	-6.041410000000000362e-07	-5.995419999999999961e-09	1.012084119999999984e+03	3.709999999999999964e+00
1.655087234760962963e+09	1.444829999999999921e-04	1.072890000000000073e-06	-6.041410000000000362e-07	-6.053630000000000322e-09	1.012074589999999944e+03	3.709999999999999964e+00
1.655087236370511532e+09	1.443630000000000000e-04	1.072890000000000073e-06	-6.041410000000000362e-07	-5.995419999999999961e-09	1.012054859999999962e+03	3.709999999999999964e+00
1.655087237998107672e+09	1.442439999999999966e-04	1.072890000000000073e-06	-6.041410000000000362e-07	-5.995419999999999961e-09	1.012061320000000023e+03	3.709999999999999964e+00
1.655087239604768753e+09	1.442439999999999966e-04	1.072890000000000073e-06	-6.041410000000000362e-07	-6.053630000000000322e-09	1.012036979999999971e+03	3.709999999999999964e+00
1.655087241218963146e+09	1.441849999999999892e-04	1.013290000000000043e-06	-6.041410000000000362e-07	-5.995419999999999961e-09	1.012032529999999952e+03	3.709999999999999964e+00
1.655087242834166050e+09	1.441849999999999892e-04	1.072890000000000073e-06	-6.041410000000000362e-07	-5.937209999999999601e-09	1.012038620000000037e+03	3.709999999999999964e+00
1.655087244434340715e+09	1.440649999999999971e-04	1.072890000000000073e-06	-6.041410000000000362e-07	-6.053630000000000322e-09	1.012004950000000008e+03	3.709999999999999964e+00
1.655087246040963411e+09	1.440649999999999971e-04	1.072890000000000073e-06	-6.041410000000000362e-07	-5.995419999999999961e-09	1.012010400000000004e+03	3.709999999999999964e+00
1.655087247658267975e+09	1.440649999999999971e-04	1.132499999999999957e-06	-6.041990000000000490e-07	-6.053630000000000322e-09	1.011992949999999951e+03	3.709999999999999964e+00
1.655087254272661209e+09	1.438870000000000134e-04	1.013290000000000043e-06	-6.041410000000000362e-07	-6.053630000000000322e-09	1.011971869999999967e+03	3.720000000000000195e+00
1.655087255885947943e+09	1.438870000000000134e-04	1.013290000000000043e-06	-6.041410000000000362e-07	-6.053630000000000322e-09	1.011949479999999994e+03	3.720000000000000195e+00
1.655087257493009567e+09	1.437669999999999942e-04	1.013290000000000043e-06	-6.041410000000000362e-07	-6.053630000000000322e-09	1.011932860000000005e+03	3.720000000000000195e+00
1.655087259108645916e+09	1.437669999999999942e-04	1.013290000000000043e-06	-6.041410000000000362e-07	-5.995419999999999961e-09	1.011949389999999994e+03	3.720000000000000195e+00
1.655087260723538399e+09	1.437079999999999868e-04	1.072890000000000073e-06	-6.041410000000000362e-07	-5.995419999999999961e-09	1.011919089999999983e+03	3.720000000000000195e+00
1.655087262337689638e+09	1.437079999999999868e-04	1.013290000000000043e-06	-6.041410000000000362e-07	-6.053630000000000322e-09	1.011927410000000009e+03	3.720000000000000195e+00
1.655087263948392391e+09	1.436479999999999908e-04	1.013290000000000043e-06	-6.041410000000000362e-07	-5.937209999999999601e-09	1.011901439999999980e+03	3.720000000000000195e+00
1.655087265562124968e+09	1.436479999999999908e-04	1.072890000000000073e-06	-6.041410000000000362e-07	-5.995419999999999961e-09	1.011906640000000039e+03	3.720000000000000195e+00
1.655087267178284407e+09	1.435890000000000105e-04	1.013290000000000043e-06	-6.041410000000000362e-07	-6.053630000000000322e-09	1.011894350000000031e+03	3.720000000000000195e+00
1.655087268784545422e+09	1.435890000000000105e-04	1.132499999999999957e-06	-6.041410000000000362e-07	-6.053630000000000322e-09	1.011880549999999971e+03	3.720000000000000195e+00
1.655087275405431747e+09	1.433499999999999878e-04	1.072890000000000073e-06	-6.041410000000000362e-07	-5.995419999999999961e-09	1.011839650000000006e+03	3.729999999999999982e+00
1.655087277008962631e+09	1.433499999999999878e-04	1.013290000000000043e-06	-6.041410000000000362e-07	-5.995419999999999961e-09	1.011842849999999999e+03	3.729999999999999982e+00
1.655087278623417377e+09	1.433499999999999878e-04	1.072890000000000073e-06	-6.041410000000000362e-07	-5.937209999999999601e-09	1.011831609999999955e+03	3.729999999999999982e+00
1.655087280232185841e+09	1.432899999999999918e-04	1.013290000000000043e-06	-6.041410000000000362e-07	-5.937209999999999601e-09	1.011801270000000045e+03	3.729999999999999982e+00
1.655087281847033501e+09	1.432899999999999918e-04	1.013290000000000043e-06	-6.041410000000000362e-07	-6.053630000000000322e-09	1.011817850000000021e+03	3.729999999999999982e+00
1.655087283459847927e+09	1.431709999999999884e-04	1.013290000000000043e-06	-6.041410000000000362e-07	-5.995419999999999961e-09	1.011814859999999953e+03	3.729999999999999982e+00
1.655087285074069500e+09	1.431120000000000081e-04	1.072890000000000073e-06	-6.041410000000000362e-07	-5.995419999999999961e-09	1.011789909999999963e+03	3.729999999999999982e+00
1.655087286687719584e+09	1.431120000000000081e-04	1.013290000000000043e-06	-6.041410000000000362e-07	-5.995419999999999961e-09	1.011787119999999959e+03	3.729999999999999982e+00
1.655087288295245171e+09	1.431120000000000081e-04	1.132499999999999957e-06	-6.041410000000000362e-07	-6.053630000000000322e-09	1.011767820000000029e+03	3.729999999999999982e+00
1.655087289901812792e+09	1.431120000000000081e-04	1.013290000000000043e-06	-6.041410000000000362e-07	-5.995419999999999961e-09	1.011781140000000050e+03	3.729999999999999982e+00
1.655087296536897182e+09	1.428730000000000126e-04	1.072890000000000073e-06	-6.041410000000000362e-07	-6.053630000000000322e-09	1.011726130000000012e+03	3.740000000000000213e+00
1.655087298143045664e+09	1.428730000000000126e-04	1.013290000000000043e-06	-6.041410000000000362e-07	-5.995419999999999961e-09	1.011734900000000039e+03	3.740000000000000213e+00
1.655087299754304886e+09	1.428140000000000052e-04	1.132499999999999957e-06	-6.041410000000000362e-07	-5.995419999999999961e-09	1.011718049999999948e+03	3.740000000000000213e+00
1.655087301368269920e+09	1.427540000000000091e-04	1.072890000000000073e-06	-6.041410000000000362e-07	-6.053630000000000322e-09	1.011712089999999989e+03	3.740000000000000213e+00
1.655087302975375891e+09	1.427540000000000091e-04	1.072890000000000073e-06	-6.041410000000000362e-07	-5.995419999999999961e-09	1.011697000000000003e+03	3.740000000000000213e+00
1.655087304577952147e+09	1.426350000000000057e-04	1.013290000000000043e-06	-6.041410000000000362e-07	-5.995419999999999961e-09	1.011687829999999963e+03	3.740000000000000213e+00
1.655087306183855534e+09	1.426350000000000057e-04	1.072890000000000073e-06	-6.041410000000000362e-07	-6.053630000000000322e-09	1.011689529999999991e+03	3.740000000000000213e+00
1.655087307803627253e+09	1.426350000000000057e-04	1.072890000000000073e-06	-6.041410000000000362e-07	-5.995419999999999961e-09	1.011670510000000036e+03	3.740000000000000213e+00
1.655087309418071270e+09	1.426350000000000057e-04	1.013290000000000043e-06	-6.041410000000000362e-07	-5.995419999999999961e-09	1.011638419999999996e+03	3.740000000000000213e+00
1.655087311030184031e+09	1.425160000000000023e-04	1.013290000000000043e-06	-6.041410000000000362e-07	-5.995419999999999961e-09	1.011660200000000032e+03	3.740000000000000213e+00
1.655087317657942772e+09	1.423370000000000028e-04	1.132499999999999957e-06	-6.041410000000000362e-07	-5.995419999999999961e-09	1.011633839999999964e+03	3.750000000000000000e+00
1.655087319278835773e+09	1.423960000000000102e-04	1.132499999999999957e-06	-6.041410000000000362e-07	-6.053630000000000322e-09	1.011625040000000013e+03	3.750000000000000000e+00
1.655087320883649111e+09	1.423370000000000028e-04	1.013290000000000043e-06	-6.041410000000000362e-07	-5.995419999999999961e-09	1.011616200000000049e+03	3.750000000000000000e+00
1.655087322501946926e+09	1.423370000000000028e-04	1.072890000000000073e-06	-6.041410000000000362e-07	-5.995419999999999961e-09	1.011600429999999960e+03	3.750000000000000000e+00
1.655087324109963417e+09	1.422770000000000068e-04	1.013290000000000043e-06	-6.041410000000000362e-07	-6.053630000000000322e-09	1.011609720000000038e+03	3.750000000000000000e+00
1.655087325718962908e+09	1.421580000000000033e-04	1.013290000000000043e-06	-6.041410000000000362e-07	-5.937209999999999601e-09	1.011570240000000013e+03	3.750000000000000000e+00
1.655087327337951899e+09	1.421580000000000033e-04	1.072890000000000073e-06	-6.041410000000000362e-07	-6.053630000000000322e-09	1.011576400000000035e+03	3.750000000000000000e+00
1.655087328947951555e+09	1.420389999999999999e-04	1.072890000000000073e-06	-6.041410000000000362e-07	-6.053630000000000322e-09	1.011574200000000019e+03	3.750000000000000000e+00
1.655087330555337667e+09	1.420980000000000073e-04	1.013290000000000043e-06	-6.041410000000000362e-07	-5.995419999999999961e-09	1.011555129999999963e+03	3.750000000000000000e+00
1.655087332164024115e+09	1.420389999999999999e-04	1.072890000000000073e-06	-6.041410000000000362e-07	-5.995419999999999961e-09	1.011549480000000017e+03	3.750000000000000000e+00
1.655087338791239023e+09	1.418600000000000004e-04	1.013290000000000043e-06	-6.041410000000000362e-07	-5.995419999999999961e-09	1.011525650000000041e+03	3.760000000000000231e+00
1.655087340397952795e+09	1.418000000000000044e-04	9.536820000000000028e-07	-6.041410000000000362e-07	-6.053630000000000322e-09	1.011510650000000055e+03	3.760000000000000231e+00
1.655087342001436949e+09	1.418000000000000044e-04	1.072890000000000073e-06	-6.041410000000000362e-07	-5.937209999999999601e-09	1.011491999999999962e+03	3.760000000000000231e+00
1.655087343617952347e+09	1.417409999999999970e-04	1.013290000000000043e-06	-6.041410000000000362e-07	-5.995419999999999961e-09	1.011509059999999977e+03	3.760000000000000231e+00
1.655087345225976467e+09	1.417409999999999970e-04	1.072890000000000073e-06	-6.041410000000000362e-07	-5.995419999999999961e-09	1.011470209999999952e+03	3.760000000000000231e+00
1.655087346842314959e+09	1.416810000000000009e-04	1.072890000000000073e-06	-6.041410000000000362e-07	-6.053630000000000322e-09	1.011469870000000014e+03	3.760000000000000231e+00
1.655087348451609850e+09	1.416219999999999936e-04	1.132499999999999957e-06	-6.041410000000000362e-07	-5.995419999999999961e-09	1.011469299999999976e+03	3.760000000000000231e+00
1.655087350057952404e+09	1.416219999999999936e-04	1.072890000000000073e-06	-6.041410000000000362e-07	-5.995419999999999961e-09	1.011449389999999994e+03	3.760000000000000231e+00
1.655087351664716482e+09	1.415619999999999975e-04	1.132499999999999957e-06	-6.041410000000000362e-07	-5.995419999999999961e-09	1.011444399999999973e+03	3.760000000000000231e+00
1.655087353275629759e+09	1.415020000000000015e-04	1.072890000000000073e-06	-6.041410000000000362e-07	-6.053630000000000322e-09	1.011446479999999951e+03	3.760000000000000231e+00
1.655087359890962839e+09	1.413829999999999980e-04	1.013290000000000043e-06	-6.041410000000000362e-07	-5.995419999999999961e-09	1.011411129999999957e+03	3.770000000000000018e+00
1.655087361506348848e+09	1.413829999999999980e-04	1.013290000000000043e-06	-6.041410000000000362e-07	-5.995419999999999961e-09	1.011402040000000056e+03	3.770000000000000018e+00
1.655087363126955509e+09	1.413239999999999906e-04	1.072890000000000073e-06	-6.041410000000000362e-07	-6.053630000000000322e-09	1.011373820000000023e+03	3.770000000000000018e+00
1.655087364736608982e+09	1.413239999999999906e-04	1.072890000000000073e-06	-6.041410000000000362e-07	-6.053630000000000322e-09	1.011372079999999983e+03	3.770000000000000018e+00
1.655087366338962317e+09	1.412039999999999986e-04	1.013290000000000043e-06	-6.041410000000000362e-07	-6.053630000000000322e-09	1.011370300000000043e+03	3.770000000000000018e+00
1.655087367947335243e+09	1.412039999999999986e-04	1.072890000000000073e-06	-6.041410000000000362e-07	-5.937209999999999601e-09	1.011375639999999976e+03	3.770000000000000018e+00
1.655087369556538105e+09	1.412039999999999986e-04	1.013290000000000043e-06	-6.041410000000000362e-07	-5.995419999999999961e-09	1.011351720000000000e+03	3.770000000000000018e+00
1.655087371165052414e+09	1.411449999999999912e-04	1.072890000000000073e-06	-6.041410000000000362e-07	-5.995419999999999961e-09	1.011343100000000049e+03	3.770000000000000018e+00
1.655087372776997089e+09	1.410259999999999877e-04	1.013290000000000043e-06	-6.041410000000000362e-07	-5.995419999999999961e-09	1.011353759999999966e+03	3.770000000000000018e+00
1.655087374390170574e+09	1.410849999999999951e-04	1.013290000000000043e-06	-6.041410000000000362e-07	-5.995419999999999961e-09	1.011315219999999954e+03	3.770000000000000018e+00
1.655087381021975756e+09	1.409059999999999957e-04	1.013290000000000043e-06	-6.041410000000000362e-07	-6.053630000000000322e-09	1.011292860000000019e+03	3.780000000000000249e+00
1.655087382620963573e+09	1.408469999999999883e-04	1.013290000000000043e-06	-6.041410000000000362e-07	-5.995419999999999961e-09	1.011286500000000046e+03	3.780000000000000249e+00
1.655087384222826242e+09	1.408469999999999883e-04	1.072890000000000073e-06	-6.041410000000000362e-07	-6.053630000000000322e-09	1.011290700000000015e+03	3.780000000000000249e+00
1.655087385837646246e+09	1.407869999999999922e-04	1.013290000000000043e-06	-6.041410000000000362e-07	-5.995419999999999961e-09	1.011267209999999977e+03	3.780000000000000249e+00
1.655087387443418980e+09	1.407869999999999922e-04	1.013290000000000043e-06	-6.041410000000000362e-07	-6.053630000000000322e-09	1.011260080000000016e+03	3.780000000000000249e+00
1.655087389057958841e+09	1.407269999999999962e-04	1.013290000000000043e-06	-6.040830000000000234e-07	-5.995419999999999961e-09	1.011263130000000046e+03	3.780000000000000249e+00
1.655087390665355682e+09	1.406079999999999928e-04	1.072890000000000073e-06	-6.041410000000000362e-07	-5.995419999999999961e-09	1.011245769999999993e+03	3.780000000000000249e+00
1.655087392276362181e+09	1.406079999999999928e-04	1.013290000000000043e-06	-6.041410000000000362e-07	-6.053630000000000322e-09	1.011236030000000028e+03	3.780000000000000249e+00
1.655087393890826464e+09	1.406079999999999928e-04	1.013290000000000043e-06	-6.041410000000000362e-07	-5.995419999999999961e-09	1.011222020000000043e+03	3.780000000000000249e+00
1.655087395512231588e+09	1.404889999999999893e-04	1.013290000000000043e-06	-6.041410000000000362e-07	-5.995419999999999961e-09	1.011215699999999970e+03	3.780000000000000249e+00
1.655087402141921282e+09	1.403700000000000130e-04	1.013290000000000043e-06	-6.041410000000000362e-07	-5.937209999999999601e-09	1.011183580000000006e+03	3.790000000000000036e+00
1.655087403762296915e+09	1.403700000000000130e-04	1.013290000000000043e-06	-6.041410000000000362e-07	-5.995419999999999961e-09	1.011171759999999949e+03	3.790000000000000036e+00
1.655087405370962620e+09	1.403099999999999898e-04	9.536820000000000028e-07	-6.041410000000000362e-07	-5.995419999999999961e-09	1.011168519999999944e+03	3.790000000000000036e+00
1.655087406974072695e+09	1.403099999999999898e-04	1.072890000000000073e-06	-6.041410000000000362e-07	-6.053630000000000322e-09	1.011171389999999974e+03	3.790000000000000036e+00
1.655087408595503330e+09	1.403099999999999898e-04	1.072890000000000073e-06	-6.041410000000000362e-07	-5.995419999999999961e-09	1.011166429999999991e+03	3.790000000000000036e+00
1.655087410218962193e+09	1.402510000000000096e-04	1.013290000000000043e-06	-6.041410000000000362e-07	-5.995419999999999961e-09	1.011148640000000000e+03	3.790000000000000036e+00
1.655087411824019670e+09	1.401910000000000135e-04	1.013290000000000043e-06	-6.041410000000000362e-07	-5.995419999999999961e-09	1.011147050000000036e+03	3.790000000000000036e+00
1.655087413437055826e+09	1.401910000000000135e-04	1.013290000000000043e-06	-6.041410000000000362e-07	-6.053630000000000322e-09	1.011123270000000048e+03	3.790000000000000036e+00
1.655087415046073914e+09	1.401309999999999904e-04	1.013290000000000043e-06	-6.041410000000000362e-07	-5.995419999999999961e-09	1.011120930000000044e+03	3.790000000000000036e+00
1.655087416658148766e+09	1.400720000000000101e-04	1.132499999999999957e-06	-6.041410000000000362e-07	-5.995419999999999961e-09	1.011107309999999984e+03	3.790000000000000036e+00
1.655087423290969849e+09	1.398329999999999875e-04	1.013290000000000043e-06	-6.041410000000000362e-07	-5.937209999999999601e-09	1.011079709999999977e+03	3.800000000000000266e+00
1.655087424908962011e+09	1.398930000000000106e-04	1.072890000000000073e-06	-6.041410000000000362e-07	-5.995419999999999961e-09	1.011076549999999997e+03	3.800000000000000266e+00
1.655087426522269249e+09	1.398329999999999875e-04	1.013290000000000043e-06	-6.041410000000000362e-07	-5.995419999999999961e-09	1.011062310000000025e+03	3.800000000000000266e+00
1.655087428127952337e+09	1.398329999999999875e-04	9.536820000000000028e-07	-6.041410000000000362e-07	-5.995419999999999961e-09	1.011066289999999981e+03	3.800000000000000266e+00
1.655087429732302904e+09	1.398329999999999875e-04	1.013290000000000043e-06	-6.041410000000000362e-07	-6.053630000000000322e-09	1.011075050000000033e+03	3.800000000000000266e+00
1.655087431346975803e+09	1.397140000000000111e-04	1.013290000000000043e-06	-6.041410000000000362e-07	-5.995419999999999961e-09	1.011034610000000043e+03	3.800000000000000266e+00
1.655087432958340645e+09	1.397140000000000111e-04	1.132499999999999957e-06	-6.041410000000000362e-07	-5.937209999999999601e-09	1.011035529999999994e+03	3.800000000000000266e+00
1.655087434574573517e+09	1.397140000000000111e-04	1.013290000000000043e-06	-6.041410000000000362e-07	-5.995419999999999961e-09	1.011030589999999961e+03	3.800000000000000266e+00
1.655087436185103893e+09	1.396550000000000037e-04	1.013290000000000043e-06	-6.041410000000000362e-07	-5.937209999999999601e-09	1.011028350000000046e+03	3.800000000000000266e+00
1.655087437804372311e+09	1.396550000000000037e-04	9.536820000000000028e-07	-6.041410000000000362e-07	-5.995419999999999961e-09	1.011017270000000053e+03	3.800000000000000266e+00
1.655087444425428629e+09	1.394760000000000043e-04	1.072890000000000073e-06	-6.041410000000000362e-07	-5.995419999999999961e-09	1.010979079999999954e+03	3.810000000000000053e+00
1.655087446039845228e+09	1.393570000000000008e-04	1.013290000000000043e-06	-6.041410000000000362e-07	-5.995419999999999961e-09	1.010983659999999986e+03	3.810000000000000053e+00
1.655087447653913975e+09	1.393570000000000008e-04	1.013290000000000043e-06	-6.041410000000000362e-07	-5.995419999999999961e-09	1.010980729999999994e+03	3.810000000000000053e+00
1.655087449263038158e+09	1.393570000000000008e-04	1.013290000000000043e-06	-6.041410000000000362e-07	-5.995419999999999961e-09	1.010965820000000008e+03	3.810000000000000053e+00
1.655087450867840290e+09	1.393570000000000008e-04	9.536820000000000028e-07	-6.041410000000000362e-07	-5.995419999999999961e-09	1.010945990000000052e+03	3.810000000000000053e+00
1.655087452469161987e+09	1.392370000000000088e-04	1.013290000000000043e-06	-6.041410000000000362e-07	-6.053630000000000322e-09	1.010929409999999962e+03	3.810000000000000053e+00
1.655087454080383778e+09	1.391780000000000014e-04	1.013290000000000043e-06	-6.041410000000000362e-07	-5.995419999999999961e-09	1.010934359999999970e+03	3.810000000000000053e+00
1.655087455690943956e+09	1.391780000000000014e-04	1.013290000000000043e-06	-6.041410000000000362e-07	-5.995419999999999961e-09	1.010936689999999999e+03	3.810000000000000053e+00
1.655087457307168007e+09	1.391780000000000014e-04	1.013290000000000043e-06	-6.041410000000000362e-07	-5.995419999999999961e-09	1.010921060000000011e+03	3.810000000000000053e+00
1.655087458917126894e+09	1.391180000000000053e-04	1.132499999999999957e-06	-6.041410000000000362e-07	-5.995419999999999961e-09	1.010915550000000053e+03	3.810000000000000053e+00
1.655087465553745747e+09	1.389390000000000059e-04	9.536820000000000028e-07	-6.041410000000000362e-07	-6.053630000000000322e-09	1.010874260000000049e+03	3.820000000000000284e+00
1.655087467174404383e+09	1.389390000000000059e-04	1.013290000000000043e-06	-6.041410000000000362e-07	-5.995419999999999961e-09	1.010870340000000056e+03	3.820000000000000284e+00
1.655087468786163807e+09	1.388799999999999985e-04	1.013290000000000043e-06	-6.041410000000000362e-07	-6.053630000000000322e-09	1.010866399999999999e+03	3.820000000000000284e+00
1.655087470396735668e+09	1.389390000000000059e-04	9.536820000000000028e-07	-6.041410000000000362e-07	-6.053630000000000322e-09	1.010851019999999949e+03	3.820000000000000284e+00
1.655087472015918493e+09	1.388200000000000024e-04	1.013290000000000043e-06	-6.041410000000000362e-07	-5.995419999999999961e-09	1.010855230000000006e+03	3.820000000000000284e+00
1.655087473629962921e+09	1.388200000000000024e-04	1.013290000000000043e-06	-6.041410000000000362e-07	-6.053630000000000322e-09	1.010840829999999983e+03	3.820000000000000284e+00
1.655087475237126350e+09	1.387609999999999950e-04	1.013290000000000043e-06	-6.041410000000000362e-07	-5.995419999999999961e-09	1.010828300000000013e+03	3.820000000000000284e+00
1.655087476849837542e+09	1.387009999999999990e-04	1.013290000000000043e-06	-6.041410000000000362e-07	-5.995419999999999961e-09	1.010836580000000026e+03	3.820000000000000284e+00
1.655087478470980883e+09	1.387009999999999990e-04	9.536820000000000028e-07	-6.041410000000000362e-07	-5.995419999999999961e-09	1.010827539999999999e+03	3.820000000000000284e+00
1.655087480080051184e+09	1.386410000000000029e-04	1.013290000000000043e-06	-6.041410000000000362e-07	-5.937209999999999601e-09	1.010808390000000031e+03	3.820000000000000284e+00
1.655087486698306322e+09	1.385219999999999995e-04	9.536820000000000028e-07	-6.041410000000000362e-07	-5.995419999999999961e-09	1.010778479999999945e+03	3.830000000000000071e+00
1.655087488310134411e+09	1.385219999999999995e-04	1.072890000000000073e-06	-6.041410000000000362e-07	-5.995419999999999961e-09	1.010784189999999967e+03	3.830000000000000071e+00
1.655087489918962955e+09	1.384629999999999921e-04	1.072890000000000073e-06	-6.041410000000000362e-07	-5.995419999999999961e-09	1.010770300000000020e+03	3.830000000000000071e+00
1.655087491519963026e+09	1.384629999999999921e-04	1.013290000000000043e-06	-6.041410000000000362e-07	-5.995419999999999961e-09	1.010773069999999962e+03	3.830000000000000071e+00
1.655087493125699043e+09	1.385219999999999995e-04	1.013290000000000043e-06	-6.041410000000000362e-07	-5.995419999999999961e-09	1.010750120000000038e+03	3.830000000000000071e+00
1.655087494748378992e+09	1.384029999999999961e-04	1.072890000000000073e-06	-6.041410000000000362e-07	-5.995419999999999961e-09	1.010754639999999995e+03	3.830000000000000071e+00
1.655087496361019850e+09	1.382839999999999926e-04	1.072890000000000073e-06	-6.041410000000000362e-07	-5.995419999999999961e-09	1.010744649999999979e+03	3.830000000000000071e+00
1.655087497970181227e+09	1.382839999999999926e-04	9.536820000000000028e-07	-6.041410000000000362e-07	-5.995419999999999961e-09	1.010735770000000002e+03	3.830000000000000071e+00
1.655087499581921339e+09	1.382839999999999926e-04	1.013290000000000043e-06	-6.041410000000000362e-07	-5.995419999999999961e-09	1.010710299999999961e+03	3.830000000000000071e+00
1.655087501191280127e+09	1.382239999999999966e-04	9.536820000000000028e-07	-6.041410000000000362e-07	-6.053630000000000322e-09	1.010710940000000051e+03	3.830000000000000071e+00
1.655087507816610098e+09	1.381049999999999932e-04	9.536820000000000028e-07	-6.041410000000000362e-07	-5.995419999999999961e-09	1.010674790000000030e+03	3.839999999999999858e+00
1.655087509427440166e+09	1.380449999999999971e-04	1.072890000000000073e-06	-6.041410000000000362e-07	-6.053630000000000322e-09	1.010701119999999946e+03	3.839999999999999858e+00
1.655087511039857864e+09	1.380449999999999971e-04	1.072890000000000073e-06	-6.041410000000000362e-07	-6.053630000000000322e-09	1.010693499999999972e+03	3.839999999999999858e+00
1.655087512665206671e+09	1.379859999999999897e-04	1.013290000000000043e-06	-6.041410000000000362e-07	-5.995419999999999961e-09	1.010663570000000050e+03	3.839999999999999858e+00
1.655087514281020880e+09	1.379859999999999897e-04	1.013290000000000043e-06	-6.041410000000000362e-07	-6.053630000000000322e-09	1.010660020000000031e+03	3.839999999999999858e+00
1.655087515899836779e+09	1.378659999999999977e-04	9.536820000000000028e-07	-6.041410000000000362e-07	-5.995419999999999961e-09	1.010634869999999978e+03	3.839999999999999858e+00
1.655087517517062426e+09	1.378659999999999977e-04	1.013290000000000043e-06	-6.041990000000000490e-07	-5.995419999999999961e-09	1.010638270000000034e+03	3.839999999999999858e+00
1.655087519135497808e+09	1.378659999999999977e-04	1.072890000000000073e-06	-6.041410000000000362e-07	-5.995419999999999961e-09	1.010630109999999945e+03	3.839999999999999858e+00
1.655087520741943359e+09	1.378069999999999903e-04	9.536820000000000028e-07	-6.041410000000000362e-07	-6.053630000000000322e-09	1.010626240000000053e+03	3.839999999999999858e+00
1.655087522358963728e+09	1.378069999999999903e-04	1.013290000000000043e-06	-6.041410000000000362e-07	-5.995419999999999961e-09	1.010620300000000043e+03	3.839999999999999858e+00
1.655087528983216286e+09	1.376879999999999868e-04	1.013290000000000043e-06	-6.041410000000000362e-07	-5.995419999999999961e-09	1.010597679999999968e+03	3.850000000000000089e+00
1.655087530607720375e+09	1.376279999999999908e-04	1.013290000000000043e-06	-6.041410000000000362e-07	-6.053630000000000322e-09	1.010583539999999971e+03	3.850000000000000089e+00
1.655087532225883245e+09	1.375679999999999948e-04	1.013290000000000043e-06	-6.041410000000000362e-07	-5.995419999999999961e-09	1.010578849999999989e+03	3.850000000000000089e+00
1.655087533845477581e+09	1.375679999999999948e-04	1.013290000000000043e-06	-6.041410000000000362e-07	-6.053630000000000322e-09	1.010569309999999973e+03	3.850000000000000089e+00
1.655087535459963083e+09	1.375089999999999874e-04	1.013290000000000043e-06	-6.041410000000000362e-07	-5.995419999999999961e-09	1.010576019999999971e+03	3.850000000000000089e+00
1.655087537074424267e+09	1.375089999999999874e-04	9.536820000000000028e-07	-6.041410000000000362e-07	-5.995419999999999961e-09	1.010557329999999979e+03	3.850000000000000089e+00
1.655087538681438208e+09	1.374489999999999913e-04	1.013290000000000043e-06	-6.041410000000000362e-07	-5.995419999999999961e-09	1.010551870000000008e+03	3.850000000000000089e+00
1.655087540288507938e+09	1.374489999999999913e-04	1.013290000000000043e-06	-6.041410000000000362e-07	-5.995419999999999961e-09	1.010541200000000003e+03	3.850000000000000089e+00
1.655087541910222054e+09	1.373900000000000110e-04	1.013290000000000043e-06	-6.041410000000000362e-07	-5.995419999999999961e-09	1.010546100000000024e+03	3.850000000000000089e+00
1.655087543519856691e+09	1.373900000000000110e-04	1.013290000000000043e-06	-6.041410000000000362e-07	-5.995419999999999961e-09	1.010533779999999979e+03	3.850000000000000089e+00
1.655087550137690067e+09	1.372699999999999919e-04	1.013290000000000043e-06	-6.041410000000000362e-07	-5.995419999999999961e-09	1.010510629999999992e+03	3.859999999999999876e+00
1.655087551760964155e+09	1.372110000000000116e-04	9.536820000000000028e-07	-6.041410000000000362e-07	-5.995419999999999961e-09	1.010489590000000021e+03	3.859999999999999876e+00
1.655087553364125013e+09	1.372110000000000116e-04	1.013290000000000043e-06	-6.041410000000000362e-07	-6.053630000000000322e-09	1.010486380000000054e+03	3.859999999999999876e+00
1.655087554965809584e+09	1.371509999999999884e-04	1.013290000000000043e-06	-6.041410000000000362e-07	-5.995419999999999961e-09	1.010490300000000047e+03	3.859999999999999876e+00
1.655087556569710493e+09	1.371509999999999884e-04	1.013290000000000043e-06	-6.041410000000000362e-07	-5.995419999999999961e-09	1.010460059999999999e+03	3.859999999999999876e+00
1.655087558187274933e+09	1.370320000000000121e-04	1.013290000000000043e-06	-6.041410000000000362e-07	-5.995419999999999961e-09	1.010473309999999969e+03	3.859999999999999876e+00
1.655087559803036213e+09	1.370320000000000121e-04	1.072890000000000073e-06	-6.041410000000000362e-07	-5.995419999999999961e-09	1.010468470000000025e+03	3.859999999999999876e+00
1.655087561408671379e+09	1.370920000000000081e-04	1.013290000000000043e-06	-6.041410000000000362e-07	-6.053630000000000322e-09	1.010450190000000021e+03	3.859999999999999876e+00
1.655087563022266150e+09	1.369719999999999889e-04	9.536820000000000028e-07	-6.041410000000000362e-07	-6.053630000000000322e-09	1.010453740000000039e+03	3.859999999999999876e+00
1.655087564627115488e+09	1.369130000000000087e-04	9.536820000000000028e-07	-6.041410000000000362e-07	-6.053630000000000322e-09	1.010452070000000049e+03	3.859999999999999876e+00
1.655087571244155407e+09	1.368530000000000126e-04	1.013290000000000043e-06	-6.041410000000000362e-07	-5.995419999999999961e-09	1.010412850000000049e+03	3.870000000000000107e+00
1.655087572852975368e+09	1.368530000000000126e-04	1.013290000000000043e-06	-6.041990000000000490e-07	-5.995419999999999961e-09	1.010394829999999956e+03	3.870000000000000107e+00
1.655087574465646267e+09	1.367940000000000052e-04	1.013290000000000043e-06	-6.041410000000000362e-07	-6.053630000000000322e-09	1.010403720000000021e+03	3.870000000000000107e+00
1.655087576076576710e+09	1.367340000000000092e-04	9.536820000000000028e-07	-6.041990000000000490e-07	-5.937209999999999601e-09	1.010404729999999972e+03	3.870000000000000107e+00
1.655087577680934906e+09	1.366740000000000131e-04	1.013290000000000043e-06	-6.041990000000000490e-07	-6.053630000000000322e-09	1.010386120000000005e+03	3.870000000000000107e+00
1.655087579300300360e+09	1.366740000000000131e-04	9.536820000000000028e-07	-6.041990000000000490e-07	-6.053630000000000322e-09	1.010376909999999953e+03	3.870000000000000107e+00
1.655087580914293051e+09	1.366150000000000057e-04	1.013290000000000043e-06	-6.041410000000000362e-07	-5.937209999999999601e-09	1.010367409999999950e+03	3.870000000000000107e+00
1.655087582525344372e+09	1.366740000000000131e-04	1.013290000000000043e-06	-6.041410000000000362e-07	-5.995419999999999961e-09	1.010371750000000020e+03	3.870000000000000107e+00
1.655087584136032820e+09	1.366150000000000057e-04	1.013290000000000043e-06	-6.041990000000000490e-07	-5.995419999999999961e-09	1.010357719999999972e+03	3.870000000000000107e+00
1.655087585741329908e+09	1.365550000000000097e-04	9.536820000000000028e-07	-6.041990000000000490e-07	-5.995419999999999961e-09	1.010359500000000025e+03	3.870000000000000107e+00
1.655087592367117882e+09	1.364360000000000063e-04	1.013290000000000043e-06	-6.041990000000000490e-07	-6.053630000000000322e-09	1.010327250000000049e+03	3.879999999999999893e+00
1.655087593975666285e+09	1.364360000000000063e-04	1.013290000000000043e-06	-6.041410000000000362e-07	-5.995419999999999961e-09	1.010313250000000039e+03	3.879999999999999893e+00
1.655087595601963043e+09	1.363170000000000028e-04	1.013290000000000043e-06	-6.041990000000000490e-07	-6.053630000000000322e-09	1.010327679999999987e+03	3.879999999999999893e+00
1.655087597210182428e+09	1.363760000000000102e-04	1.013290000000000043e-06	-6.041990000000000490e-07	-6.053630000000000322e-09	1.010311760000000049e+03	3.879999999999999893e+00
1.655087598819668055e+09	1.363170000000000028e-04	1.013290000000000043e-06	-6.041410000000000362e-07	-5.995419999999999961e-09	1.010291879999999992e+03	3.879999999999999893e+00
1.655087600436214209e+09	1.362570000000000068e-04	1.013290000000000043e-06	-6.041410000000000362e-07	-6.053630000000000322e-09	1.010288450000000012e+03	3.879999999999999893e+00
1.655087602052191019e+09	1.362570000000000068e-04	1.013290000000000043e-06	-6.041410000000000362e-07	-6.053630000000000322e-09	1.010332369999999969e+03	3.879999999999999893e+00
1.655087603672784567e+09	1.361979999999999994e-04	1.013290000000000043e-06	-6.041410000000000362e-07	-5.995419999999999961e-09	1.010299669999999992e+03	3.879999999999999893e+00
1.655087605286862373e+09	1.361979999999999994e-04	1.013290000000000043e-06	-6.041410000000000362e-07	-6.053630000000000322e-09	1.010293249999999944e+03	3.879999999999999893e+00
1.655087606907952309e+09	1.361380000000000034e-04	1.013290000000000043e-06	-6.041410000000000362e-07	-5.995419999999999961e-09	1.010274279999999976e+03	3.879999999999999893e+00
1.655087613537242413e+09	1.360189999999999999e-04	1.013290000000000043e-06	-6.041410000000000362e-07	-5.995419999999999961e-09	1.010253929999999968e+03	3.890000000000000124e+00
1.655087615146752119e+09	1.360189999999999999e-04	1.013290000000000043e-06	-6.041990000000000490e-07	-5.995419999999999961e-09	1.010232499999999959e+03	3.890000000000000124e+00
1.655087616760111332e+09	1.359590000000000039e-04	1.013290000000000043e-06	-6.041410000000000362e-07	-5.995419999999999961e-09	1.010241430000000037e+03	3.890000000000000124e+00
1.655087618366623402e+09	1.360189999999999999e-04	1.013290000000000043e-06	-6.041990000000000490e-07	-6.053630000000000322e-09	1.010235720000000015e+03	3.890000000000000124e+00
1.655087619979963541e+09	1.359590000000000039e-04	1.013290000000000043e-06	-6.041410000000000362e-07	-5.995419999999999961e-09	1.010212949999999978e+03	3.890000000000000124e+00
1.655087621590962887e+09	1.358999999999999965e-04	9.536820000000000028e-07	-6.041410000000000362e-07	-5.995419999999999961e-09	1.010202829999999949e+03	3.890000000000000124e+00
1.655087623208962679e+09	1.358400000000000005e-04	9.536820000000000028e-07	-6.041410000000000362e-07	-6.053630000000000322e-09	1.010206220000000030e+03	3.890000000000000124e+00
1.655087624824858904e+09	1.358400000000000005e-04	1.013290000000000043e-06	-6.041410000000000362e-07	-6.053630000000000322e-09	1.010193939999999998e+03	3.890000000000000124e+00
1.655087626430842876e+09	1.357800000000000044e-04	1.013290000000000043e-06	-6.041410000000000362e-07	-5.995419999999999961e-09	1.010187390000000050e+03	3.890000000000000124e+00
1.655087628042322397e+09	1.357800000000000044e-04	1.013290000000000043e-06	-6.041410000000000362e-07	-5.995419999999999961e-09	1.010187289999999962e+03	3.890000000000000124e+00
1.655087634677752495e+09	1.356010000000000050e-04	1.013290000000000043e-06	-6.041410000000000362e-07	-6.053630000000000322e-09	1.010146799999999985e+03	3.899999999999999911e+00
1.655087636294334650e+09	1.355419999999999976e-04	8.940730000000000413e-07	-6.041410000000000362e-07	-5.995419999999999961e-09	1.010151179999999954e+03	3.899999999999999911e+00
1.655087637909325600e+09	1.356010000000000050e-04	9.536820000000000028e-07	-6.041410000000000362e-07	-5.995419999999999961e-09	1.010140400000000000e+03	3.899999999999999911e+00
1.655087639514293671e+09	1.356010000000000050e-04	1.013290000000000043e-06	-6.041990000000000490e-07	-5.995419999999999961e-09	1.010143339999999966e+03	3.899999999999999911e+00
1.655087641126220942e+09	1.356010000000000050e-04	1.013290000000000043e-06	-6.041410000000000362e-07	-6.053630000000000322e-09	1.010134159999999952e+03	3.899999999999999911e+00
1.655087642734479189e+09	1.354820000000000015e-04	1.013290000000000043e-06	-6.041990000000000490e-07	-6.053630000000000322e-09	1.010125469999999950e+03	3.899999999999999911e+00
1.655087644356058598e+09	1.355419999999999976e-04	1.013290000000000043e-06	-6.041410000000000362e-07	-6.053630000000000322e-09	1.010124260000000049e+03	3.899999999999999911e+00
1.655087645956442356e+09	1.354820000000000015e-04	9.536820000000000028e-07	-6.041410000000000362e-07	-5.937209999999999601e-09	1.010117030000000000e+03	3.899999999999999911e+00
1.655087647567449570e+09	1.353629999999999981e-04	9.536820000000000028e-07	-6.041990000000000490e-07	-5.995419999999999961e-09	1.010093420000000037e+03	3.899999999999999911e+00
1.655087649177417994e+09	1.354229999999999941e-04	9.536820000000000028e-07	-6.041410000000000362e-07	-5.995419999999999961e-09	1.010108110000000011e+03	3.899999999999999911e+00
1.655087655798561335e+09	1.352439999999999946e-04	1.013290000000000043e-06	-6.041990000000000490e-07	-6.053630000000000322e-09	1.010084579999999960e+03	3.910000000000000142e+00
1.655087657407690048e+09	1.353030000000000020e-04	1.013290000000000043e-06	-6.041990000000000490e-07	-5.995419999999999961e-09	1.010069219999999973e+03	3.910000000000000142e+00
1.655087659010996819e+09	1.352439999999999946e-04	9.536820000000000028e-07	-6.041410000000000362e-07	-5.995419999999999961e-09	1.010065439999999967e+03	3.910000000000000142e+00
1.655087660620963335e+09	1.351839999999999986e-04	1.013290000000000043e-06	-6.041990000000000490e-07	-5.995419999999999961e-09	1.010074650000000020e+03	3.910000000000000142e+00
1.655087662234850645e+09	1.351839999999999986e-04	9.536820000000000028e-07	-6.041990000000000490e-07	-5.995419999999999961e-09	1.010054300000000012e+03	3.910000000000000142e+00
1.655087663854218721e+09	1.351839999999999986e-04	1.013290000000000043e-06	-6.041410000000000362e-07	-6.053630000000000322e-09	1.010053419999999960e+03	3.910000000000000142e+00
1.655087665467166185e+09	1.351249999999999912e-04	1.013290000000000043e-06	-6.041990000000000490e-07	-5.995419999999999961e-09	1.010042199999999980e+03	3.910000000000000142e+00
1.655087667086645603e+09	1.350649999999999952e-04	1.013290000000000043e-06	-6.041990000000000490e-07	-5.995419999999999961e-09	1.010033239999999978e+03	3.910000000000000142e+00
1.655087668703351259e+09	1.350649999999999952e-04	9.536820000000000028e-07	-6.041410000000000362e-07	-5.995419999999999961e-09	1.010025859999999966e+03	3.910000000000000142e+00
1.655087670314495087e+09	1.350049999999999991e-04	1.013290000000000043e-06	-6.041410000000000362e-07	-5.937209999999999601e-09	1.010023260000000050e+03	3.910000000000000142e+00
1.655087676943246365e+09	1.348859999999999957e-04	1.013290000000000043e-06	-6.041410000000000362e-07	-5.995419999999999961e-09	1.009992070000000012e+03	3.919999999999999929e+00
1.655087678557658195e+09	1.348859999999999957e-04	1.013290000000000043e-06	-6.041990000000000490e-07	-5.995419999999999961e-09	1.009984670000000051e+03	3.919999999999999929e+00
1.655087680162044525e+09	1.348859999999999957e-04	1.013290000000000043e-06	-6.041410000000000362e-07	-5.995419999999999961e-09	1.009994689999999991e+03	3.919999999999999929e+00
1.655087681780963659e+09	1.347669999999999923e-04	1.013290000000000043e-06	-6.041410000000000362e-07	-5.995419999999999961e-09	1.009992920000000026e+03	3.919999999999999929e+00
1.655087683397105217e+09	1.347069999999999962e-04	1.013290000000000043e-06	-6.041990000000000490e-07	-5.995419999999999961e-09	1.009976769999999988e+03	3.919999999999999929e+00
1.655087684998976231e+09	1.347069999999999962e-04	9.536820000000000028e-07	-6.041410000000000362e-07	-6.053630000000000322e-09	1.009953909999999951e+03	3.919999999999999929e+00
1.655087686618138552e+09	1.347069999999999962e-04	9.536820000000000028e-07	-6.041990000000000490e-07	-5.995419999999999961e-09	1.009978389999999990e+03	3.919999999999999929e+00
1.655087688233522654e+09	1.347069999999999962e-04	9.536820000000000028e-07	-6.041990000000000490e-07	-5.995419999999999961e-09	1.009965500000000020e+03	3.919999999999999929e+00
1.655087689840177298e+09	1.346479999999999888e-04	9.536820000000000028e-07	-6.041410000000000362e-07	-6.053630000000000322e-09	1.009951839999999947e+03	3.919999999999999929e+00
1.655087691444299459e+09	1.346479999999999888e-04	1.013290000000000043e-06	-6.041410000000000362e-07	-6.053630000000000322e-09	1.009944610000000011e+03	3.919999999999999929e+00
1.655087698070823193e+09	1.345879999999999928e-04	1.013290000000000043e-06	-6.041410000000000362e-07	-6.053630000000000322e-09	1.009929049999999961e+03	3.930000000000000160e+00
1.655087699696414471e+09	1.345290000000000125e-04	1.013290000000000043e-06	-6.041410000000000362e-07	-5.995419999999999961e-09	1.009922739999999976e+03	3.930000000000000160e+00
1.655087701306430101e+09	1.344689999999999894e-04	1.013290000000000043e-06	-6.041410000000000362e-07	-6.053630000000000322e-09	1.009900830000000042e+03	3.930000000000000160e+00
1.655087702920963764e+09	1.344689999999999894e-04	9.536820000000000028e-07	-6.041410000000000362e-07	-6.053630000000000322e-09	1.009919359999999983e+03	3.930000000000000160e+00
1.655087704537890673e+09	1.343500000000000130e-04	8.940730000000000413e-07	-6.041410000000000362e-07	-6.053630000000000322e-09	1.009909260000000017e+03	3.930000000000000160e+00
1.655087706152661562e+09	1.343500000000000130e-04	9.536820000000000028e-07	-6.041410000000000362e-07	-5.995419999999999961e-09	1.009892820000000029e+03	3.930000000000000160e+00
1.655087707774273634e+09	1.343500000000000130e-04	1.013290000000000043e-06	-6.041410000000000362e-07	-5.995419999999999961e-09	1.009881750000000011e+03	3.930000000000000160e+00
1.655087709378962755e+09	1.342899999999999899e-04	1.013290000000000043e-06	-6.041410000000000362e-07	-6.053630000000000322e-09	1.009883519999999976e+03	3.930000000000000160e+00
1.655087710986472607e+09	1.342899999999999899e-04	1.013290000000000043e-06	-6.041410000000000362e-07	-5.995419999999999961e-09	1.009875700000000052e+03	3.930000000000000160e+00
1.655087712600964785e+09	1.343500000000000130e-04	9.536820000000000028e-07	-6.041410000000000362e-07	-5.995419999999999961e-09	1.009855580000000032e+03	3.930000000000000160e+00
1.655087719238996267e+09	1.341709999999999865e-04	1.013290000000000043e-06	-6.041410000000000362e-07	-5.995419999999999961e-09	1.009851310000000012e+03	3.939999999999999947e+00
1.655087720845453501e+09	1.341709999999999865e-04	9.536820000000000028e-07	-6.041410000000000362e-07	-6.053630000000000322e-09	1.009844630000000052e+03	3.939999999999999947e+00
1.655087722460963488e+09	1.341709999999999865e-04	9.536820000000000028e-07	-6.041410000000000362e-07	-6.053630000000000322e-09	1.009834719999999948e+03	3.939999999999999947e+00
1.655087724068962097e+09	1.340520000000000101e-04	1.013290000000000043e-06	-6.041410000000000362e-07	-5.995419999999999961e-09	1.009820489999999950e+03	3.939999999999999947e+00
1.655087725683337688e+09	1.340520000000000101e-04	1.013290000000000043e-06	-6.041410000000000362e-07	-6.053630000000000322e-09	1.009822400000000016e+03	3.939999999999999947e+00
1.655087727297401667e+09	1.339919999999999870e-04	9.536820000000000028e-07	-6.041990000000000490e-07	-5.995419999999999961e-09	1.009815990000000056e+03	3.939999999999999947e+00
1.655087728908171415e+09	1.340520000000000101e-04	1.013290000000000043e-06	-6.041990000000000490e-07	-5.995419999999999961e-09	1.009819219999999973e+03	3.939999999999999947e+00
1.655087730508962631e+09	1.340520000000000101e-04	1.013290000000000043e-06	-6.041990000000000490e-07	-6.053630000000000322e-09	1.009793559999999957e+03	3.939999999999999947e+00
1.655087732118981123e+09	1.339919999999999870e-04	1.013290000000000043e-06	-6.041990000000000490e-07	-6.053630000000000322e-09	1.009792230000000018e+03	3.939999999999999947e+00
1.655087733737217426e+09	1.339330000000000067e-04	9.536820000000000028e-07	-6.041410000000000362e-07	-6.053630000000000322e-09	1.009802050000000008e+03	3.939999999999999947e+00
1.655087740373899221e+09	1.338730000000000107e-04	9.536820000000000028e-07	-6.041410000000000362e-07	-5.995419999999999961e-09	1.009769430000000057e+03	3.950000000000000178e+00
1.655087741984513283e+09	1.338129999999999875e-04	9.536820000000000028e-07	-6.041410000000000362e-07	-6.053630000000000322e-09	1.009754940000000033e+03	3.950000000000000178e+00
1.655087743605077505e+09	1.337540000000000072e-04	1.013290000000000043e-06	-6.041410000000000362e-07	-5.995419999999999961e-09	1.009754469999999969e+03	3.950000000000000178e+00
1.655087745223813295e+09	1.337540000000000072e-04	1.013290000000000043e-06	-6.041410000000000362e-07	-5.995419999999999961e-09	1.009755210000000034e+03	3.950000000000000178e+00
1.655087746831962824e+09	1.337540000000000072e-04	1.013290000000000043e-06	-6.041990000000000490e-07	-5.995419999999999961e-09	1.009752510000000029e+03	3.950000000000000178e+00
1.655087748448962927e+09	1.336940000000000112e-04	9.536820000000000028e-07	-6.041990000000000490e-07	-5.995419999999999961e-09	1.009747359999999958e+03	3.950000000000000178e+00
1.655087750050940514e+09	1.336350000000000038e-04	1.013290000000000043e-06	-6.041990000000000490e-07	-5.995419999999999961e-09	1.009748010000000022e+03	3.950000000000000178e+00
1.655087751669840574e+09	1.336350000000000038e-04	9.536820000000000028e-07	-6.041410000000000362e-07	-5.995419999999999961e-09	1.009748039999999946e+03	3.950000000000000178e+00
1.655087753292017698e+09	1.336350000000000038e-04	1.013290000000000043e-06	-6.041990000000000490e-07	-6.053630000000000322e-09	1.009734919999999988e+03	3.950000000000000178e+00
1.655087754900962830e+09	1.335750000000000077e-04	1.013290000000000043e-06	-6.041990000000000490e-07	-6.053630000000000322e-09	1.009724529999999959e+03	3.950000000000000178e+00
1.655087761524299860e+09	1.335150000000000117e-04	9.536820000000000028e-07	-6.041410000000000362e-07	-5.995419999999999961e-09	1.009689660000000003e+03	3.959999999999999964e+00
1.655087763148962259e+09	1.334560000000000043e-04	9.536820000000000028e-07	-6.041990000000000490e-07	-5.995419999999999961e-09	1.009698099999999954e+03	3.959999999999999964e+00
1.655087764762277603e+09	1.334560000000000043e-04	9.536820000000000028e-07	-6.041990000000000490e-07	-6.053630000000000322e-09	1.009696980000000053e+03	3.959999999999999964e+00
1.655087766367953062e+09	1.334560000000000043e-04	9.536820000000000028e-07	-6.041990000000000490e-07	-6.053630000000000322e-09	1.009675050000000056e+03	3.959999999999999964e+00
1.655087767977060795e+09	1.334560000000000043e-04	9.536820000000000028e-07	-6.041990000000000490e-07	-5.995419999999999961e-09	1.009672360000000026e+03	3.959999999999999964e+00
1.655087769582370281e+09	1.333370000000000009e-04	1.013290000000000043e-06	-6.041990000000000490e-07	-5.995419999999999961e-09	1.009675420000000031e+03	3.959999999999999964e+00
1.655087771194685221e+09	1.333370000000000009e-04	8.940730000000000413e-07	-6.041990000000000490e-07	-5.995419999999999961e-09	1.009672900000000027e+03	3.959999999999999964e+00
1.655087772799927235e+09	1.332770000000000048e-04	9.536820000000000028e-07	-6.041990000000000490e-07	-5.995419999999999961e-09	1.009661870000000022e+03	3.959999999999999964e+00
1.655087774414624691e+09	1.332770000000000048e-04	1.013290000000000043e-06	-6.041990000000000490e-07	-6.053630000000000322e-09	1.009658390000000054e+03	3.959999999999999964e+00
1.655087776029963017e+09	1.332170000000000088e-04	9.536820000000000028e-07	-6.041990000000000490e-07	-6.053630000000000322e-09	1.009631729999999948e+03	3.959999999999999964e+00
1.655087782645117760e+09	1.332170000000000088e-04	1.013290000000000043e-06	-6.041990000000000490e-07	-5.995419999999999961e-09	1.009620480000000043e+03	3.970000000000000195e+00
1.655087784250842810e+09	1.330980000000000054e-04	9.536820000000000028e-07	-6.041990000000000490e-07	-6.053630000000000322e-09	1.009625279999999975e+03	3.970000000000000195e+00
1.655087785856364489e+09	1.330980000000000054e-04	9.536820000000000028e-07	-6.041410000000000362e-07	-5.995419999999999961e-09	1.009602359999999976e+03	3.970000000000000195e+00
1.655087787474522352e+09	1.330980000000000054e-04	1.013290000000000043e-06	-6.041990000000000490e-07	-6.053630000000000322e-09	1.009609330000000000e+03	3.970000000000000195e+00
1.655087789077014923e+09	1.331580000000000014e-04	9.536820000000000028e-07	-6.041990000000000490e-07	-6.053630000000000322e-09	1.009607340000000022e+03	3.970000000000000195e+00
1.655087790682511568e+09	1.330380000000000093e-04	9.536820000000000028e-07	-6.041990000000000490e-07	-5.995419999999999961e-09	1.009604410000000030e+03	3.970000000000000195e+00
1.655087792293869972e+09	1.329790000000000019e-04	9.536820000000000028e-07	-6.041990000000000490e-07	-6.053630000000000322e-09	1.009587279999999964e+03	3.970000000000000195e+00
1.655087793896304131e+09	1.329790000000000019e-04	1.013290000000000043e-06	-6.041410000000000362e-07	-5.995419999999999961e-09	1.009593420000000037e+03	3.970000000000000195e+00
1.655087795515442133e+09	1.329790000000000019e-04	1.013290000000000043e-06	-6.041990000000000490e-07	-5.995419999999999961e-09	1.009574889999999982e+03	3.970000000000000195e+00
1.655087797127731085e+09	1.329190000000000059e-04	9.536820000000000028e-07	-6.041990000000000490e-07	-5.995419999999999961e-09	1.009572620000000029e+03	3.970000000000000195e+00
1.655087803765807152e+09	1.328000000000000025e-04	9.536820000000000028e-07	-6.041990000000000490e-07	-5.995419999999999961e-09	1.009564300000000003e+03	3.979999999999999982e+00
1.655087805384523153e+09	1.328000000000000025e-04	8.940730000000000413e-07	-6.041410000000000362e-07	-5.995419999999999961e-09	1.009551540000000045e+03	3.979999999999999982e+00
1.655087806994320393e+09	1.327400000000000064e-04	9.536820000000000028e-07	-6.041990000000000490e-07	-6.053630000000000322e-09	1.009538180000000011e+03	3.979999999999999982e+00
1.655087808600178242e+09	1.326809999999999990e-04	8.940730000000000413e-07	-6.041410000000000362e-07	-6.053630000000000322e-09	1.009547550000000001e+03	3.979999999999999982e+00
1.655087810210963249e+09	1.327400000000000064e-04	1.013290000000000043e-06	-6.041990000000000490e-07	-5.995419999999999961e-09	1.009541169999999966e+03	3.979999999999999982e+00
1.655087811826304436e+09	1.326809999999999990e-04	9.536820000000000028e-07	-6.041990000000000490e-07	-6.053630000000000322e-09	1.009530499999999961e+03	3.979999999999999982e+00
1.655087813448041677e+09	1.326809999999999990e-04	9.536820000000000028e-07	-6.041990000000000490e-07	-6.053630000000000322e-09	1.009523429999999962e+03	3.979999999999999982e+00
1.655087815058886766e+09	1.326210000000000030e-04	9.536820000000000028e-07	-6.041990000000000490e-07	-6.053630000000000322e-09	1.009524940000000015e+03	3.979999999999999982e+00
1.655087816665096998e+09	1.326210000000000030e-04	9.536820000000000028e-07	-6.041990000000000490e-07	-5.995419999999999961e-09	1.009507339999999999e+03	3.979999999999999982e+00
1.655087818269155025e+09	1.326809999999999990e-04	8.940730000000000413e-07	-6.041990000000000490e-07	-5.995419999999999961e-09	1.009497370000000046e+03	3.979999999999999982e+00
1.655087824889833927e+09	1.324420000000000035e-04	1.013290000000000043e-06	-6.041990000000000490e-07	-6.053630000000000322e-09	1.009479519999999980e+03	3.990000000000000213e+00
1.655087826499968529e+09	1.324420000000000035e-04	1.013290000000000043e-06	-6.041990000000000490e-07	-6.053630000000000322e-09	1.009474219999999946e+03	3.990000000000000213e+00
1.655087828125977278e+09	1.324420000000000035e-04	9.536820000000000028e-07	-6.041990000000000490e-07	-5.995419999999999961e-09	1.009497550000000047e+03	3.990000000000000213e+00
1.655087829744201899e+09	1.324420000000000035e-04	9.536820000000000028e-07	-6.041990000000000490e-07	-5.995419999999999961e-09	1.009457040000000006e+03	3.990000000000000213e+00
1.655087831353727579e+09	1.323829999999999961e-04	1.013290000000000043e-06	-6.041990000000000490e-07	-5.995419999999999961e-09	1.009467350000000010e+03	3.990000000000000213e+00
1.655087832976994276e+09	1.323829999999999961e-04	1.013290000000000043e-06	-6.041990000000000490e-07	-6.053630000000000322e-09	1.009460109999999986e+03	3.990000000000000213e+00
1.655087834574492931e+09	1.323230000000000001e-04	9.536820000000000028e-07	-6.041990000000000490e-07	-6.053630000000000322e-09	1.009461549999999988e+03	3.990000000000000213e+00
1.655087836184018850e+09	1.323230000000000001e-04	9.536820000000000028e-07	-6.041990000000000490e-07	-5.995419999999999961e-09	1.009451009999999997e+03	3.990000000000000213e+00
1.655087837788962841e+09	1.323230000000000001e-04	9.536820000000000028e-07	-6.041990000000000490e-07	-5.995419999999999961e-09	1.009455209999999965e+03	3.990000000000000213e+00
1.655087839400034666e+09	1.322639999999999927e-04	1.013290000000000043e-06	-6.041410000000000362e-07	-6.053630000000000322e-09	1.009437980000000039e+03	3.990000000000000213e+00
1.655087846034426928e+09	1.322039999999999966e-04	9.536820000000000028e-07	-6.041990000000000490e-07	-5.995419999999999961e-09	1.009417760000000044e+03	4.000000000000000000e+00
1.655087847651987791e+09	1.321440000000000006e-04	9.536820000000000028e-07	-6.041410000000000362e-07	-6.053630000000000322e-09	1.009413339999999948e+03	4.000000000000000000e+00
1.655087849268952608e+09	1.321440000000000006e-04	9.536820000000000028e-07	-6.041410000000000362e-07	-5.995419999999999961e-09	1.009414880000000039e+03	4.000000000000000000e+00
1.655087850887275934e+09	1.321440000000000006e-04	1.013290000000000043e-06	-6.041410000000000362e-07	-6.053630000000000322e-09	1.009417760000000044e+03	4.000000000000000000e+00
1.655087852499947548e+09	1.320849999999999932e-04	1.013290000000000043e-06	-6.041990000000000490e-07	-5.995419999999999961e-09	1.009410600000000045e+03	4.000000000000000000e+00
1.655087854108759403e+09	1.320849999999999932e-04	8.940730000000000413e-07	-6.041410000000000362e-07	-5.995419999999999961e-09	1.009380509999999958e+03	4.000000000000000000e+00
1.655087855713311434e+09	1.320849999999999932e-04	9.536820000000000028e-07	-6.041990000000000490e-07	-5.995419999999999961e-09	1.009400629999999978e+03	4.000000000000000000e+00
1.655087857318152428e+09	1.320249999999999972e-04	9.536820000000000028e-07	-6.041990000000000490e-07	-5.995419999999999961e-09	1.009385260000000017e+03	4.000000000000000000e+00
1.655087858933955669e+09	1.320249999999999972e-04	9.536820000000000028e-07	-6.041990000000000490e-07	-5.995419999999999961e-09	1.009382079999999974e+03	4.000000000000000000e+00
1.655087860548963070e+09	1.319059999999999937e-04	9.536820000000000028e-07	-6.041990000000000490e-07	-6.053630000000000322e-09	1.009358640000000037e+03	4.000000000000000000e+00
